mode: set
github.com/23skdu/longbow/internal/store/internal/core/arrow_adaptive_ef.go:8.54,12.26 2 1
github.com/23skdu/longbow/internal/store/internal/core/arrow_adaptive_ef.go:12.26,14.3 1 1
github.com/23skdu/longbow/internal/store/internal/core/arrow_adaptive_ef.go:17.2,18.16 2 1
github.com/23skdu/longbow/internal/store/internal/core/arrow_adaptive_ef.go:18.16,20.17 2 1
github.com/23skdu/longbow/internal/store/internal/core/arrow_adaptive_ef.go:20.17,22.4 1 1
github.com/23skdu/longbow/internal/store/internal/core/arrow_adaptive_ef.go:26.2,27.20 2 1
github.com/23skdu/longbow/internal/store/internal/core/arrow_adaptive_ef.go:27.20,29.23 2 1
github.com/23skdu/longbow/internal/store/internal/core/arrow_adaptive_ef.go:29.23,31.4 1 1
github.com/23skdu/longbow/internal/store/internal/core/arrow_adaptive_ef.go:35.2,35.27 1 1
github.com/23skdu/longbow/internal/store/internal/core/arrow_adaptive_ef.go:35.27,39.3 3 1
github.com/23skdu/longbow/internal/store/internal/core/arrow_adaptive_ef.go:42.2,42.15 1 1
github.com/23skdu/longbow/internal/store/internal/core/arrow_graph_metrics.go:26.49,41.33 7 1
github.com/23skdu/longbow/internal/store/internal/core/arrow_graph_metrics.go:41.33,47.25 4 1
github.com/23skdu/longbow/internal/store/internal/core/arrow_graph_metrics.go:47.25,50.4 2 1
github.com/23skdu/longbow/internal/store/internal/core/arrow_graph_metrics.go:53.3,54.25 2 1
github.com/23skdu/longbow/internal/store/internal/core/arrow_graph_metrics.go:54.25,56.12 2 0
github.com/23skdu/longbow/internal/store/internal/core/arrow_graph_metrics.go:59.3,61.17 3 1
github.com/23skdu/longbow/internal/store/internal/core/arrow_graph_metrics.go:61.17,63.4 1 0
github.com/23skdu/longbow/internal/store/internal/core/arrow_graph_metrics.go:66.3,66.29 1 1
github.com/23skdu/longbow/internal/store/internal/core/arrow_graph_metrics.go:66.29,70.39 4 1
github.com/23skdu/longbow/internal/store/internal/core/arrow_graph_metrics.go:70.39,72.5 1 1
github.com/23skdu/longbow/internal/store/internal/core/arrow_graph_metrics.go:76.2,76.19 1 1
github.com/23skdu/longbow/internal/store/internal/core/arrow_graph_metrics.go:76.19,78.3 1 1
github.com/23skdu/longbow/internal/store/internal/core/arrow_graph_metrics.go:82.2,83.19 2 1
github.com/23skdu/longbow/internal/store/internal/core/arrow_graph_metrics.go:83.19,85.3 1 1
github.com/23skdu/longbow/internal/store/internal/core/arrow_graph_metrics.go:88.2,89.22 2 1
github.com/23skdu/longbow/internal/store/internal/core/arrow_graph_metrics.go:89.22,91.3 1 1
github.com/23skdu/longbow/internal/store/internal/core/arrow_graph_metrics.go:92.2,102.52 8 1
github.com/23skdu/longbow/internal/store/internal/core/arrow_graph_metrics.go:102.52,104.3 1 1
github.com/23skdu/longbow/internal/store/internal/core/arrow_graph_metrics.go:106.2,106.16 1 1
github.com/23skdu/longbow/internal/store/internal/core/arrow_graph_metrics.go:110.122,115.21 4 1
github.com/23skdu/longbow/internal/store/internal/core/arrow_graph_metrics.go:115.21,125.25 7 1
github.com/23skdu/longbow/internal/store/internal/core/arrow_graph_metrics.go:125.25,126.12 1 0
github.com/23skdu/longbow/internal/store/internal/core/arrow_graph_metrics.go:128.3,132.28 4 1
github.com/23skdu/longbow/internal/store/internal/core/arrow_graph_metrics.go:132.28,133.12 1 0
github.com/23skdu/longbow/internal/store/internal/core/arrow_graph_metrics.go:136.3,136.43 1 1
github.com/23skdu/longbow/internal/store/internal/core/arrow_graph_metrics.go:136.43,138.37 2 1
github.com/23skdu/longbow/internal/store/internal/core/arrow_graph_metrics.go:138.37,141.5 2 1
github.com/23skdu/longbow/internal/store/internal/core/arrow_graph_metrics.go:144.2,144.14 1 1
github.com/23skdu/longbow/internal/store/internal/core/arrow_graph_metrics.go:148.89,157.21 6 1
github.com/23skdu/longbow/internal/store/internal/core/arrow_graph_metrics.go:157.21,161.34 3 1
github.com/23skdu/longbow/internal/store/internal/core/arrow_graph_metrics.go:161.34,169.26 5 1
github.com/23skdu/longbow/internal/store/internal/core/arrow_graph_metrics.go:169.26,170.13 1 0
github.com/23skdu/longbow/internal/store/internal/core/arrow_graph_metrics.go:172.4,175.29 3 1
github.com/23skdu/longbow/internal/store/internal/core/arrow_graph_metrics.go:175.29,176.13 1 0
github.com/23skdu/longbow/internal/store/internal/core/arrow_graph_metrics.go:179.4,180.39 2 1
github.com/23skdu/longbow/internal/store/internal/core/arrow_graph_metrics.go:180.39,182.38 2 1
github.com/23skdu/longbow/internal/store/internal/core/arrow_graph_metrics.go:182.38,185.6 2 1
github.com/23skdu/longbow/internal/store/internal/core/arrow_graph_metrics.go:188.3,188.28 1 1
github.com/23skdu/longbow/internal/store/internal/core/arrow_graph_metrics.go:191.2,191.21 1 1
github.com/23skdu/longbow/internal/store/internal/core/arrow_graph_metrics.go:194.39,202.2 1 0
github.com/23skdu/longbow/internal/store/internal/core/arrow_hnsw.go:127.55,129.17 2 1
github.com/23skdu/longbow/internal/store/internal/core/arrow_hnsw.go:129.17,131.3 1 0
github.com/23skdu/longbow/internal/store/internal/core/arrow_hnsw.go:134.2,134.58 1 1
github.com/23skdu/longbow/internal/store/internal/core/arrow_hnsw.go:134.58,136.3 1 1
github.com/23skdu/longbow/internal/store/internal/core/arrow_hnsw.go:139.2,140.15 2 0
github.com/23skdu/longbow/internal/store/internal/core/arrow_hnsw.go:140.15,141.26 1 0
github.com/23skdu/longbow/internal/store/internal/core/arrow_hnsw.go:141.26,142.42 1 0
github.com/23skdu/longbow/internal/store/internal/core/arrow_hnsw.go:142.42,144.5 1 0
github.com/23skdu/longbow/internal/store/internal/core/arrow_hnsw.go:146.3,146.25 1 0
github.com/23skdu/longbow/internal/store/internal/core/arrow_hnsw.go:146.25,147.41 1 0
github.com/23skdu/longbow/internal/store/internal/core/arrow_hnsw.go:147.41,149.5 1 0
github.com/23skdu/longbow/internal/store/internal/core/arrow_hnsw.go:152.3,152.41 1 0
github.com/23skdu/longbow/internal/store/internal/core/arrow_hnsw.go:152.41,154.4 1 0
github.com/23skdu/longbow/internal/store/internal/core/arrow_hnsw.go:158.2,158.25 1 0
github.com/23skdu/longbow/internal/store/internal/core/arrow_hnsw.go:158.25,159.43 1 0
github.com/23skdu/longbow/internal/store/internal/core/arrow_hnsw.go:159.43,161.4 1 0
github.com/23skdu/longbow/internal/store/internal/core/arrow_hnsw.go:163.2,163.24 1 0
github.com/23skdu/longbow/internal/store/internal/core/arrow_hnsw.go:163.24,164.42 1 0
github.com/23skdu/longbow/internal/store/internal/core/arrow_hnsw.go:164.42,166.4 1 0
github.com/23skdu/longbow/internal/store/internal/core/arrow_hnsw.go:168.2,168.24 1 0
github.com/23skdu/longbow/internal/store/internal/core/arrow_hnsw.go:168.24,169.61 1 0
github.com/23skdu/longbow/internal/store/internal/core/arrow_hnsw.go:169.61,171.4 1 0
github.com/23skdu/longbow/internal/store/internal/core/arrow_hnsw.go:173.2,173.24 1 0
github.com/23skdu/longbow/internal/store/internal/core/arrow_hnsw.go:173.24,175.19 2 0
github.com/23skdu/longbow/internal/store/internal/core/arrow_hnsw.go:175.19,179.4 3 0
github.com/23skdu/longbow/internal/store/internal/core/arrow_hnsw.go:182.2,182.17 1 0
github.com/23skdu/longbow/internal/store/internal/core/arrow_hnsw.go:186.58,188.2 1 1
github.com/23skdu/longbow/internal/store/internal/core/arrow_hnsw.go:190.86,192.2 1 1
github.com/23skdu/longbow/internal/store/internal/core/arrow_hnsw.go:194.107,196.28 2 1
github.com/23skdu/longbow/internal/store/internal/core/arrow_hnsw.go:196.28,198.3 1 1
github.com/23skdu/longbow/internal/store/internal/core/arrow_hnsw.go:201.2,201.15 1 1
github.com/23skdu/longbow/internal/store/internal/core/arrow_hnsw.go:201.15,203.3 1 1
github.com/23skdu/longbow/internal/store/internal/core/arrow_hnsw.go:204.2,204.15 1 1
github.com/23skdu/longbow/internal/store/internal/core/arrow_hnsw.go:204.15,205.26 1 0
github.com/23skdu/longbow/internal/store/internal/core/arrow_hnsw.go:205.26,207.4 1 0
github.com/23skdu/longbow/internal/store/internal/core/arrow_hnsw.go:208.3,208.25 1 0
github.com/23skdu/longbow/internal/store/internal/core/arrow_hnsw.go:208.25,210.4 1 0
github.com/23skdu/longbow/internal/store/internal/core/arrow_hnsw.go:215.2,216.34 2 1
github.com/23skdu/longbow/internal/store/internal/core/arrow_hnsw.go:216.34,218.3 1 1
github.com/23skdu/longbow/internal/store/internal/core/arrow_hnsw.go:219.2,219.35 1 1
github.com/23skdu/longbow/internal/store/internal/core/arrow_hnsw.go:219.35,221.3 1 1
github.com/23skdu/longbow/internal/store/internal/core/arrow_hnsw.go:222.2,222.23 1 0
github.com/23skdu/longbow/internal/store/internal/core/arrow_hnsw.go:222.23,224.3 1 0
github.com/23skdu/longbow/internal/store/internal/core/arrow_hnsw.go:225.2,225.76 1 0
github.com/23skdu/longbow/internal/store/internal/core/arrow_hnsw.go:229.54,230.22 1 0
github.com/23skdu/longbow/internal/store/internal/core/arrow_hnsw.go:230.22,232.3 1 0
github.com/23skdu/longbow/internal/store/internal/core/arrow_hnsw.go:233.2,233.31 1 0
github.com/23skdu/longbow/internal/store/internal/core/arrow_hnsw.go:237.58,239.2 1 1
github.com/23skdu/longbow/internal/store/internal/core/arrow_hnsw.go:241.94,243.2 1 1
github.com/23skdu/longbow/internal/store/internal/core/arrow_hnsw.go:246.103,255.20 1 1
github.com/23skdu/longbow/internal/store/internal/core/arrow_hnsw.go:255.20,258.5 2 1
github.com/23skdu/longbow/internal/store/internal/core/arrow_hnsw.go:266.2,266.38 1 1
github.com/23skdu/longbow/internal/store/internal/core/arrow_hnsw.go:266.38,268.3 1 1
github.com/23skdu/longbow/internal/store/internal/core/arrow_hnsw.go:270.2,270.20 1 1
github.com/23skdu/longbow/internal/store/internal/core/arrow_hnsw.go:270.20,272.3 1 1
github.com/23skdu/longbow/internal/store/internal/core/arrow_hnsw.go:272.8,274.3 1 1
github.com/23skdu/longbow/internal/store/internal/core/arrow_hnsw.go:276.2,276.20 1 1
github.com/23skdu/longbow/internal/store/internal/core/arrow_hnsw.go:276.20,278.56 1 1
github.com/23skdu/longbow/internal/store/internal/core/arrow_hnsw.go:278.56,281.4 2 1
github.com/23skdu/longbow/internal/store/internal/core/arrow_hnsw.go:285.2,302.33 16 1
github.com/23skdu/longbow/internal/store/internal/core/arrow_hnsw.go:302.33,305.3 2 0
github.com/23skdu/longbow/internal/store/internal/core/arrow_hnsw.go:306.2,309.23 2 1
github.com/23skdu/longbow/internal/store/internal/core/arrow_hnsw.go:309.23,311.22 1 1
github.com/23skdu/longbow/internal/store/internal/core/arrow_hnsw.go:311.22,313.4 1 1
github.com/23skdu/longbow/internal/store/internal/core/arrow_hnsw.go:318.2,319.21 2 1
github.com/23skdu/longbow/internal/store/internal/core/arrow_hnsw.go:319.21,321.3 1 1
github.com/23skdu/longbow/internal/store/internal/core/arrow_hnsw.go:324.2,325.27 2 1
github.com/23skdu/longbow/internal/store/internal/core/arrow_hnsw.go:325.27,327.3 1 1
github.com/23skdu/longbow/internal/store/internal/core/arrow_hnsw.go:328.2,340.30 2 1
github.com/23skdu/longbow/internal/store/internal/core/arrow_hnsw.go:340.30,341.15 1 1
github.com/23skdu/longbow/internal/store/internal/core/arrow_hnsw.go:341.15,343.4 1 0
github.com/23skdu/longbow/internal/store/internal/core/arrow_hnsw.go:344.3,344.21 1 1
github.com/23skdu/longbow/internal/store/internal/core/arrow_hnsw.go:344.21,346.4 1 0
github.com/23skdu/longbow/internal/store/internal/core/arrow_hnsw.go:347.3,347.22 1 1
github.com/23skdu/longbow/internal/store/internal/core/arrow_hnsw.go:347.22,349.4 1 0
github.com/23skdu/longbow/internal/store/internal/core/arrow_hnsw.go:350.3,350.51 1 1
github.com/23skdu/longbow/internal/store/internal/core/arrow_hnsw.go:354.2,369.24 2 1
github.com/23skdu/longbow/internal/store/internal/core/arrow_hnsw.go:369.24,371.3 1 1
github.com/23skdu/longbow/internal/store/internal/core/arrow_hnsw.go:374.2,389.20 7 1
github.com/23skdu/longbow/internal/store/internal/core/arrow_hnsw.go:389.20,391.3 1 1
github.com/23skdu/longbow/internal/store/internal/core/arrow_hnsw.go:392.2,395.43 3 1
github.com/23skdu/longbow/internal/store/internal/core/arrow_hnsw.go:395.43,401.3 5 0
github.com/23skdu/longbow/internal/store/internal/core/arrow_hnsw.go:403.2,403.10 1 1
github.com/23skdu/longbow/internal/store/internal/core/arrow_hnsw.go:407.71,410.23 3 1
github.com/23skdu/longbow/internal/store/internal/core/arrow_hnsw.go:410.23,412.3 1 0
github.com/23skdu/longbow/internal/store/internal/core/arrow_hnsw.go:412.8,414.3 1 1
github.com/23skdu/longbow/internal/store/internal/core/arrow_hnsw.go:415.2,415.10 1 1
github.com/23skdu/longbow/internal/store/internal/core/arrow_hnsw.go:419.60,420.14 1 1
github.com/23skdu/longbow/internal/store/internal/core/arrow_hnsw.go:420.14,422.3 1 0
github.com/23skdu/longbow/internal/store/internal/core/arrow_hnsw.go:423.2,423.25 1 1
github.com/23skdu/longbow/internal/store/internal/core/arrow_hnsw.go:427.61,429.2 1 0
github.com/23skdu/longbow/internal/store/internal/core/arrow_hnsw.go:432.52,434.2 1 0
github.com/23skdu/longbow/internal/store/internal/core/arrow_hnsw.go:437.48,439.2 1 1
github.com/23skdu/longbow/internal/store/internal/core/arrow_hnsw.go:441.38,443.2 1 0
github.com/23skdu/longbow/internal/store/internal/core/arrow_hnsw.go:446.55,448.2 1 0
github.com/23skdu/longbow/internal/store/internal/core/arrow_hnsw.go:451.32,453.2 1 0
github.com/23skdu/longbow/internal/store/internal/core/arrow_hnsw.go:456.35,458.2 1 0
github.com/23skdu/longbow/internal/store/internal/core/arrow_hnsw.go:461.36,463.2 1 0
github.com/23skdu/longbow/internal/store/internal/core/arrow_hnsw.go:466.47,468.2 1 0
github.com/23skdu/longbow/internal/store/internal/core/arrow_hnsw.go:471.42,473.2 1 0
github.com/23skdu/longbow/internal/store/internal/core/arrow_hnsw.go:476.37,478.2 1 1
github.com/23skdu/longbow/internal/store/internal/core/arrow_hnsw.go:481.65,483.2 1 1
github.com/23skdu/longbow/internal/store/internal/core/arrow_hnsw.go:486.44,488.2 1 0
github.com/23skdu/longbow/internal/store/internal/core/arrow_hnsw.go:491.41,493.2 1 0
github.com/23skdu/longbow/internal/store/internal/core/arrow_hnsw.go:498.47,500.2 1 0
github.com/23skdu/longbow/internal/store/internal/core/arrow_hnsw.go:503.51,505.2 1 0
github.com/23skdu/longbow/internal/store/internal/core/arrow_hnsw.go:508.53,510.2 1 0
github.com/23skdu/longbow/internal/store/internal/core/arrow_hnsw.go:513.39,515.2 1 0
github.com/23skdu/longbow/internal/store/internal/core/arrow_hnsw.go:518.53,520.2 1 0
github.com/23skdu/longbow/internal/store/internal/core/arrow_hnsw.go:523.60,525.2 1 0
github.com/23skdu/longbow/internal/store/internal/core/arrow_hnsw.go:528.50,530.2 1 0
github.com/23skdu/longbow/internal/store/internal/core/arrow_hnsw.go:533.57,535.20 2 1
github.com/23skdu/longbow/internal/store/internal/core/arrow_hnsw.go:535.20,541.18 5 1
github.com/23skdu/longbow/internal/store/internal/core/arrow_hnsw.go:541.18,546.35 4 1
github.com/23skdu/longbow/internal/store/internal/core/arrow_hnsw.go:546.35,547.61 1 1
github.com/23skdu/longbow/internal/store/internal/core/arrow_hnsw.go:547.61,549.6 1 0
github.com/23skdu/longbow/internal/store/internal/core/arrow_hnsw.go:556.41,558.2 1 1
github.com/23skdu/longbow/internal/store/internal/core/arrow_hnsw.go:561.49,562.25 1 1
github.com/23skdu/longbow/internal/store/internal/core/arrow_hnsw.go:562.25,564.3 1 0
github.com/23skdu/longbow/internal/store/internal/core/arrow_hnsw.go:565.2,571.17 5 1
github.com/23skdu/longbow/internal/store/internal/core/arrow_hnsw.go:571.17,572.52 1 1
github.com/23skdu/longbow/internal/store/internal/core/arrow_hnsw.go:572.52,574.4 1 0
github.com/23skdu/longbow/internal/store/internal/core/arrow_hnsw.go:576.2,576.12 1 1
github.com/23skdu/longbow/internal/store/internal/core/arrow_hnsw.go:580.45,584.2 3 1
github.com/23skdu/longbow/internal/store/internal/core/arrow_hnsw.go:586.47,587.22 1 1
github.com/23skdu/longbow/internal/store/internal/core/arrow_hnsw.go:587.22,589.3 1 0
github.com/23skdu/longbow/internal/store/internal/core/arrow_hnsw.go:590.2,590.31 1 1
github.com/23skdu/longbow/internal/store/internal/core/arrow_hnsw.go:594.81,596.16 2 1
github.com/23skdu/longbow/internal/store/internal/core/arrow_hnsw.go:596.16,598.3 1 0
github.com/23skdu/longbow/internal/store/internal/core/arrow_hnsw.go:599.2,599.12 1 1
github.com/23skdu/longbow/internal/store/internal/core/arrow_hnsw.go:605.103,606.17 1 1
github.com/23skdu/longbow/internal/store/internal/core/arrow_hnsw.go:606.17,608.3 1 0
github.com/23skdu/longbow/internal/store/internal/core/arrow_hnsw.go:611.2,614.47 3 1
github.com/23skdu/longbow/internal/store/internal/core/arrow_hnsw.go:617.88,622.27 2 1
github.com/23skdu/longbow/internal/store/internal/core/arrow_hnsw.go:622.27,624.33 1 1
github.com/23skdu/longbow/internal/store/internal/core/arrow_hnsw.go:624.33,631.4 4 0
github.com/23skdu/longbow/internal/store/internal/core/arrow_hnsw.go:632.3,632.19 1 1
github.com/23skdu/longbow/internal/store/internal/core/arrow_hnsw.go:636.2,637.35 2 0
github.com/23skdu/longbow/internal/store/internal/core/arrow_hnsw.go:637.35,639.3 1 0
github.com/23skdu/longbow/internal/store/internal/core/arrow_hnsw.go:641.2,642.16 2 0
github.com/23skdu/longbow/internal/store/internal/core/arrow_hnsw.go:642.16,644.3 1 0
github.com/23skdu/longbow/internal/store/internal/core/arrow_hnsw.go:646.2,647.21 2 0
github.com/23skdu/longbow/internal/store/internal/core/arrow_hnsw.go:651.74,652.25 1 0
github.com/23skdu/longbow/internal/store/internal/core/arrow_hnsw.go:652.25,653.38 1 0
github.com/23skdu/longbow/internal/store/internal/core/arrow_hnsw.go:653.38,655.4 1 0
github.com/23skdu/longbow/internal/store/internal/core/arrow_hnsw.go:657.2,657.12 1 0
github.com/23skdu/longbow/internal/store/internal/core/arrow_hnsw.go:661.94,665.22 3 1
github.com/23skdu/longbow/internal/store/internal/core/arrow_hnsw.go:665.22,667.30 2 1
github.com/23skdu/longbow/internal/store/internal/core/arrow_hnsw.go:667.30,671.47 3 1
github.com/23skdu/longbow/internal/store/internal/core/arrow_hnsw.go:671.47,672.41 1 1
github.com/23skdu/longbow/internal/store/internal/core/arrow_hnsw.go:672.41,674.11 2 1
github.com/23skdu/longbow/internal/store/internal/core/arrow_hnsw.go:677.4,677.23 1 1
github.com/23skdu/longbow/internal/store/internal/core/arrow_hnsw.go:677.23,679.5 1 1
github.com/23skdu/longbow/internal/store/internal/core/arrow_hnsw.go:683.2,686.16 3 1
github.com/23skdu/longbow/internal/store/internal/core/arrow_hnsw.go:686.16,688.3 1 0
github.com/23skdu/longbow/internal/store/internal/core/arrow_hnsw.go:690.2,690.16 1 1
github.com/23skdu/longbow/internal/store/internal/core/arrow_hnsw.go:694.115,700.42 4 1
github.com/23skdu/longbow/internal/store/internal/core/arrow_hnsw.go:700.42,701.36 1 1
github.com/23skdu/longbow/internal/store/internal/core/arrow_hnsw.go:701.36,703.9 2 1
github.com/23skdu/longbow/internal/store/internal/core/arrow_hnsw.go:706.2,706.21 1 1
github.com/23skdu/longbow/internal/store/internal/core/arrow_hnsw.go:706.21,708.3 1 1
github.com/23skdu/longbow/internal/store/internal/core/arrow_hnsw.go:710.2,713.16 3 1
github.com/23skdu/longbow/internal/store/internal/core/arrow_hnsw.go:713.16,715.3 1 0
github.com/23skdu/longbow/internal/store/internal/core/arrow_hnsw.go:717.2,717.16 1 1
github.com/23skdu/longbow/internal/store/internal/core/arrow_hnsw.go:720.82,724.66 2 1
github.com/23skdu/longbow/internal/store/internal/core/arrow_hnsw.go:724.66,725.31 1 1
github.com/23skdu/longbow/internal/store/internal/core/arrow_hnsw.go:726.28,728.54 1 1
github.com/23skdu/longbow/internal/store/internal/core/arrow_hnsw.go:728.54,733.33 4 1
github.com/23skdu/longbow/internal/store/internal/core/arrow_hnsw.go:733.33,735.6 1 1
github.com/23skdu/longbow/internal/store/internal/core/arrow_hnsw.go:736.5,736.21 1 1
github.com/23skdu/longbow/internal/store/internal/core/arrow_hnsw.go:741.4,741.41 1 1
github.com/23skdu/longbow/internal/store/internal/core/arrow_hnsw.go:743.28,745.55 1 1
github.com/23skdu/longbow/internal/store/internal/core/arrow_hnsw.go:745.55,749.33 4 1
github.com/23skdu/longbow/internal/store/internal/core/arrow_hnsw.go:749.33,751.6 1 1
github.com/23skdu/longbow/internal/store/internal/core/arrow_hnsw.go:752.5,752.21 1 1
github.com/23skdu/longbow/internal/store/internal/core/arrow_hnsw.go:754.4,754.41 1 1
github.com/23skdu/longbow/internal/store/internal/core/arrow_hnsw.go:756.27,757.40 1 0
github.com/23skdu/longbow/internal/store/internal/core/arrow_hnsw.go:758.26,759.39 1 0
github.com/23skdu/longbow/internal/store/internal/core/arrow_hnsw.go:760.27,761.40 1 0
github.com/23skdu/longbow/internal/store/internal/core/arrow_hnsw.go:762.26,763.39 1 0
github.com/23skdu/longbow/internal/store/internal/core/arrow_hnsw.go:764.26,765.39 1 0
github.com/23skdu/longbow/internal/store/internal/core/arrow_hnsw.go:766.25,767.38 1 1
github.com/23skdu/longbow/internal/store/internal/core/arrow_hnsw.go:769.28,770.34 1 0
github.com/23skdu/longbow/internal/store/internal/core/arrow_hnsw.go:773.11,774.14 1 0
github.com/23skdu/longbow/internal/store/internal/core/arrow_hnsw.go:778.2,778.53 1 1
github.com/23skdu/longbow/internal/store/internal/core/arrow_hnsw.go:778.53,785.3 5 1
github.com/23skdu/longbow/internal/store/internal/core/arrow_hnsw.go:787.2,787.44 1 0
github.com/23skdu/longbow/internal/store/internal/core/arrow_hnsw.go:787.44,793.3 5 0
github.com/23skdu/longbow/internal/store/internal/core/arrow_hnsw.go:795.2,795.12 1 0
github.com/23skdu/longbow/internal/store/internal/core/arrow_hnsw.go:799.109,802.29 2 1
github.com/23skdu/longbow/internal/store/internal/core/arrow_hnsw.go:802.29,804.3 1 1
github.com/23skdu/longbow/internal/store/internal/core/arrow_hnsw.go:806.2,815.16 7 1
github.com/23skdu/longbow/internal/store/internal/core/arrow_hnsw.go:815.16,817.3 1 0
github.com/23skdu/longbow/internal/store/internal/core/arrow_hnsw.go:820.2,821.28 2 1
github.com/23skdu/longbow/internal/store/internal/core/arrow_hnsw.go:821.28,826.3 1 1
github.com/23skdu/longbow/internal/store/internal/core/arrow_hnsw.go:828.2,828.25 1 1
github.com/23skdu/longbow/internal/store/internal/core/arrow_hnsw.go:832.32,834.2 1 1
github.com/23skdu/longbow/internal/store/internal/core/arrow_hnsw.go:837.35,838.24 1 1
github.com/23skdu/longbow/internal/store/internal/core/arrow_hnsw.go:838.24,839.45 1 1
github.com/23skdu/longbow/internal/store/internal/core/arrow_hnsw.go:839.45,841.4 1 0
github.com/23skdu/longbow/internal/store/internal/core/arrow_hnsw.go:844.2,845.17 2 1
github.com/23skdu/longbow/internal/store/internal/core/arrow_hnsw.go:845.17,847.3 1 1
github.com/23skdu/longbow/internal/store/internal/core/arrow_hnsw.go:848.2,852.12 5 1
github.com/23skdu/longbow/internal/store/internal/core/arrow_hnsw.go:856.100,857.24 1 0
github.com/23skdu/longbow/internal/store/internal/core/arrow_hnsw.go:857.24,859.3 1 0
github.com/23skdu/longbow/internal/store/internal/core/arrow_hnsw.go:860.2,860.44 1 0
github.com/23skdu/longbow/internal/store/internal/core/arrow_hnsw.go:865.43,867.14 2 0
github.com/23skdu/longbow/internal/store/internal/core/arrow_hnsw.go:867.14,869.3 1 0
github.com/23skdu/longbow/internal/store/internal/core/arrow_hnsw.go:870.2,870.54 1 0
github.com/23skdu/longbow/internal/store/internal/core/arrow_hnsw.go:870.54,871.52 1 0
github.com/23skdu/longbow/internal/store/internal/core/arrow_hnsw.go:871.52,872.51 1 0
github.com/23skdu/longbow/internal/store/internal/core/arrow_hnsw.go:872.51,873.61 1 0
github.com/23skdu/longbow/internal/store/internal/core/arrow_hnsw.go:873.61,875.6 1 0
github.com/23skdu/longbow/internal/store/internal/core/arrow_hnsw.go:879.2,879.10 1 0
github.com/23skdu/longbow/internal/store/internal/core/arrow_hnsw.go:887.47,887.64 1 0
github.com/23skdu/longbow/internal/store/internal/core/arrow_hnsw.go:888.47,888.79 1 0
github.com/23skdu/longbow/internal/store/internal/core/arrow_hnsw.go:889.47,889.74 1 0
github.com/23skdu/longbow/internal/store/internal/core/arrow_hnsw.go:890.47,890.87 1 0
github.com/23skdu/longbow/internal/store/internal/core/arrow_hnsw.go:891.38,897.2 5 0
github.com/23skdu/longbow/internal/store/internal/core/arrow_hnsw.go:899.35,900.25 1 1
github.com/23skdu/longbow/internal/store/internal/core/arrow_hnsw.go:900.25,902.26 2 0
github.com/23skdu/longbow/internal/store/internal/core/arrow_hnsw.go:902.26,904.4 1 0
github.com/23skdu/longbow/internal/store/internal/core/arrow_hnsw.go:905.3,905.23 1 0
github.com/23skdu/longbow/internal/store/internal/core/arrow_hnsw.go:905.23,907.4 1 0
github.com/23skdu/longbow/internal/store/internal/core/arrow_hnsw.go:908.3,908.29 1 0
github.com/23skdu/longbow/internal/store/internal/core/arrow_hnsw.go:908.29,910.4 1 0
github.com/23skdu/longbow/internal/store/internal/core/arrow_hnsw.go:912.3,912.20 1 0
github.com/23skdu/longbow/internal/store/internal/core/arrow_hnsw.go:916.154,917.34 1 1
github.com/23skdu/longbow/internal/store/internal/core/arrow_hnsw.go:917.34,919.3 1 0
github.com/23skdu/longbow/internal/store/internal/core/arrow_hnsw.go:921.2,924.21 3 1
github.com/23skdu/longbow/internal/store/internal/core/arrow_hnsw.go:924.21,926.28 2 1
github.com/23skdu/longbow/internal/store/internal/core/arrow_hnsw.go:927.62,928.34 1 1
github.com/23skdu/longbow/internal/store/internal/core/arrow_hnsw.go:929.11,930.30 1 1
github.com/23skdu/longbow/internal/store/internal/core/arrow_hnsw.go:933.3,935.31 3 1
github.com/23skdu/longbow/internal/store/internal/core/arrow_hnsw.go:936.18,939.30 2 1
github.com/23skdu/longbow/internal/store/internal/core/arrow_hnsw.go:939.30,941.5 1 0
github.com/23skdu/longbow/internal/store/internal/core/arrow_hnsw.go:942.18,943.21 1 1
github.com/23skdu/longbow/internal/store/internal/core/arrow_hnsw.go:944.20,945.25 1 1
github.com/23skdu/longbow/internal/store/internal/core/arrow_hnsw.go:946.21,947.25 1 1
github.com/23skdu/longbow/internal/store/internal/core/arrow_hnsw.go:950.3,950.80 1 1
github.com/23skdu/longbow/internal/store/internal/core/arrow_hnsw.go:950.80,952.4 1 0
github.com/23skdu/longbow/internal/store/internal/core/arrow_hnsw.go:955.2,955.29 1 1
github.com/23skdu/longbow/internal/store/internal/core/arrow_hnsw.go:955.29,957.3 1 1
github.com/23skdu/longbow/internal/store/internal/core/arrow_hnsw.go:959.2,959.43 1 1
github.com/23skdu/longbow/internal/store/internal/core/arrow_hnsw.go:959.43,961.3 1 1
github.com/23skdu/longbow/internal/store/internal/core/arrow_hnsw.go:962.2,967.50 4 1
github.com/23skdu/longbow/internal/store/internal/core/arrow_hnsw.go:967.50,969.3 1 1
github.com/23skdu/longbow/internal/store/internal/core/arrow_hnsw.go:971.2,976.17 3 1
github.com/23skdu/longbow/internal/store/internal/core/arrow_hnsw.go:976.17,977.25 1 0
github.com/23skdu/longbow/internal/store/internal/core/arrow_hnsw.go:977.25,979.4 1 0
github.com/23skdu/longbow/internal/store/internal/core/arrow_hnsw.go:980.3,980.43 1 0
github.com/23skdu/longbow/internal/store/internal/core/arrow_hnsw.go:980.43,983.4 2 0
github.com/23skdu/longbow/internal/store/internal/core/arrow_hnsw.go:983.9,985.4 1 0
github.com/23skdu/longbow/internal/store/internal/core/arrow_hnsw.go:988.2,989.19 2 1
github.com/23skdu/longbow/internal/store/internal/core/arrow_hnsw.go:989.19,991.23 2 0
github.com/23skdu/longbow/internal/store/internal/core/arrow_hnsw.go:991.23,993.45 2 0
github.com/23skdu/longbow/internal/store/internal/core/arrow_hnsw.go:993.45,995.5 1 0
github.com/23skdu/longbow/internal/store/internal/core/arrow_hnsw.go:996.4,997.19 2 0
github.com/23skdu/longbow/internal/store/internal/core/arrow_hnsw.go:1001.2,1001.15 1 1
github.com/23skdu/longbow/internal/store/internal/core/arrow_hnsw.go:1001.15,1019.44 12 1
github.com/23skdu/longbow/internal/store/internal/core/arrow_hnsw.go:1019.44,1021.4 1 1
github.com/23skdu/longbow/internal/store/internal/core/arrow_hnsw.go:1022.3,1022.61 1 1
github.com/23skdu/longbow/internal/store/internal/core/arrow_hnsw.go:1025.2,1031.45 4 1
github.com/23skdu/longbow/internal/store/internal/core/arrow_hnsw.go:1031.45,1033.18 2 0
github.com/23skdu/longbow/internal/store/internal/core/arrow_hnsw.go:1033.18,1035.4 1 0
github.com/23skdu/longbow/internal/store/internal/core/arrow_hnsw.go:1038.3,1038.31 1 0
github.com/23skdu/longbow/internal/store/internal/core/arrow_hnsw.go:1038.31,1045.4 1 0
github.com/23skdu/longbow/internal/store/internal/core/arrow_hnsw.go:1049.2,1051.16 3 1
github.com/23skdu/longbow/internal/store/internal/core/arrow_hnsw.go:1051.16,1053.3 1 0
github.com/23skdu/longbow/internal/store/internal/core/arrow_hnsw.go:1055.2,1055.16 1 1
github.com/23skdu/longbow/internal/store/internal/core/arrow_hnsw.go:1055.16,1057.3 1 0
github.com/23skdu/longbow/internal/store/internal/core/arrow_hnsw.go:1060.2,1063.9 2 1
github.com/23skdu/longbow/internal/store/internal/core/arrow_hnsw.go:1063.9,1065.17 2 1
github.com/23skdu/longbow/internal/store/internal/core/arrow_hnsw.go:1065.17,1067.4 1 0
github.com/23skdu/longbow/internal/store/internal/core/arrow_hnsw.go:1068.8,1070.31 1 1
github.com/23skdu/longbow/internal/store/internal/core/arrow_hnsw.go:1071.18,1072.27 1 0
github.com/23skdu/longbow/internal/store/internal/core/arrow_hnsw.go:1073.19,1074.33 1 0
github.com/23skdu/longbow/internal/store/internal/core/arrow_hnsw.go:1075.19,1077.27 2 0
github.com/23skdu/longbow/internal/store/internal/core/arrow_hnsw.go:1077.27,1079.6 1 0
github.com/23skdu/longbow/internal/store/internal/core/arrow_hnsw.go:1080.5,1080.38 1 0
github.com/23skdu/longbow/internal/store/internal/core/arrow_hnsw.go:1081.12,1082.80 1 0
github.com/23skdu/longbow/internal/store/internal/core/arrow_hnsw.go:1084.18,1085.36 1 0
github.com/23skdu/longbow/internal/store/internal/core/arrow_hnsw.go:1085.36,1087.5 1 0
github.com/23skdu/longbow/internal/store/internal/core/arrow_hnsw.go:1088.22,1089.40 1 1
github.com/23skdu/longbow/internal/store/internal/core/arrow_hnsw.go:1089.40,1091.5 1 1
github.com/23skdu/longbow/internal/store/internal/core/arrow_hnsw.go:1092.20,1093.38 1 0
github.com/23skdu/longbow/internal/store/internal/core/arrow_hnsw.go:1093.38,1095.5 1 0
github.com/23skdu/longbow/internal/store/internal/core/arrow_hnsw.go:1096.21,1097.39 1 0
github.com/23skdu/longbow/internal/store/internal/core/arrow_hnsw.go:1097.39,1099.5 1 0
github.com/23skdu/longbow/internal/store/internal/core/arrow_hnsw.go:1100.24,1100.24 0 0
github.com/23skdu/longbow/internal/store/internal/core/arrow_hnsw.go:1102.16,1103.34 1 0
github.com/23skdu/longbow/internal/store/internal/core/arrow_hnsw.go:1103.34,1105.5 1 0
github.com/23skdu/longbow/internal/store/internal/core/arrow_hnsw.go:1106.17,1107.35 1 0
github.com/23skdu/longbow/internal/store/internal/core/arrow_hnsw.go:1107.35,1109.5 1 0
github.com/23skdu/longbow/internal/store/internal/core/arrow_hnsw.go:1110.16,1111.34 1 0
github.com/23skdu/longbow/internal/store/internal/core/arrow_hnsw.go:1111.34,1113.5 1 0
github.com/23skdu/longbow/internal/store/internal/core/arrow_hnsw.go:1114.17,1115.35 1 0
github.com/23skdu/longbow/internal/store/internal/core/arrow_hnsw.go:1115.35,1117.5 1 0
github.com/23skdu/longbow/internal/store/internal/core/arrow_hnsw.go:1118.16,1119.34 1 0
github.com/23skdu/longbow/internal/store/internal/core/arrow_hnsw.go:1119.34,1121.5 1 0
github.com/23skdu/longbow/internal/store/internal/core/arrow_hnsw.go:1122.17,1123.35 1 0
github.com/23skdu/longbow/internal/store/internal/core/arrow_hnsw.go:1123.35,1125.5 1 0
github.com/23skdu/longbow/internal/store/internal/core/arrow_hnsw.go:1126.11,1127.72 1 0
github.com/23skdu/longbow/internal/store/internal/core/arrow_hnsw.go:1129.3,1129.17 1 1
github.com/23skdu/longbow/internal/store/internal/core/arrow_hnsw.go:1129.17,1131.4 1 0
github.com/23skdu/longbow/internal/store/internal/core/arrow_hnsw.go:1135.2,1139.49 3 1
github.com/23skdu/longbow/internal/store/internal/core/arrow_hnsw.go:1139.49,1142.17 2 1
github.com/23skdu/longbow/internal/store/internal/core/arrow_hnsw.go:1142.17,1145.4 2 0
github.com/23skdu/longbow/internal/store/internal/core/arrow_hnsw.go:1147.3,1148.26 2 1
github.com/23skdu/longbow/internal/store/internal/core/arrow_hnsw.go:1148.26,1150.4 1 1
github.com/23skdu/longbow/internal/store/internal/core/arrow_hnsw.go:1154.2,1155.26 2 1
github.com/23skdu/longbow/internal/store/internal/core/arrow_hnsw.go:1155.26,1157.3 1 1
github.com/23skdu/longbow/internal/store/internal/core/arrow_hnsw.go:1158.2,1158.43 1 1
github.com/23skdu/longbow/internal/store/internal/core/arrow_hnsw.go:1158.43,1161.3 1 1
github.com/23skdu/longbow/internal/store/internal/core/arrow_hnsw.go:1163.2,1163.18 1 1
github.com/23skdu/longbow/internal/store/internal/core/arrow_hnsw.go:1163.18,1165.3 1 0
github.com/23skdu/longbow/internal/store/internal/core/arrow_hnsw.go:1167.2,1170.40 4 1
github.com/23skdu/longbow/internal/store/internal/core/arrow_hnsw.go:1170.40,1173.17 2 1
github.com/23skdu/longbow/internal/store/internal/core/arrow_hnsw.go:1173.17,1175.4 1 0
github.com/23skdu/longbow/internal/store/internal/core/arrow_hnsw.go:1176.3,1176.39 1 1
github.com/23skdu/longbow/internal/store/internal/core/arrow_hnsw.go:1176.39,1176.75 1 1
github.com/23skdu/longbow/internal/store/internal/core/arrow_hnsw.go:1177.3,1178.25 2 1
github.com/23skdu/longbow/internal/store/internal/core/arrow_hnsw.go:1178.25,1179.99 1 1
github.com/23skdu/longbow/internal/store/internal/core/arrow_hnsw.go:1179.99,1180.13 1 0
github.com/23skdu/longbow/internal/store/internal/core/arrow_hnsw.go:1182.4,1183.24 2 1
github.com/23skdu/longbow/internal/store/internal/core/arrow_hnsw.go:1183.24,1184.10 1 1
github.com/23skdu/longbow/internal/store/internal/core/arrow_hnsw.go:1187.3,1187.21 1 1
github.com/23skdu/longbow/internal/store/internal/core/arrow_hnsw.go:1190.2,1191.43 2 1
github.com/23skdu/longbow/internal/store/internal/core/arrow_hnsw.go:1191.43,1193.17 2 1
github.com/23skdu/longbow/internal/store/internal/core/arrow_hnsw.go:1193.17,1196.4 2 0
github.com/23skdu/longbow/internal/store/internal/core/arrow_hnsw.go:1198.3,1199.25 2 1
github.com/23skdu/longbow/internal/store/internal/core/arrow_hnsw.go:1199.25,1201.4 1 1
github.com/23skdu/longbow/internal/store/internal/core/arrow_hnsw.go:1203.3,1204.68 2 1
github.com/23skdu/longbow/internal/store/internal/core/arrow_hnsw.go:1204.68,1205.9 1 1
github.com/23skdu/longbow/internal/store/internal/core/arrow_hnsw.go:1209.3,1210.30 2 1
github.com/23skdu/longbow/internal/store/internal/core/arrow_hnsw.go:1210.30,1212.4 1 1
github.com/23skdu/longbow/internal/store/internal/core/arrow_hnsw.go:1216.2,1217.21 2 1
github.com/23skdu/longbow/internal/store/internal/core/arrow_hnsw.go:1220.34,1222.2 1 0
github.com/23skdu/longbow/internal/store/internal/core/arrow_hnsw.go:1225.79,1227.17 2 0
github.com/23skdu/longbow/internal/store/internal/core/arrow_hnsw.go:1227.17,1229.3 1 0
github.com/23skdu/longbow/internal/store/internal/core/arrow_hnsw.go:1231.2,1232.18 2 0
github.com/23skdu/longbow/internal/store/internal/core/arrow_hnsw.go:1232.18,1234.3 1 0
github.com/23skdu/longbow/internal/store/internal/core/arrow_hnsw.go:1236.2,1236.42 1 0
github.com/23skdu/longbow/internal/store/internal/core/arrow_hnsw.go:1236.42,1238.3 1 0
github.com/23skdu/longbow/internal/store/internal/core/arrow_hnsw.go:1240.2,1245.42 5 0
github.com/23skdu/longbow/internal/store/internal/core/arrow_hnsw.go:1245.42,1247.3 1 0
github.com/23skdu/longbow/internal/store/internal/core/arrow_hnsw.go:1249.2,1250.16 2 0
github.com/23skdu/longbow/internal/store/internal/core/arrow_hnsw.go:1250.16,1252.3 1 0
github.com/23skdu/longbow/internal/store/internal/core/arrow_hnsw.go:1254.2,1258.23 4 0
github.com/23skdu/longbow/internal/store/internal/core/arrow_hnsw.go:1262.66,1264.2 1 0
github.com/23skdu/longbow/internal/store/internal/core/arrow_hnsw.go:1266.103,1268.39 2 0
github.com/23skdu/longbow/internal/store/internal/core/arrow_hnsw.go:1268.39,1270.3 1 0
github.com/23skdu/longbow/internal/store/internal/core/arrow_hnsw.go:1273.2,1274.16 2 0
github.com/23skdu/longbow/internal/store/internal/core/arrow_hnsw.go:1274.16,1276.3 1 0
github.com/23skdu/longbow/internal/store/internal/core/arrow_hnsw.go:1277.2,1278.9 2 0
github.com/23skdu/longbow/internal/store/internal/core/arrow_hnsw.go:1278.9,1282.48 2 0
github.com/23skdu/longbow/internal/store/internal/core/arrow_hnsw.go:1282.48,1286.4 1 0
github.com/23skdu/longbow/internal/store/internal/core/arrow_hnsw.go:1287.3,1287.22 1 0
github.com/23skdu/longbow/internal/store/internal/core/arrow_hnsw.go:1290.2,1291.47 2 0
github.com/23skdu/longbow/internal/store/internal/core/arrow_hnsw.go:1291.47,1294.35 3 0
github.com/23skdu/longbow/internal/store/internal/core/arrow_hnsw.go:1294.35,1295.12 1 0
github.com/23skdu/longbow/internal/store/internal/core/arrow_hnsw.go:1298.3,1299.42 2 0
github.com/23skdu/longbow/internal/store/internal/core/arrow_hnsw.go:1299.42,1301.4 1 0
github.com/23skdu/longbow/internal/store/internal/core/arrow_hnsw.go:1303.3,1307.5 1 0
github.com/23skdu/longbow/internal/store/internal/core/arrow_hnsw.go:1310.2,1310.21 1 0
github.com/23skdu/longbow/internal/store/internal/core/arrow_hnsw.go:1313.45,1315.15 2 0
github.com/23skdu/longbow/internal/store/internal/core/arrow_hnsw.go:1315.15,1318.3 2 0
github.com/23skdu/longbow/internal/store/internal/core/arrow_hnsw.go:1320.2,1321.17 2 0
github.com/23skdu/longbow/internal/store/internal/core/arrow_hnsw.go:1321.17,1323.3 1 0
github.com/23skdu/longbow/internal/store/internal/core/arrow_hnsw.go:1325.2,1334.59 6 0
github.com/23skdu/longbow/internal/store/internal/core/arrow_hnsw.go:1334.59,1335.67 1 0
github.com/23skdu/longbow/internal/store/internal/core/arrow_hnsw.go:1335.67,1337.20 2 0
github.com/23skdu/longbow/internal/store/internal/core/arrow_hnsw.go:1337.20,1338.13 1 0
github.com/23skdu/longbow/internal/store/internal/core/arrow_hnsw.go:1340.4,1341.44 2 0
github.com/23skdu/longbow/internal/store/internal/core/arrow_hnsw.go:1341.44,1343.5 1 0
github.com/23skdu/longbow/internal/store/internal/core/arrow_hnsw.go:1344.4,1344.22 1 0
github.com/23skdu/longbow/internal/store/internal/core/arrow_hnsw.go:1344.22,1346.5 1 0
github.com/23skdu/longbow/internal/store/internal/core/arrow_hnsw.go:1351.2,1351.82 1 0
github.com/23skdu/longbow/internal/store/internal/core/arrow_hnsw.go:1351.82,1352.65 1 0
github.com/23skdu/longbow/internal/store/internal/core/arrow_hnsw.go:1352.65,1354.20 2 0
github.com/23skdu/longbow/internal/store/internal/core/arrow_hnsw.go:1354.20,1355.13 1 0
github.com/23skdu/longbow/internal/store/internal/core/arrow_hnsw.go:1357.4,1358.44 2 0
github.com/23skdu/longbow/internal/store/internal/core/arrow_hnsw.go:1358.44,1360.5 1 0
github.com/23skdu/longbow/internal/store/internal/core/arrow_hnsw.go:1361.4,1361.22 1 0
github.com/23skdu/longbow/internal/store/internal/core/arrow_hnsw.go:1361.22,1363.5 1 0
github.com/23skdu/longbow/internal/store/internal/core/arrow_hnsw.go:1367.2,1367.11 1 0
github.com/23skdu/longbow/internal/store/internal/core/arrow_hnsw.go:1370.58,1372.2 1 1
github.com/23skdu/longbow/internal/store/internal/core/arrow_hnsw.go:1374.52,1379.2 3 1
github.com/23skdu/longbow/internal/store/internal/core/arrow_hnsw.go:1381.60,1383.15 2 1
github.com/23skdu/longbow/internal/store/internal/core/arrow_hnsw.go:1383.15,1385.3 1 1
github.com/23skdu/longbow/internal/store/internal/core/arrow_hnsw.go:1387.2,1388.17 2 1
github.com/23skdu/longbow/internal/store/internal/core/arrow_hnsw.go:1388.17,1406.3 3 0
github.com/23skdu/longbow/internal/store/internal/core/arrow_hnsw.go:1408.2,1408.26 1 1
github.com/23skdu/longbow/internal/store/internal/core/arrow_hnsw.go:1408.26,1410.3 1 0
github.com/23skdu/longbow/internal/store/internal/core/arrow_hnsw.go:1411.2,1412.36 2 1
github.com/23skdu/longbow/internal/store/internal/core/arrow_hnsw.go:1412.36,1414.3 1 1
github.com/23skdu/longbow/internal/store/internal/core/arrow_hnsw.go:1417.2,1421.32 3 1
github.com/23skdu/longbow/internal/store/internal/core/arrow_hnsw.go:1421.32,1423.3 1 0
github.com/23skdu/longbow/internal/store/internal/core/arrow_hnsw.go:1426.2,1430.56 1 1
github.com/23skdu/longbow/internal/store/internal/core/arrow_hnsw.go:1430.56,1434.53 2 1
github.com/23skdu/longbow/internal/store/internal/core/arrow_hnsw.go:1434.53,1436.4 1 1
github.com/23skdu/longbow/internal/store/internal/core/arrow_hnsw.go:1437.3,1437.55 1 1
github.com/23skdu/longbow/internal/store/internal/core/arrow_hnsw.go:1437.55,1439.4 1 0
github.com/23skdu/longbow/internal/store/internal/core/arrow_hnsw.go:1440.3,1440.53 1 1
github.com/23skdu/longbow/internal/store/internal/core/arrow_hnsw.go:1440.53,1442.4 1 0
github.com/23skdu/longbow/internal/store/internal/core/arrow_hnsw.go:1444.3,1444.25 1 1
github.com/23skdu/longbow/internal/store/internal/core/arrow_hnsw.go:1444.25,1446.4 1 0
github.com/23skdu/longbow/internal/store/internal/core/arrow_hnsw.go:1450.2,1456.23 5 1
github.com/23skdu/longbow/internal/store/internal/core/arrow_hnsw.go:1456.23,1457.25 1 1
github.com/23skdu/longbow/internal/store/internal/core/arrow_hnsw.go:1457.25,1459.4 1 1
github.com/23skdu/longbow/internal/store/internal/core/arrow_hnsw.go:1459.9,1461.4 1 0
github.com/23skdu/longbow/internal/store/internal/core/arrow_hnsw.go:1463.2,1464.56 2 1
github.com/23skdu/longbow/internal/store/internal/core/arrow_hnsw.go:1464.56,1466.3 1 1
github.com/23skdu/longbow/internal/store/internal/core/arrow_hnsw.go:1467.2,1468.54 2 1
github.com/23skdu/longbow/internal/store/internal/core/arrow_hnsw.go:1468.54,1470.3 1 1
github.com/23skdu/longbow/internal/store/internal/core/arrow_hnsw.go:1471.2,1473.62 3 1
github.com/23skdu/longbow/internal/store/internal/core/arrow_hnsw.go:1473.62,1475.3 1 0
github.com/23skdu/longbow/internal/store/internal/core/arrow_hnsw.go:1478.2,1478.45 1 1
github.com/23skdu/longbow/internal/store/internal/core/arrow_hnsw.go:1478.45,1479.16 1 1
github.com/23skdu/longbow/internal/store/internal/core/arrow_hnsw.go:1479.16,1481.4 1 1
github.com/23skdu/longbow/internal/store/internal/core/arrow_hnsw.go:1485.2,1494.22 2 1
github.com/23skdu/longbow/internal/store/internal/core/arrow_hnsw.go:1494.22,1496.26 1 1
github.com/23skdu/longbow/internal/store/internal/core/arrow_hnsw.go:1496.26,1533.4 33 1
github.com/23skdu/longbow/internal/store/internal/core/arrow_hnsw.go:1537.3,1537.55 1 1
github.com/23skdu/longbow/internal/store/internal/core/arrow_hnsw.go:1537.55,1539.4 1 0
github.com/23skdu/longbow/internal/store/internal/core/arrow_hnsw.go:1540.8,1540.39 1 1
github.com/23skdu/longbow/internal/store/internal/core/arrow_hnsw.go:1540.39,1542.55 1 1
github.com/23skdu/longbow/internal/store/internal/core/arrow_hnsw.go:1542.55,1544.4 1 0
github.com/23skdu/longbow/internal/store/internal/core/arrow_hnsw.go:1547.2,1556.19 5 1
github.com/23skdu/longbow/internal/store/internal/core/arrow_hnsw.go:1556.19,1561.42 1 1
github.com/23skdu/longbow/internal/store/internal/core/arrow_hnsw.go:1561.42,1562.58 1 1
github.com/23skdu/longbow/internal/store/internal/core/arrow_hnsw.go:1562.58,1564.5 1 0
github.com/23skdu/longbow/internal/store/internal/core/arrow_hnsw.go:1567.3,1567.40 1 1
github.com/23skdu/longbow/internal/store/internal/core/arrow_hnsw.go:1570.2,1575.12 3 1
github.com/23skdu/longbow/internal/store/internal/core/arrow_hnsw.go:1578.49,1580.2 1 1
github.com/23skdu/longbow/internal/store/internal/core/arrow_hnsw.go:1582.58,1587.47 4 0
github.com/23skdu/longbow/internal/store/internal/core/arrow_hnsw.go:1587.47,1588.16 1 0
github.com/23skdu/longbow/internal/store/internal/core/arrow_hnsw.go:1588.16,1589.12 1 0
github.com/23skdu/longbow/internal/store/internal/core/arrow_hnsw.go:1591.3,1592.24 2 0
github.com/23skdu/longbow/internal/store/internal/core/arrow_hnsw.go:1592.24,1595.9 3 0
github.com/23skdu/longbow/internal/store/internal/core/arrow_hnsw.go:1598.2,1600.17 2 0
github.com/23skdu/longbow/internal/store/internal/core/arrow_hnsw.go:1600.17,1602.3 1 0
github.com/23skdu/longbow/internal/store/internal/core/arrow_hnsw.go:1603.2,1603.20 1 0
github.com/23skdu/longbow/internal/store/internal/core/arrow_hnsw.go:1606.58,1611.2 0 0
github.com/23skdu/longbow/internal/store/internal/core/arrow_hnsw.go:1613.41,1615.31 2 1
github.com/23skdu/longbow/internal/store/internal/core/arrow_hnsw.go:1615.31,1617.3 1 0
github.com/23skdu/longbow/internal/store/internal/core/arrow_hnsw.go:1618.2,1618.10 1 1
github.com/23skdu/longbow/internal/store/internal/core/arrow_hnsw.go:1622.121,1624.53 1 1
github.com/23skdu/longbow/internal/store/internal/core/arrow_hnsw.go:1624.53,1630.38 4 0
github.com/23skdu/longbow/internal/store/internal/core/arrow_hnsw.go:1630.38,1631.48 1 0
github.com/23skdu/longbow/internal/store/internal/core/arrow_hnsw.go:1631.48,1633.65 2 0
github.com/23skdu/longbow/internal/store/internal/core/arrow_hnsw.go:1633.65,1635.11 2 0
github.com/23skdu/longbow/internal/store/internal/core/arrow_hnsw.go:1640.3,1640.22 1 0
github.com/23skdu/longbow/internal/store/internal/core/arrow_hnsw.go:1640.22,1644.29 3 0
github.com/23skdu/longbow/internal/store/internal/core/arrow_hnsw.go:1645.33,1651.28 4 0
github.com/23skdu/longbow/internal/store/internal/core/arrow_hnsw.go:1651.28,1654.13 3 0
github.com/23skdu/longbow/internal/store/internal/core/arrow_hnsw.go:1654.13,1656.60 2 0
github.com/23skdu/longbow/internal/store/internal/core/arrow_hnsw.go:1656.60,1659.8 2 0
github.com/23skdu/longbow/internal/store/internal/core/arrow_hnsw.go:1662.6,1662.23 1 0
github.com/23skdu/longbow/internal/store/internal/core/arrow_hnsw.go:1662.23,1664.44 2 0
github.com/23skdu/longbow/internal/store/internal/core/arrow_hnsw.go:1664.44,1667.8 2 0
github.com/23skdu/longbow/internal/store/internal/core/arrow_hnsw.go:1667.13,1669.13 2 0
github.com/23skdu/longbow/internal/store/internal/core/arrow_hnsw.go:1671.12,1673.81 1 0
github.com/23skdu/longbow/internal/store/internal/core/arrow_hnsw.go:1673.81,1676.8 2 0
github.com/23skdu/longbow/internal/store/internal/core/arrow_hnsw.go:1676.13,1678.13 2 0
github.com/23skdu/longbow/internal/store/internal/core/arrow_hnsw.go:1682.5,1687.87 2 0
github.com/23skdu/longbow/internal/store/internal/core/arrow_hnsw.go:1687.87,1689.22 2 0
github.com/23skdu/longbow/internal/store/internal/core/arrow_hnsw.go:1689.22,1690.30 1 0
github.com/23skdu/longbow/internal/store/internal/core/arrow_hnsw.go:1690.30,1691.40 1 0
github.com/23skdu/longbow/internal/store/internal/core/arrow_hnsw.go:1691.40,1693.14 2 0
github.com/23skdu/longbow/internal/store/internal/core/arrow_hnsw.go:1698.6,1698.22 1 0
github.com/23skdu/longbow/internal/store/internal/core/arrow_hnsw.go:1698.22,1701.24 3 0
github.com/23skdu/longbow/internal/store/internal/core/arrow_hnsw.go:1701.24,1704.43 3 0
github.com/23skdu/longbow/internal/store/internal/core/arrow_hnsw.go:1704.43,1710.43 5 0
github.com/23skdu/longbow/internal/store/internal/core/arrow_hnsw.go:1710.43,1714.10 3 0
github.com/23skdu/longbow/internal/store/internal/core/arrow_hnsw.go:1719.33,1721.28 2 0
github.com/23skdu/longbow/internal/store/internal/core/arrow_hnsw.go:1721.28,1723.82 2 0
github.com/23skdu/longbow/internal/store/internal/core/arrow_hnsw.go:1723.82,1726.7 2 0
github.com/23skdu/longbow/internal/store/internal/core/arrow_hnsw.go:1726.12,1728.12 2 0
github.com/23skdu/longbow/internal/store/internal/core/arrow_hnsw.go:1731.5,1731.16 1 0
github.com/23skdu/longbow/internal/store/internal/core/arrow_hnsw.go:1732.30,1734.28 2 0
github.com/23skdu/longbow/internal/store/internal/core/arrow_hnsw.go:1734.28,1736.75 2 0
github.com/23skdu/longbow/internal/store/internal/core/arrow_hnsw.go:1736.75,1739.7 2 0
github.com/23skdu/longbow/internal/store/internal/core/arrow_hnsw.go:1739.12,1741.12 2 0
github.com/23skdu/longbow/internal/store/internal/core/arrow_hnsw.go:1744.5,1744.15 1 0
github.com/23skdu/longbow/internal/store/internal/core/arrow_hnsw.go:1745.33,1747.28 2 0
github.com/23skdu/longbow/internal/store/internal/core/arrow_hnsw.go:1747.28,1749.78 2 0
github.com/23skdu/longbow/internal/store/internal/core/arrow_hnsw.go:1749.78,1752.7 2 0
github.com/23skdu/longbow/internal/store/internal/core/arrow_hnsw.go:1752.12,1754.12 2 0
github.com/23skdu/longbow/internal/store/internal/core/arrow_hnsw.go:1757.5,1757.16 1 0
github.com/23skdu/longbow/internal/store/internal/core/arrow_hnsw.go:1758.35,1760.28 2 0
github.com/23skdu/longbow/internal/store/internal/core/arrow_hnsw.go:1760.28,1762.80 2 0
github.com/23skdu/longbow/internal/store/internal/core/arrow_hnsw.go:1762.80,1765.7 2 0
github.com/23skdu/longbow/internal/store/internal/core/arrow_hnsw.go:1765.12,1767.12 2 0
github.com/23skdu/longbow/internal/store/internal/core/arrow_hnsw.go:1770.5,1770.16 1 0
github.com/23skdu/longbow/internal/store/internal/core/arrow_hnsw.go:1771.36,1773.28 2 0
github.com/23skdu/longbow/internal/store/internal/core/arrow_hnsw.go:1773.28,1775.81 2 0
github.com/23skdu/longbow/internal/store/internal/core/arrow_hnsw.go:1775.81,1778.7 2 0
github.com/23skdu/longbow/internal/store/internal/core/arrow_hnsw.go:1778.12,1780.12 2 0
github.com/23skdu/longbow/internal/store/internal/core/arrow_hnsw.go:1783.5,1783.17 1 0
github.com/23skdu/longbow/internal/store/internal/core/arrow_hnsw.go:1784.32,1786.28 2 0
github.com/23skdu/longbow/internal/store/internal/core/arrow_hnsw.go:1786.28,1788.77 2 0
github.com/23skdu/longbow/internal/store/internal/core/arrow_hnsw.go:1788.77,1791.7 2 0
github.com/23skdu/longbow/internal/store/internal/core/arrow_hnsw.go:1791.12,1793.12 2 0
github.com/23skdu/longbow/internal/store/internal/core/arrow_hnsw.go:1796.5,1796.16 1 0
github.com/23skdu/longbow/internal/store/internal/core/arrow_hnsw.go:1797.31,1799.28 2 0
github.com/23skdu/longbow/internal/store/internal/core/arrow_hnsw.go:1799.28,1801.76 2 0
github.com/23skdu/longbow/internal/store/internal/core/arrow_hnsw.go:1801.76,1804.7 2 0
github.com/23skdu/longbow/internal/store/internal/core/arrow_hnsw.go:1804.12,1806.12 2 0
github.com/23skdu/longbow/internal/store/internal/core/arrow_hnsw.go:1809.5,1809.16 1 0
github.com/23skdu/longbow/internal/store/internal/core/arrow_hnsw.go:1810.12,1811.22 1 0
github.com/23skdu/longbow/internal/store/internal/core/arrow_hnsw.go:1814.4,1814.32 1 0
github.com/23skdu/longbow/internal/store/internal/core/arrow_hnsw.go:1814.32,1815.65 1 0
github.com/23skdu/longbow/internal/store/internal/core/arrow_hnsw.go:1815.65,1817.29 2 0
github.com/23skdu/longbow/internal/store/internal/core/arrow_hnsw.go:1817.29,1819.7 1 0
github.com/23skdu/longbow/internal/store/internal/core/arrow_hnsw.go:1820.6,1820.21 1 0
github.com/23skdu/longbow/internal/store/internal/core/arrow_hnsw.go:1821.11,1823.6 1 0
github.com/23skdu/longbow/internal/store/internal/core/arrow_hnsw.go:1828.2,1829.25 2 1
github.com/23skdu/longbow/internal/store/internal/core/arrow_hnsw.go:1829.25,1830.17 1 1
github.com/23skdu/longbow/internal/store/internal/core/arrow_hnsw.go:1830.17,1831.36 1 1
github.com/23skdu/longbow/internal/store/internal/core/arrow_hnsw.go:1831.36,1833.5 1 0
github.com/23skdu/longbow/internal/store/internal/core/arrow_hnsw.go:1837.3,1839.10 3 1
github.com/23skdu/longbow/internal/store/internal/core/arrow_hnsw.go:1840.46,1841.20 1 1
github.com/23skdu/longbow/internal/store/internal/core/arrow_hnsw.go:1842.23,1843.17 1 1
github.com/23skdu/longbow/internal/store/internal/core/arrow_hnsw.go:1844.22,1845.17 1 0
github.com/23skdu/longbow/internal/store/internal/core/arrow_hnsw.go:1846.11,1847.118 1 0
github.com/23skdu/longbow/internal/store/internal/core/arrow_hnsw.go:1850.3,1851.17 2 1
github.com/23skdu/longbow/internal/store/internal/core/arrow_hnsw.go:1851.17,1853.4 1 0
github.com/23skdu/longbow/internal/store/internal/core/arrow_hnsw.go:1854.3,1854.24 1 1
github.com/23skdu/longbow/internal/store/internal/core/arrow_hnsw.go:1856.2,1856.17 1 1
github.com/23skdu/longbow/internal/store/internal/core/arrow_hnsw.go:1859.44,1863.33 3 1
github.com/23skdu/longbow/internal/store/internal/core/arrow_hnsw.go:1863.33,1865.3 1 1
github.com/23skdu/longbow/internal/store/internal/core/arrow_hnsw.go:1867.2,1872.12 4 1
github.com/23skdu/longbow/internal/store/internal/core/arrow_hnsw.go:1872.12,1874.3 1 0
github.com/23skdu/longbow/internal/store/internal/core/arrow_hnsw.go:1875.2,1876.19 2 1
github.com/23skdu/longbow/internal/store/internal/core/arrow_hnsw.go:1876.19,1878.19 2 1
github.com/23skdu/longbow/internal/store/internal/core/arrow_hnsw.go:1878.19,1880.4 1 0
github.com/23skdu/longbow/internal/store/internal/core/arrow_hnsw.go:1882.2,1889.62 5 1
github.com/23skdu/longbow/internal/store/internal/core/arrow_hnsw.go:1894.143,1896.35 1 0
github.com/23skdu/longbow/internal/store/internal/core/arrow_hnsw.go:1896.35,1900.3 2 0
github.com/23skdu/longbow/internal/store/internal/core/arrow_hnsw.go:1901.2,1901.12 1 0
github.com/23skdu/longbow/internal/store/internal/core/arrow_hnsw.go:1904.144,1907.51 2 1
github.com/23skdu/longbow/internal/store/internal/core/arrow_hnsw.go:1907.51,1909.3 1 1
github.com/23skdu/longbow/internal/store/internal/core/arrow_hnsw.go:1911.2,1912.65 2 1
github.com/23skdu/longbow/internal/store/internal/core/arrow_hnsw.go:1912.65,1915.17 3 0
github.com/23skdu/longbow/internal/store/internal/core/arrow_hnsw.go:1915.17,1917.4 1 0
github.com/23skdu/longbow/internal/store/internal/core/arrow_hnsw.go:1918.3,1918.20 1 0
github.com/23skdu/longbow/internal/store/internal/core/arrow_hnsw.go:1918.20,1920.4 1 0
github.com/23skdu/longbow/internal/store/internal/core/arrow_hnsw.go:1923.2,1924.19 2 1
github.com/23skdu/longbow/internal/store/internal/core/arrow_hnsw.go:1924.19,1926.3 1 0
github.com/23skdu/longbow/internal/store/internal/core/arrow_hnsw.go:1929.2,1929.76 1 1
github.com/23skdu/longbow/internal/store/internal/core/arrow_hnsw.go:1932.163,1933.34 1 0
github.com/23skdu/longbow/internal/store/internal/core/arrow_hnsw.go:1933.34,1935.3 1 0
github.com/23skdu/longbow/internal/store/internal/core/arrow_hnsw.go:1937.2,1939.29 2 0
github.com/23skdu/longbow/internal/store/internal/core/arrow_hnsw.go:1939.29,1941.3 1 0
github.com/23skdu/longbow/internal/store/internal/core/arrow_hnsw.go:1943.2,1944.51 2 0
github.com/23skdu/longbow/internal/store/internal/core/arrow_hnsw.go:1944.51,1946.3 1 0
github.com/23skdu/longbow/internal/store/internal/core/arrow_hnsw.go:1948.2,1949.65 2 0
github.com/23skdu/longbow/internal/store/internal/core/arrow_hnsw.go:1949.65,1952.17 3 0
github.com/23skdu/longbow/internal/store/internal/core/arrow_hnsw.go:1952.17,1954.4 1 0
github.com/23skdu/longbow/internal/store/internal/core/arrow_hnsw.go:1955.3,1955.20 1 0
github.com/23skdu/longbow/internal/store/internal/core/arrow_hnsw.go:1955.20,1957.4 1 0
github.com/23skdu/longbow/internal/store/internal/core/arrow_hnsw.go:1960.2,1961.19 2 0
github.com/23skdu/longbow/internal/store/internal/core/arrow_hnsw.go:1961.19,1963.3 1 0
github.com/23skdu/longbow/internal/store/internal/core/arrow_hnsw.go:1965.2,1968.17 3 0
github.com/23skdu/longbow/internal/store/internal/core/arrow_hnsw.go:1968.17,1970.3 1 0
github.com/23skdu/longbow/internal/store/internal/core/arrow_hnsw.go:1972.2,1973.21 2 0
github.com/23skdu/longbow/internal/store/internal/core/arrow_hnsw.go:1973.21,1975.3 1 0
github.com/23skdu/longbow/internal/store/internal/core/arrow_hnsw.go:1977.2,1982.15 5 0
github.com/23skdu/longbow/internal/store/internal/core/arrow_hnsw.go:1982.15,1984.44 2 0
github.com/23skdu/longbow/internal/store/internal/core/arrow_hnsw.go:1984.44,1986.4 1 0
github.com/23skdu/longbow/internal/store/internal/core/arrow_hnsw.go:1987.3,1987.30 1 0
github.com/23skdu/longbow/internal/store/internal/core/arrow_hnsw.go:1990.2,1991.26 2 0
github.com/23skdu/longbow/internal/store/internal/core/arrow_hnsw.go:1991.26,1993.3 1 0
github.com/23skdu/longbow/internal/store/internal/core/arrow_hnsw.go:1995.2,1998.49 3 0
github.com/23skdu/longbow/internal/store/internal/core/arrow_hnsw.go:1998.49,2000.17 2 0
github.com/23skdu/longbow/internal/store/internal/core/arrow_hnsw.go:2000.17,2002.4 1 0
github.com/23skdu/longbow/internal/store/internal/core/arrow_hnsw.go:2003.3,2003.19 1 0
github.com/23skdu/longbow/internal/store/internal/core/arrow_hnsw.go:2003.19,2005.4 1 0
github.com/23skdu/longbow/internal/store/internal/core/arrow_hnsw.go:2008.2,2009.16 2 0
github.com/23skdu/longbow/internal/store/internal/core/arrow_hnsw.go:2009.16,2011.3 1 0
github.com/23skdu/longbow/internal/store/internal/core/arrow_hnsw.go:2013.2,2014.24 2 0
github.com/23skdu/longbow/internal/store/internal/core/arrow_hnsw.go:2014.24,2015.25 1 0
github.com/23skdu/longbow/internal/store/internal/core/arrow_hnsw.go:2015.25,2016.12 1 0
github.com/23skdu/longbow/internal/store/internal/core/arrow_hnsw.go:2018.3,2018.51 1 0
github.com/23skdu/longbow/internal/store/internal/core/arrow_hnsw.go:2018.51,2019.12 1 0
github.com/23skdu/longbow/internal/store/internal/core/arrow_hnsw.go:2021.3,2021.60 1 0
github.com/23skdu/longbow/internal/store/internal/core/arrow_hnsw.go:2021.60,2022.12 1 0
github.com/23skdu/longbow/internal/store/internal/core/arrow_hnsw.go:2024.3,2028.5 1 0
github.com/23skdu/longbow/internal/store/internal/core/arrow_hnsw.go:2031.2,2034.21 3 0
github.com/23skdu/longbow/internal/store/internal/core/arrow_hnsw.go:2037.121,2038.30 1 1
github.com/23skdu/longbow/internal/store/internal/core/arrow_hnsw.go:2039.17,2040.71 1 1
github.com/23skdu/longbow/internal/store/internal/core/arrow_hnsw.go:2040.71,2041.64 1 0
github.com/23skdu/longbow/internal/store/internal/core/arrow_hnsw.go:2041.64,2043.5 1 0
github.com/23skdu/longbow/internal/store/internal/core/arrow_hnsw.go:2044.4,2045.112 2 0
github.com/23skdu/longbow/internal/store/internal/core/arrow_hnsw.go:2047.3,2047.47 1 1
github.com/23skdu/longbow/internal/store/internal/core/arrow_hnsw.go:2047.47,2049.18 2 1
github.com/23skdu/longbow/internal/store/internal/core/arrow_hnsw.go:2049.18,2051.5 1 1
github.com/23skdu/longbow/internal/store/internal/core/arrow_hnsw.go:2057.3,2058.23 2 1
github.com/23skdu/longbow/internal/store/internal/core/arrow_hnsw.go:2058.23,2060.4 1 1
github.com/23skdu/longbow/internal/store/internal/core/arrow_hnsw.go:2061.3,2062.23 2 1
github.com/23skdu/longbow/internal/store/internal/core/arrow_hnsw.go:2062.23,2064.44 1 1
github.com/23skdu/longbow/internal/store/internal/core/arrow_hnsw.go:2064.44,2066.27 2 0
github.com/23skdu/longbow/internal/store/internal/core/arrow_hnsw.go:2066.27,2066.92 1 0
github.com/23skdu/longbow/internal/store/internal/core/arrow_hnsw.go:2067.5,2067.35 1 0
github.com/23skdu/longbow/internal/store/internal/core/arrow_hnsw.go:2070.3,2070.14 1 1
github.com/23skdu/longbow/internal/store/internal/core/arrow_hnsw.go:2071.23,2074.39 3 1
github.com/23skdu/longbow/internal/store/internal/core/arrow_hnsw.go:2074.39,2077.4 2 1
github.com/23skdu/longbow/internal/store/internal/core/arrow_hnsw.go:2077.9,2080.4 2 0
github.com/23skdu/longbow/internal/store/internal/core/arrow_hnsw.go:2081.3,2081.109 1 1
github.com/23skdu/longbow/internal/store/internal/core/arrow_hnsw.go:2082.17,2083.96 1 1
github.com/23skdu/longbow/internal/store/internal/core/arrow_hnsw.go:2084.19,2086.23 1 1
github.com/23skdu/longbow/internal/store/internal/core/arrow_hnsw.go:2086.23,2087.40 1 1
github.com/23skdu/longbow/internal/store/internal/core/arrow_hnsw.go:2087.40,2089.5 1 1
github.com/23skdu/longbow/internal/store/internal/core/arrow_hnsw.go:2090.4,2092.116 3 1
github.com/23skdu/longbow/internal/store/internal/core/arrow_hnsw.go:2094.3,2094.98 1 0
github.com/23skdu/longbow/internal/store/internal/core/arrow_hnsw.go:2095.20,2096.23 1 1
github.com/23skdu/longbow/internal/store/internal/core/arrow_hnsw.go:2096.23,2097.41 1 1
github.com/23skdu/longbow/internal/store/internal/core/arrow_hnsw.go:2097.41,2099.5 1 1
github.com/23skdu/longbow/internal/store/internal/core/arrow_hnsw.go:2100.4,2102.118 3 1
github.com/23skdu/longbow/internal/store/internal/core/arrow_hnsw.go:2104.3,2104.67 1 0
github.com/23skdu/longbow/internal/store/internal/core/arrow_hnsw.go:2105.15,2106.62 1 0
github.com/23skdu/longbow/internal/store/internal/core/arrow_hnsw.go:2107.16,2108.63 1 0
github.com/23skdu/longbow/internal/store/internal/core/arrow_hnsw.go:2109.15,2110.62 1 0
github.com/23skdu/longbow/internal/store/internal/core/arrow_hnsw.go:2111.16,2112.63 1 0
github.com/23skdu/longbow/internal/store/internal/core/arrow_hnsw.go:2113.15,2114.62 1 0
github.com/23skdu/longbow/internal/store/internal/core/arrow_hnsw.go:2115.16,2116.63 1 0
github.com/23skdu/longbow/internal/store/internal/core/arrow_hnsw.go:2118.2,2118.12 1 1
github.com/23skdu/longbow/internal/store/internal/core/arrow_hnsw.go:2124.54,2124.71 1 1
github.com/23skdu/longbow/internal/store/internal/core/arrow_hnsw.go:2125.54,2125.86 1 1
github.com/23skdu/longbow/internal/store/internal/core/arrow_hnsw.go:2126.54,2126.81 1 1
github.com/23skdu/longbow/internal/store/internal/core/arrow_hnsw.go:2127.54,2127.94 1 1
github.com/23skdu/longbow/internal/store/internal/core/arrow_hnsw.go:2128.45,2134.2 5 1
github.com/23skdu/longbow/internal/store/internal/core/arrow_hnsw.go:2139.54,2139.71 1 1
github.com/23skdu/longbow/internal/store/internal/core/arrow_hnsw.go:2140.54,2140.86 1 1
github.com/23skdu/longbow/internal/store/internal/core/arrow_hnsw.go:2141.54,2141.81 1 1
github.com/23skdu/longbow/internal/store/internal/core/arrow_hnsw.go:2142.54,2142.94 1 1
github.com/23skdu/longbow/internal/store/internal/core/arrow_hnsw.go:2143.45,2149.2 5 1
github.com/23skdu/longbow/internal/store/internal/core/arrow_hnsw.go:2153.189,2155.15 2 1
github.com/23skdu/longbow/internal/store/internal/core/arrow_hnsw.go:2155.15,2157.3 1 1
github.com/23skdu/longbow/internal/store/internal/core/arrow_hnsw.go:2160.2,2166.9 3 1
github.com/23skdu/longbow/internal/store/internal/core/arrow_hnsw.go:2166.9,2171.17 5 1
github.com/23skdu/longbow/internal/store/internal/core/arrow_hnsw.go:2171.17,2173.4 1 0
github.com/23skdu/longbow/internal/store/internal/core/arrow_hnsw.go:2174.8,2175.31 1 1
github.com/23skdu/longbow/internal/store/internal/core/arrow_hnsw.go:2176.18,2177.52 1 0
github.com/23skdu/longbow/internal/store/internal/core/arrow_hnsw.go:2177.52,2179.19 2 0
github.com/23skdu/longbow/internal/store/internal/core/arrow_hnsw.go:2179.19,2181.6 1 0
github.com/23skdu/longbow/internal/store/internal/core/arrow_hnsw.go:2182.5,2182.31 1 0
github.com/23skdu/longbow/internal/store/internal/core/arrow_hnsw.go:2183.20,2184.29 1 0
github.com/23skdu/longbow/internal/store/internal/core/arrow_hnsw.go:2185.20,2186.30 1 0
github.com/23skdu/longbow/internal/store/internal/core/arrow_hnsw.go:2186.30,2188.7 1 0
github.com/23skdu/longbow/internal/store/internal/core/arrow_hnsw.go:2189.6,2190.28 2 0
github.com/23skdu/longbow/internal/store/internal/core/arrow_hnsw.go:2190.28,2192.7 1 0
github.com/23skdu/longbow/internal/store/internal/core/arrow_hnsw.go:2193.6,2193.34 1 0
github.com/23skdu/longbow/internal/store/internal/core/arrow_hnsw.go:2194.24,2195.30 1 0
github.com/23skdu/longbow/internal/store/internal/core/arrow_hnsw.go:2195.30,2197.7 1 0
github.com/23skdu/longbow/internal/store/internal/core/arrow_hnsw.go:2198.6,2199.28 2 0
github.com/23skdu/longbow/internal/store/internal/core/arrow_hnsw.go:2199.28,2201.7 1 0
github.com/23skdu/longbow/internal/store/internal/core/arrow_hnsw.go:2202.6,2202.34 1 0
github.com/23skdu/longbow/internal/store/internal/core/arrow_hnsw.go:2203.26,2205.35 2 0
github.com/23skdu/longbow/internal/store/internal/core/arrow_hnsw.go:2205.35,2207.7 1 0
github.com/23skdu/longbow/internal/store/internal/core/arrow_hnsw.go:2207.12,2209.7 1 0
github.com/23skdu/longbow/internal/store/internal/core/arrow_hnsw.go:2211.6,2211.49 1 0
github.com/23skdu/longbow/internal/store/internal/core/arrow_hnsw.go:2211.49,2215.29 4 0
github.com/23skdu/longbow/internal/store/internal/core/arrow_hnsw.go:2215.29,2219.8 3 0
github.com/23skdu/longbow/internal/store/internal/core/arrow_hnsw.go:2220.7,2220.51 1 0
github.com/23skdu/longbow/internal/store/internal/core/arrow_hnsw.go:2223.6,2224.28 2 0
github.com/23skdu/longbow/internal/store/internal/core/arrow_hnsw.go:2224.28,2227.7 2 0
github.com/23skdu/longbow/internal/store/internal/core/arrow_hnsw.go:2228.6,2228.50 1 0
github.com/23skdu/longbow/internal/store/internal/core/arrow_hnsw.go:2229.22,2232.34 3 0
github.com/23skdu/longbow/internal/store/internal/core/arrow_hnsw.go:2232.34,2234.7 1 0
github.com/23skdu/longbow/internal/store/internal/core/arrow_hnsw.go:2235.6,2236.35 2 0
github.com/23skdu/longbow/internal/store/internal/core/arrow_hnsw.go:2236.35,2237.21 1 0
github.com/23skdu/longbow/internal/store/internal/core/arrow_hnsw.go:2237.21,2241.8 3 0
github.com/23skdu/longbow/internal/store/internal/core/arrow_hnsw.go:2243.6,2243.50 1 0
github.com/23skdu/longbow/internal/store/internal/core/arrow_hnsw.go:2244.23,2247.34 3 0
github.com/23skdu/longbow/internal/store/internal/core/arrow_hnsw.go:2247.34,2249.7 1 0
github.com/23skdu/longbow/internal/store/internal/core/arrow_hnsw.go:2250.6,2251.35 2 0
github.com/23skdu/longbow/internal/store/internal/core/arrow_hnsw.go:2251.35,2252.21 1 0
github.com/23skdu/longbow/internal/store/internal/core/arrow_hnsw.go:2252.21,2256.8 3 0
github.com/23skdu/longbow/internal/store/internal/core/arrow_hnsw.go:2258.6,2258.41 1 0
github.com/23skdu/longbow/internal/store/internal/core/arrow_hnsw.go:2260.5,2260.32 1 0
github.com/23skdu/longbow/internal/store/internal/core/arrow_hnsw.go:2262.4,2262.40 1 0
github.com/23skdu/longbow/internal/store/internal/core/arrow_hnsw.go:2264.15,2265.52 1 0
github.com/23skdu/longbow/internal/store/internal/core/arrow_hnsw.go:2265.52,2267.19 2 0
github.com/23skdu/longbow/internal/store/internal/core/arrow_hnsw.go:2267.19,2269.6 1 0
github.com/23skdu/longbow/internal/store/internal/core/arrow_hnsw.go:2270.5,2270.34 1 0
github.com/23skdu/longbow/internal/store/internal/core/arrow_hnsw.go:2271.20,2276.28 4 0
github.com/23skdu/longbow/internal/store/internal/core/arrow_hnsw.go:2276.28,2280.7 3 0
github.com/23skdu/longbow/internal/store/internal/core/arrow_hnsw.go:2281.6,2281.50 1 0
github.com/23skdu/longbow/internal/store/internal/core/arrow_hnsw.go:2282.26,2284.38 2 0
github.com/23skdu/longbow/internal/store/internal/core/arrow_hnsw.go:2284.38,2286.7 1 0
github.com/23skdu/longbow/internal/store/internal/core/arrow_hnsw.go:2286.12,2288.7 1 0
github.com/23skdu/longbow/internal/store/internal/core/arrow_hnsw.go:2290.6,2293.28 3 0
github.com/23skdu/longbow/internal/store/internal/core/arrow_hnsw.go:2293.28,2295.7 1 0
github.com/23skdu/longbow/internal/store/internal/core/arrow_hnsw.go:2297.6,2298.49 2 0
github.com/23skdu/longbow/internal/store/internal/core/arrow_hnsw.go:2298.49,2301.30 3 0
github.com/23skdu/longbow/internal/store/internal/core/arrow_hnsw.go:2301.30,2307.8 4 0
github.com/23skdu/longbow/internal/store/internal/core/arrow_hnsw.go:2308.12,2313.7 3 0
github.com/23skdu/longbow/internal/store/internal/core/arrow_hnsw.go:2315.5,2315.32 1 0
github.com/23skdu/longbow/internal/store/internal/core/arrow_hnsw.go:2317.4,2317.40 1 0
github.com/23skdu/longbow/internal/store/internal/core/arrow_hnsw.go:2319.20,2320.52 1 0
github.com/23skdu/longbow/internal/store/internal/core/arrow_hnsw.go:2320.52,2322.19 2 0
github.com/23skdu/longbow/internal/store/internal/core/arrow_hnsw.go:2322.19,2324.6 1 0
github.com/23skdu/longbow/internal/store/internal/core/arrow_hnsw.go:2325.5,2325.42 1 0
github.com/23skdu/longbow/internal/store/internal/core/arrow_hnsw.go:2325.42,2326.26 1 0
github.com/23skdu/longbow/internal/store/internal/core/arrow_hnsw.go:2326.26,2328.7 1 0
github.com/23skdu/longbow/internal/store/internal/core/arrow_hnsw.go:2329.6,2330.28 2 0
github.com/23skdu/longbow/internal/store/internal/core/arrow_hnsw.go:2330.28,2334.7 3 0
github.com/23skdu/longbow/internal/store/internal/core/arrow_hnsw.go:2335.6,2335.50 1 0
github.com/23skdu/longbow/internal/store/internal/core/arrow_hnsw.go:2337.5,2337.32 1 0
github.com/23skdu/longbow/internal/store/internal/core/arrow_hnsw.go:2339.4,2339.40 1 0
github.com/23skdu/longbow/internal/store/internal/core/arrow_hnsw.go:2341.21,2342.52 1 0
github.com/23skdu/longbow/internal/store/internal/core/arrow_hnsw.go:2342.52,2344.19 2 0
github.com/23skdu/longbow/internal/store/internal/core/arrow_hnsw.go:2344.19,2346.6 1 0
github.com/23skdu/longbow/internal/store/internal/core/arrow_hnsw.go:2347.5,2347.43 1 0
github.com/23skdu/longbow/internal/store/internal/core/arrow_hnsw.go:2347.43,2348.26 1 0
github.com/23skdu/longbow/internal/store/internal/core/arrow_hnsw.go:2348.26,2350.7 1 0
github.com/23skdu/longbow/internal/store/internal/core/arrow_hnsw.go:2351.6,2352.28 2 0
github.com/23skdu/longbow/internal/store/internal/core/arrow_hnsw.go:2352.28,2356.7 3 0
github.com/23skdu/longbow/internal/store/internal/core/arrow_hnsw.go:2357.6,2357.41 1 0
github.com/23skdu/longbow/internal/store/internal/core/arrow_hnsw.go:2359.5,2359.32 1 0
github.com/23skdu/longbow/internal/store/internal/core/arrow_hnsw.go:2361.4,2361.40 1 0
github.com/23skdu/longbow/internal/store/internal/core/arrow_hnsw.go:2363.18,2364.52 1 0
github.com/23skdu/longbow/internal/store/internal/core/arrow_hnsw.go:2364.52,2366.19 2 0
github.com/23skdu/longbow/internal/store/internal/core/arrow_hnsw.go:2366.19,2368.6 1 0
github.com/23skdu/longbow/internal/store/internal/core/arrow_hnsw.go:2369.5,2369.40 1 0
github.com/23skdu/longbow/internal/store/internal/core/arrow_hnsw.go:2369.40,2370.26 1 0
github.com/23skdu/longbow/internal/store/internal/core/arrow_hnsw.go:2370.26,2372.7 1 0
github.com/23skdu/longbow/internal/store/internal/core/arrow_hnsw.go:2373.6,2373.30 1 0
github.com/23skdu/longbow/internal/store/internal/core/arrow_hnsw.go:2373.30,2375.7 1 0
github.com/23skdu/longbow/internal/store/internal/core/arrow_hnsw.go:2377.6,2378.28 2 0
github.com/23skdu/longbow/internal/store/internal/core/arrow_hnsw.go:2378.28,2381.7 2 0
github.com/23skdu/longbow/internal/store/internal/core/arrow_hnsw.go:2382.6,2382.41 1 0
github.com/23skdu/longbow/internal/store/internal/core/arrow_hnsw.go:2384.5,2384.32 1 0
github.com/23skdu/longbow/internal/store/internal/core/arrow_hnsw.go:2386.4,2386.40 1 0
github.com/23skdu/longbow/internal/store/internal/core/arrow_hnsw.go:2388.22,2389.52 1 1
github.com/23skdu/longbow/internal/store/internal/core/arrow_hnsw.go:2389.52,2391.19 2 1
github.com/23skdu/longbow/internal/store/internal/core/arrow_hnsw.go:2391.19,2393.6 1 0
github.com/23skdu/longbow/internal/store/internal/core/arrow_hnsw.go:2394.5,2394.44 1 1
github.com/23skdu/longbow/internal/store/internal/core/arrow_hnsw.go:2394.44,2395.26 1 1
github.com/23skdu/longbow/internal/store/internal/core/arrow_hnsw.go:2395.26,2397.7 1 0
github.com/23skdu/longbow/internal/store/internal/core/arrow_hnsw.go:2398.6,2398.30 1 1
github.com/23skdu/longbow/internal/store/internal/core/arrow_hnsw.go:2398.30,2400.7 1 1
github.com/23skdu/longbow/internal/store/internal/core/arrow_hnsw.go:2402.6,2403.28 2 0
github.com/23skdu/longbow/internal/store/internal/core/arrow_hnsw.go:2403.28,2406.7 2 0
github.com/23skdu/longbow/internal/store/internal/core/arrow_hnsw.go:2407.6,2407.50 1 0
github.com/23skdu/longbow/internal/store/internal/core/arrow_hnsw.go:2409.5,2409.32 1 0
github.com/23skdu/longbow/internal/store/internal/core/arrow_hnsw.go:2411.4,2411.40 1 1
github.com/23skdu/longbow/internal/store/internal/core/arrow_hnsw.go:2413.17,2414.52 1 0
github.com/23skdu/longbow/internal/store/internal/core/arrow_hnsw.go:2414.52,2416.19 2 0
github.com/23skdu/longbow/internal/store/internal/core/arrow_hnsw.go:2416.19,2418.6 1 0
github.com/23skdu/longbow/internal/store/internal/core/arrow_hnsw.go:2419.5,2419.39 1 0
github.com/23skdu/longbow/internal/store/internal/core/arrow_hnsw.go:2419.39,2420.26 1 0
github.com/23skdu/longbow/internal/store/internal/core/arrow_hnsw.go:2420.26,2422.7 1 0
github.com/23skdu/longbow/internal/store/internal/core/arrow_hnsw.go:2423.6,2424.28 2 0
github.com/23skdu/longbow/internal/store/internal/core/arrow_hnsw.go:2424.28,2427.7 2 0
github.com/23skdu/longbow/internal/store/internal/core/arrow_hnsw.go:2428.6,2428.50 1 0
github.com/23skdu/longbow/internal/store/internal/core/arrow_hnsw.go:2430.5,2430.32 1 0
github.com/23skdu/longbow/internal/store/internal/core/arrow_hnsw.go:2432.4,2432.40 1 0
github.com/23skdu/longbow/internal/store/internal/core/arrow_hnsw.go:2434.16,2435.52 1 0
github.com/23skdu/longbow/internal/store/internal/core/arrow_hnsw.go:2435.52,2437.19 2 0
github.com/23skdu/longbow/internal/store/internal/core/arrow_hnsw.go:2437.19,2439.6 1 0
github.com/23skdu/longbow/internal/store/internal/core/arrow_hnsw.go:2440.5,2440.38 1 0
github.com/23skdu/longbow/internal/store/internal/core/arrow_hnsw.go:2440.38,2441.26 1 0
github.com/23skdu/longbow/internal/store/internal/core/arrow_hnsw.go:2441.26,2443.7 1 0
github.com/23skdu/longbow/internal/store/internal/core/arrow_hnsw.go:2444.6,2444.46 1 0
github.com/23skdu/longbow/internal/store/internal/core/arrow_hnsw.go:2446.5,2446.32 1 0
github.com/23skdu/longbow/internal/store/internal/core/arrow_hnsw.go:2448.4,2448.40 1 0
github.com/23skdu/longbow/internal/store/internal/core/arrow_hnsw.go:2450.16,2451.52 1 0
github.com/23skdu/longbow/internal/store/internal/core/arrow_hnsw.go:2451.52,2453.19 2 0
github.com/23skdu/longbow/internal/store/internal/core/arrow_hnsw.go:2453.19,2455.6 1 0
github.com/23skdu/longbow/internal/store/internal/core/arrow_hnsw.go:2456.5,2456.38 1 0
github.com/23skdu/longbow/internal/store/internal/core/arrow_hnsw.go:2456.38,2457.26 1 0
github.com/23skdu/longbow/internal/store/internal/core/arrow_hnsw.go:2457.26,2459.7 1 0
github.com/23skdu/longbow/internal/store/internal/core/arrow_hnsw.go:2460.6,2460.46 1 0
github.com/23skdu/longbow/internal/store/internal/core/arrow_hnsw.go:2462.5,2462.32 1 0
github.com/23skdu/longbow/internal/store/internal/core/arrow_hnsw.go:2464.4,2464.40 1 0
github.com/23skdu/longbow/internal/store/internal/core/arrow_hnsw.go:2466.17,2467.52 1 0
github.com/23skdu/longbow/internal/store/internal/core/arrow_hnsw.go:2467.52,2469.19 2 0
github.com/23skdu/longbow/internal/store/internal/core/arrow_hnsw.go:2469.19,2471.6 1 0
github.com/23skdu/longbow/internal/store/internal/core/arrow_hnsw.go:2472.5,2472.39 1 0
github.com/23skdu/longbow/internal/store/internal/core/arrow_hnsw.go:2472.39,2473.26 1 0
github.com/23skdu/longbow/internal/store/internal/core/arrow_hnsw.go:2473.26,2475.7 1 0
github.com/23skdu/longbow/internal/store/internal/core/arrow_hnsw.go:2476.6,2476.47 1 0
github.com/23skdu/longbow/internal/store/internal/core/arrow_hnsw.go:2478.5,2478.32 1 0
github.com/23skdu/longbow/internal/store/internal/core/arrow_hnsw.go:2480.4,2480.40 1 0
github.com/23skdu/longbow/internal/store/internal/core/arrow_hnsw.go:2482.16,2483.52 1 0
github.com/23skdu/longbow/internal/store/internal/core/arrow_hnsw.go:2483.52,2485.19 2 0
github.com/23skdu/longbow/internal/store/internal/core/arrow_hnsw.go:2485.19,2487.6 1 0
github.com/23skdu/longbow/internal/store/internal/core/arrow_hnsw.go:2488.5,2488.38 1 0
github.com/23skdu/longbow/internal/store/internal/core/arrow_hnsw.go:2488.38,2489.26 1 0
github.com/23skdu/longbow/internal/store/internal/core/arrow_hnsw.go:2489.26,2491.7 1 0
github.com/23skdu/longbow/internal/store/internal/core/arrow_hnsw.go:2492.6,2492.46 1 0
github.com/23skdu/longbow/internal/store/internal/core/arrow_hnsw.go:2494.5,2494.32 1 0
github.com/23skdu/longbow/internal/store/internal/core/arrow_hnsw.go:2496.4,2496.40 1 0
github.com/23skdu/longbow/internal/store/internal/core/arrow_hnsw.go:2498.17,2499.52 1 0
github.com/23skdu/longbow/internal/store/internal/core/arrow_hnsw.go:2499.52,2501.19 2 0
github.com/23skdu/longbow/internal/store/internal/core/arrow_hnsw.go:2501.19,2503.6 1 0
github.com/23skdu/longbow/internal/store/internal/core/arrow_hnsw.go:2504.5,2504.39 1 0
github.com/23skdu/longbow/internal/store/internal/core/arrow_hnsw.go:2504.39,2505.26 1 0
github.com/23skdu/longbow/internal/store/internal/core/arrow_hnsw.go:2505.26,2507.7 1 0
github.com/23skdu/longbow/internal/store/internal/core/arrow_hnsw.go:2508.6,2508.47 1 0
github.com/23skdu/longbow/internal/store/internal/core/arrow_hnsw.go:2510.5,2510.32 1 0
github.com/23skdu/longbow/internal/store/internal/core/arrow_hnsw.go:2512.4,2512.40 1 0
github.com/23skdu/longbow/internal/store/internal/core/arrow_hnsw.go:2514.11,2515.85 1 0
github.com/23skdu/longbow/internal/store/internal/core/arrow_hnsw.go:2520.2,2532.24 10 1
github.com/23skdu/longbow/internal/store/internal/core/arrow_hnsw.go:2532.24,2543.29 3 1
github.com/23skdu/longbow/internal/store/internal/core/arrow_hnsw.go:2543.29,2546.27 3 1
github.com/23skdu/longbow/internal/store/internal/core/arrow_hnsw.go:2546.27,2549.5 1 1
github.com/23skdu/longbow/internal/store/internal/core/arrow_hnsw.go:2550.4,2550.58 1 1
github.com/23skdu/longbow/internal/store/internal/core/arrow_hnsw.go:2550.58,2552.10 1 1
github.com/23skdu/longbow/internal/store/internal/core/arrow_hnsw.go:2563.3,2566.25 3 1
github.com/23skdu/longbow/internal/store/internal/core/arrow_hnsw.go:2566.25,2568.4 1 0
github.com/23skdu/longbow/internal/store/internal/core/arrow_hnsw.go:2569.3,2569.25 1 1
github.com/23skdu/longbow/internal/store/internal/core/arrow_hnsw.go:2569.25,2571.4 1 0
github.com/23skdu/longbow/internal/store/internal/core/arrow_hnsw.go:2572.3,2572.60 1 1
github.com/23skdu/longbow/internal/store/internal/core/arrow_hnsw.go:2572.60,2577.20 5 1
github.com/23skdu/longbow/internal/store/internal/core/arrow_hnsw.go:2577.20,2579.38 2 1
github.com/23skdu/longbow/internal/store/internal/core/arrow_hnsw.go:2579.38,2582.6 2 1
github.com/23skdu/longbow/internal/store/internal/core/arrow_hnsw.go:2584.4,2584.34 1 1
github.com/23skdu/longbow/internal/store/internal/core/arrow_hnsw.go:2584.34,2585.66 1 1
github.com/23skdu/longbow/internal/store/internal/core/arrow_hnsw.go:2585.66,2588.42 3 1
github.com/23skdu/longbow/internal/store/internal/core/arrow_hnsw.go:2588.42,2590.7 1 1
github.com/23skdu/longbow/internal/store/internal/core/arrow_hnsw.go:2593.4,2593.33 1 1
github.com/23skdu/longbow/internal/store/internal/core/arrow_hnsw.go:2593.33,2594.63 1 0
github.com/23skdu/longbow/internal/store/internal/core/arrow_hnsw.go:2594.63,2597.38 3 0
github.com/23skdu/longbow/internal/store/internal/core/arrow_hnsw.go:2597.38,2599.7 1 0
github.com/23skdu/longbow/internal/store/internal/core/arrow_hnsw.go:2604.3,2604.31 1 1
github.com/23skdu/longbow/internal/store/internal/core/arrow_hnsw.go:2604.31,2605.33 1 1
github.com/23skdu/longbow/internal/store/internal/core/arrow_hnsw.go:2605.33,2606.13 1 1
github.com/23skdu/longbow/internal/store/internal/core/arrow_hnsw.go:2608.4,2612.18 4 1
github.com/23skdu/longbow/internal/store/internal/core/arrow_hnsw.go:2612.18,2613.13 1 0
github.com/23skdu/longbow/internal/store/internal/core/arrow_hnsw.go:2616.4,2622.64 3 1
github.com/23skdu/longbow/internal/store/internal/core/arrow_hnsw.go:2622.64,2623.13 1 0
github.com/23skdu/longbow/internal/store/internal/core/arrow_hnsw.go:2625.4,2625.49 1 1
github.com/23skdu/longbow/internal/store/internal/core/arrow_hnsw.go:2625.49,2626.13 1 1
github.com/23skdu/longbow/internal/store/internal/core/arrow_hnsw.go:2629.4,2629.30 1 1
github.com/23skdu/longbow/internal/store/internal/core/arrow_hnsw.go:2629.30,2632.54 2 1
github.com/23skdu/longbow/internal/store/internal/core/arrow_hnsw.go:2632.54,2634.34 2 1
github.com/23skdu/longbow/internal/store/internal/core/arrow_hnsw.go:2634.34,2636.7 1 1
github.com/23skdu/longbow/internal/store/internal/core/arrow_hnsw.go:2638.10,2642.5 2 0
github.com/23skdu/longbow/internal/store/internal/core/arrow_hnsw.go:2649.2,2651.34 3 1
github.com/23skdu/longbow/internal/store/internal/core/arrow_hnsw.go:2651.34,2653.3 1 1
github.com/23skdu/longbow/internal/store/internal/core/arrow_hnsw.go:2654.2,2654.17 1 1
github.com/23skdu/longbow/internal/store/internal/core/arrow_hnsw.go:2659.65,2660.16 1 1
github.com/23skdu/longbow/internal/store/internal/core/arrow_hnsw.go:2660.16,2662.3 1 0
github.com/23skdu/longbow/internal/store/internal/core/arrow_hnsw.go:2665.2,2665.30 1 1
github.com/23skdu/longbow/internal/store/internal/core/arrow_hnsw.go:2665.30,2667.3 1 1
github.com/23skdu/longbow/internal/store/internal/core/arrow_hnsw.go:2670.2,2670.40 1 1
github.com/23skdu/longbow/internal/store/internal/core/arrow_hnsw.go:2670.40,2675.20 3 1
github.com/23skdu/longbow/internal/store/internal/core/arrow_hnsw.go:2675.20,2677.4 1 0
github.com/23skdu/longbow/internal/store/internal/core/arrow_hnsw.go:2679.3,2679.26 1 1
github.com/23skdu/longbow/internal/store/internal/core/arrow_hnsw.go:2679.26,2681.4 1 1
github.com/23skdu/longbow/internal/store/internal/core/arrow_hnsw.go:2685.31,2687.2 1 1
github.com/23skdu/longbow/internal/store/internal/core/arrow_hnsw.go:2690.51,2695.76 4 1
github.com/23skdu/longbow/internal/store/internal/core/arrow_hnsw.go:2695.76,2698.3 2 1
github.com/23skdu/longbow/internal/store/internal/core/arrow_hnsw.go:2700.2,2701.44 2 1
github.com/23skdu/longbow/internal/store/internal/core/arrow_hnsw.go:2701.44,2703.3 1 0
github.com/23skdu/longbow/internal/store/internal/core/arrow_hnsw.go:2704.2,2704.25 1 1
github.com/23skdu/longbow/internal/store/internal/core/arrow_hnsw.go:2708.52,2710.2 1 1
github.com/23skdu/longbow/internal/store/internal/core/arrow_hnsw.go:2715.81,2720.17 4 0
github.com/23skdu/longbow/internal/store/internal/core/arrow_hnsw.go:2720.17,2722.3 1 0
github.com/23skdu/longbow/internal/store/internal/core/arrow_hnsw.go:2724.2,2727.76 3 0
github.com/23skdu/longbow/internal/store/internal/core/arrow_hnsw.go:2727.76,2730.3 2 0
github.com/23skdu/longbow/internal/store/internal/core/arrow_hnsw.go:2732.2,2738.25 2 0
github.com/23skdu/longbow/internal/store/internal/core/arrow_hnsw.go:2742.52,2749.9 4 1
github.com/23skdu/longbow/internal/store/internal/core/arrow_hnsw.go:2749.9,2753.41 3 1
github.com/23skdu/longbow/internal/store/internal/core/arrow_hnsw.go:2753.41,2755.4 1 1
github.com/23skdu/longbow/internal/store/internal/core/arrow_hnsw.go:2757.3,2757.77 1 1
github.com/23skdu/longbow/internal/store/internal/core/arrow_hnsw.go:2757.77,2760.4 2 1
github.com/23skdu/longbow/internal/store/internal/core/arrow_hnsw.go:2761.3,2761.28 1 1
github.com/23skdu/longbow/internal/store/internal/core/arrow_hnsw.go:2764.2,2764.21 1 1
github.com/23skdu/longbow/internal/store/internal/core/arrow_hnsw.go:2764.21,2766.3 1 0
github.com/23skdu/longbow/internal/store/internal/core/arrow_hnsw.go:2768.2,2776.63 3 1
github.com/23skdu/longbow/internal/store/internal/core/arrow_hnsw.go:2776.63,2778.3 1 0
github.com/23skdu/longbow/internal/store/internal/core/arrow_hnsw.go:2779.2,2782.85 2 1
github.com/23skdu/longbow/internal/store/internal/core/arrow_hnsw.go:2782.85,2784.3 1 0
github.com/23skdu/longbow/internal/store/internal/core/arrow_hnsw.go:2785.2,2785.46 1 1
github.com/23skdu/longbow/internal/store/internal/core/arrow_hnsw.go:2785.46,2787.3 1 0
github.com/23skdu/longbow/internal/store/internal/core/arrow_hnsw.go:2790.2,2790.30 1 1
github.com/23skdu/longbow/internal/store/internal/core/arrow_hnsw.go:2794.52,2800.70 4 1
github.com/23skdu/longbow/internal/store/internal/core/arrow_hnsw.go:2800.70,2802.3 1 0
github.com/23skdu/longbow/internal/store/internal/core/arrow_hnsw.go:2804.2,2805.53 2 1
github.com/23skdu/longbow/internal/store/internal/core/arrow_hnsw.go:2805.53,2807.3 1 0
github.com/23skdu/longbow/internal/store/internal/core/arrow_hnsw.go:2809.2,2810.82 2 1
github.com/23skdu/longbow/internal/store/internal/core/arrow_hnsw.go:2810.82,2812.3 1 0
github.com/23skdu/longbow/internal/store/internal/core/arrow_hnsw.go:2815.2,2815.32 1 1
github.com/23skdu/longbow/internal/store/internal/core/arrow_hnsw.go:2815.32,2817.3 1 0
github.com/23skdu/longbow/internal/store/internal/core/arrow_hnsw.go:2818.2,2820.38 3 1
github.com/23skdu/longbow/internal/store/internal/core/arrow_hnsw.go:2820.38,2822.3 1 1
github.com/23skdu/longbow/internal/store/internal/core/arrow_hnsw.go:2825.2,2826.16 2 1
github.com/23skdu/longbow/internal/store/internal/core/arrow_hnsw.go:2826.16,2828.3 1 0
github.com/23skdu/longbow/internal/store/internal/core/arrow_hnsw.go:2831.2,2848.25 7 1
github.com/23skdu/longbow/internal/store/internal/core/arrow_hnsw.go:2848.25,2850.3 1 0
github.com/23skdu/longbow/internal/store/internal/core/arrow_hnsw.go:2852.2,2852.12 1 1
github.com/23skdu/longbow/internal/store/internal/core/arrow_hnsw.go:2856.79,2863.28 5 1
github.com/23skdu/longbow/internal/store/internal/core/arrow_hnsw.go:2863.28,2870.3 1 0
github.com/23skdu/longbow/internal/store/internal/core/arrow_hnsw.go:2872.2,2874.76 3 1
github.com/23skdu/longbow/internal/store/internal/core/arrow_hnsw.go:2874.76,2875.22 1 1
github.com/23skdu/longbow/internal/store/internal/core/arrow_hnsw.go:2875.22,2878.4 2 1
github.com/23skdu/longbow/internal/store/internal/core/arrow_hnsw.go:2879.3,2879.8 1 1
github.com/23skdu/longbow/internal/store/internal/core/arrow_hnsw.go:2882.2,2887.8 1 1
github.com/23skdu/longbow/internal/store/internal/core/arrow_hnsw.go:2891.62,2892.50 1 1
github.com/23skdu/longbow/internal/store/internal/core/arrow_hnsw.go:2892.50,2894.3 1 0
github.com/23skdu/longbow/internal/store/internal/core/arrow_hnsw.go:2896.2,2899.41 3 1
github.com/23skdu/longbow/internal/store/internal/core/arrow_hnsw.go:2899.41,2903.3 3 1
github.com/23skdu/longbow/internal/store/internal/core/arrow_hnsw.go:2905.2,2905.12 1 1
github.com/23skdu/longbow/internal/store/internal/core/arrow_hnsw.go:2909.74,2911.2 1 1
github.com/23skdu/longbow/internal/store/internal/core/arrow_hnsw.go:2914.77,2916.2 1 0
github.com/23skdu/longbow/internal/store/internal/core/arrow_hnsw.go:2920.78,2922.2 1 1
github.com/23skdu/longbow/internal/store/internal/core/arrow_hnsw.go:2924.100,2925.16 1 1
github.com/23skdu/longbow/internal/store/internal/core/arrow_hnsw.go:2925.16,2927.3 1 0
github.com/23skdu/longbow/internal/store/internal/core/arrow_hnsw.go:2928.2,2929.42 2 1
github.com/23skdu/longbow/internal/store/internal/core/arrow_hnsw.go:2929.42,2930.36 1 1
github.com/23skdu/longbow/internal/store/internal/core/arrow_hnsw.go:2930.36,2932.9 2 1
github.com/23skdu/longbow/internal/store/internal/core/arrow_hnsw.go:2935.2,2935.21 1 1
github.com/23skdu/longbow/internal/store/internal/core/arrow_hnsw.go:2935.21,2936.25 1 0
github.com/23skdu/longbow/internal/store/internal/core/arrow_hnsw.go:2936.25,2938.4 1 0
github.com/23skdu/longbow/internal/store/internal/core/arrow_hnsw.go:2938.9,2940.4 1 0
github.com/23skdu/longbow/internal/store/internal/core/arrow_hnsw.go:2943.2,2944.16 2 1
github.com/23skdu/longbow/internal/store/internal/core/arrow_hnsw.go:2944.16,2946.3 1 0
github.com/23skdu/longbow/internal/store/internal/core/arrow_hnsw.go:2949.2,2949.53 1 1
github.com/23skdu/longbow/internal/store/internal/core/arrow_hnsw.go:2949.53,2951.10 2 0
github.com/23skdu/longbow/internal/store/internal/core/arrow_hnsw.go:2951.10,2953.4 1 0
github.com/23skdu/longbow/internal/store/internal/core/arrow_hnsw.go:2954.3,2955.26 2 0
github.com/23skdu/longbow/internal/store/internal/core/arrow_hnsw.go:2955.26,2957.4 1 0
github.com/23skdu/longbow/internal/store/internal/core/arrow_hnsw.go:2958.3,2958.18 1 0
github.com/23skdu/longbow/internal/store/internal/core/arrow_hnsw.go:2962.2,2962.25 1 1
github.com/23skdu/longbow/internal/store/internal/core/arrow_hnsw.go:2963.17,2964.16 1 1
github.com/23skdu/longbow/internal/store/internal/core/arrow_hnsw.go:2965.17,2967.25 2 0
github.com/23skdu/longbow/internal/store/internal/core/arrow_hnsw.go:2967.25,2969.4 1 0
github.com/23skdu/longbow/internal/store/internal/core/arrow_hnsw.go:2970.3,2970.18 1 0
github.com/23skdu/longbow/internal/store/internal/core/arrow_hnsw.go:2971.21,2973.25 2 0
github.com/23skdu/longbow/internal/store/internal/core/arrow_hnsw.go:2973.25,2975.4 1 0
github.com/23skdu/longbow/internal/store/internal/core/arrow_hnsw.go:2976.3,2976.18 1 0
github.com/23skdu/longbow/internal/store/internal/core/arrow_hnsw.go:2977.15,2979.25 2 0
github.com/23skdu/longbow/internal/store/internal/core/arrow_hnsw.go:2979.25,2981.4 1 0
github.com/23skdu/longbow/internal/store/internal/core/arrow_hnsw.go:2982.3,2982.18 1 0
github.com/23skdu/longbow/internal/store/internal/core/arrow_hnsw.go:2983.16,2985.25 2 0
github.com/23skdu/longbow/internal/store/internal/core/arrow_hnsw.go:2985.25,2987.4 1 0
github.com/23skdu/longbow/internal/store/internal/core/arrow_hnsw.go:2988.3,2988.18 1 0
github.com/23skdu/longbow/internal/store/internal/core/arrow_hnsw.go:2989.14,2991.25 2 0
github.com/23skdu/longbow/internal/store/internal/core/arrow_hnsw.go:2991.25,2993.4 1 0
github.com/23skdu/longbow/internal/store/internal/core/arrow_hnsw.go:2994.3,2994.18 1 0
github.com/23skdu/longbow/internal/store/internal/core/arrow_hnsw.go:2995.15,2997.25 2 0
github.com/23skdu/longbow/internal/store/internal/core/arrow_hnsw.go:2997.25,2999.4 1 0
github.com/23skdu/longbow/internal/store/internal/core/arrow_hnsw.go:3000.3,3000.18 1 0
github.com/23skdu/longbow/internal/store/internal/core/arrow_hnsw.go:3003.2,3003.90 1 0
github.com/23skdu/longbow/internal/store/internal/core/arrow_hnsw.go:3006.85,3007.38 1 1
github.com/23skdu/longbow/internal/store/internal/core/arrow_hnsw.go:3007.38,3010.3 2 1
github.com/23skdu/longbow/internal/store/internal/core/arrow_hnsw.go:3013.61,3013.90 1 0
github.com/23skdu/longbow/internal/store/internal/core/arrow_hnsw.go:3014.61,3014.83 1 0
github.com/23skdu/longbow/internal/store/internal/core/arrow_hnsw.go:3016.80,3018.16 2 1
github.com/23skdu/longbow/internal/store/internal/core/arrow_hnsw.go:3018.16,3020.3 1 0
github.com/23skdu/longbow/internal/store/internal/core/arrow_hnsw.go:3021.2,3021.37 1 1
github.com/23skdu/longbow/internal/store/internal/core/arrow_hnsw.go:3021.37,3023.3 1 1
github.com/23skdu/longbow/internal/store/internal/core/arrow_hnsw.go:3026.2,3026.28 1 1
github.com/23skdu/longbow/internal/store/internal/core/arrow_hnsw.go:3027.20,3029.25 2 1
github.com/23skdu/longbow/internal/store/internal/core/arrow_hnsw.go:3029.25,3032.4 2 1
github.com/23skdu/longbow/internal/store/internal/core/arrow_hnsw.go:3033.3,3033.18 1 1
github.com/23skdu/longbow/internal/store/internal/core/arrow_hnsw.go:3034.19,3036.18 1 1
github.com/23skdu/longbow/internal/store/internal/core/arrow_hnsw.go:3036.18,3038.4 1 0
github.com/23skdu/longbow/internal/store/internal/core/arrow_hnsw.go:3039.3,3043.22 4 1
github.com/23skdu/longbow/internal/store/internal/core/arrow_hnsw.go:3044.17,3046.25 2 1
github.com/23skdu/longbow/internal/store/internal/core/arrow_hnsw.go:3046.25,3048.4 1 1
github.com/23skdu/longbow/internal/store/internal/core/arrow_hnsw.go:3049.3,3049.18 1 1
github.com/23skdu/longbow/internal/store/internal/core/arrow_hnsw.go:3050.21,3052.25 2 1
github.com/23skdu/longbow/internal/store/internal/core/arrow_hnsw.go:3052.25,3054.4 1 1
github.com/23skdu/longbow/internal/store/internal/core/arrow_hnsw.go:3055.3,3055.18 1 1
github.com/23skdu/longbow/internal/store/internal/core/arrow_hnsw.go:3056.14,3058.25 2 1
github.com/23skdu/longbow/internal/store/internal/core/arrow_hnsw.go:3058.25,3060.4 1 1
github.com/23skdu/longbow/internal/store/internal/core/arrow_hnsw.go:3061.3,3061.18 1 1
github.com/23skdu/longbow/internal/store/internal/core/arrow_hnsw.go:3062.15,3063.46 1 1
github.com/23skdu/longbow/internal/store/internal/core/arrow_hnsw.go:3063.46,3065.4 1 1
github.com/23skdu/longbow/internal/store/internal/core/arrow_hnsw.go:3066.3,3067.25 2 0
github.com/23skdu/longbow/internal/store/internal/core/arrow_hnsw.go:3067.25,3069.4 1 0
github.com/23skdu/longbow/internal/store/internal/core/arrow_hnsw.go:3070.3,3070.18 1 0
github.com/23skdu/longbow/internal/store/internal/core/arrow_hnsw.go:3071.15,3073.25 2 0
github.com/23skdu/longbow/internal/store/internal/core/arrow_hnsw.go:3073.25,3075.4 1 0
github.com/23skdu/longbow/internal/store/internal/core/arrow_hnsw.go:3076.3,3076.18 1 0
github.com/23skdu/longbow/internal/store/internal/core/arrow_hnsw.go:3077.16,3079.25 2 0
github.com/23skdu/longbow/internal/store/internal/core/arrow_hnsw.go:3079.25,3081.4 1 0
github.com/23skdu/longbow/internal/store/internal/core/arrow_hnsw.go:3082.3,3082.18 1 0
github.com/23skdu/longbow/internal/store/internal/core/arrow_hnsw.go:3085.2,3085.82 1 0
github.com/23skdu/longbow/internal/store/internal/core/arrow_hnsw.go:3088.84,3091.16 2 1
github.com/23skdu/longbow/internal/store/internal/core/arrow_hnsw.go:3091.16,3093.3 1 0
github.com/23skdu/longbow/internal/store/internal/core/arrow_hnsw.go:3094.2,3094.12 1 1
github.com/23skdu/longbow/internal/store/internal/core/arrow_hnsw.go:3098.92,3100.18 1 1
github.com/23skdu/longbow/internal/store/internal/core/arrow_hnsw.go:3100.18,3103.29 3 1
github.com/23skdu/longbow/internal/store/internal/core/arrow_hnsw.go:3103.29,3105.4 1 1
github.com/23skdu/longbow/internal/store/internal/core/arrow_hnsw.go:3106.3,3106.13 1 1
github.com/23skdu/longbow/internal/store/internal/core/arrow_hnsw.go:3109.2,3110.9 2 1
github.com/23skdu/longbow/internal/store/internal/core/arrow_hnsw.go:3110.9,3114.29 3 0
github.com/23skdu/longbow/internal/store/internal/core/arrow_hnsw.go:3114.29,3116.4 1 0
github.com/23skdu/longbow/internal/store/internal/core/arrow_hnsw.go:3117.3,3117.13 1 0
github.com/23skdu/longbow/internal/store/internal/core/arrow_hnsw.go:3120.2,3121.37 2 1
github.com/23skdu/longbow/internal/store/internal/core/arrow_hnsw.go:3121.37,3123.3 1 0
github.com/23skdu/longbow/internal/store/internal/core/arrow_hnsw.go:3125.2,3126.16 2 1
github.com/23skdu/longbow/internal/store/internal/core/arrow_hnsw.go:3126.16,3129.3 1 1
github.com/23skdu/longbow/internal/store/internal/core/arrow_hnsw.go:3131.2,3131.28 1 1
github.com/23skdu/longbow/internal/store/internal/core/arrow_hnsw.go:3131.28,3133.3 1 1
github.com/23skdu/longbow/internal/store/internal/core/arrow_hnsw.go:3134.2,3134.12 1 1
github.com/23skdu/longbow/internal/store/internal/core/arrow_hnsw.go:3152.64,3156.2 1 0
github.com/23skdu/longbow/internal/store/internal/core/arrow_hnsw.go:3158.64,3160.17 2 1
github.com/23skdu/longbow/internal/store/internal/core/arrow_hnsw.go:3160.17,3162.25 1 0
github.com/23skdu/longbow/internal/store/internal/core/arrow_hnsw.go:3162.25,3164.4 1 0
github.com/23skdu/longbow/internal/store/internal/core/arrow_hnsw.go:3164.9,3167.17 2 0
github.com/23skdu/longbow/internal/store/internal/core/arrow_hnsw.go:3167.17,3169.5 1 0
github.com/23skdu/longbow/internal/store/internal/core/arrow_hnsw.go:3173.2,3173.17 1 1
github.com/23skdu/longbow/internal/store/internal/core/arrow_hnsw.go:3173.17,3175.3 1 0
github.com/23skdu/longbow/internal/store/internal/core/arrow_hnsw.go:3176.2,3177.16 2 1
github.com/23skdu/longbow/internal/store/internal/core/arrow_hnsw.go:3177.16,3179.3 1 0
github.com/23skdu/longbow/internal/store/internal/core/arrow_hnsw.go:3181.2,3181.51 1 1
github.com/23skdu/longbow/internal/store/internal/core/arrow_hnsw.go:3181.51,3183.3 1 1
github.com/23skdu/longbow/internal/store/internal/core/arrow_hnsw.go:3184.2,3184.20 1 0
github.com/23skdu/longbow/internal/store/internal/core/arrow_hnsw.go:3200.69,3202.16 2 1
github.com/23skdu/longbow/internal/store/internal/core/arrow_hnsw.go:3202.16,3204.3 1 0
github.com/23skdu/longbow/internal/store/internal/core/arrow_hnsw.go:3205.2,3205.28 1 1
github.com/23skdu/longbow/internal/store/internal/core/arrow_hnsw.go:3206.17,3207.30 1 1
github.com/23skdu/longbow/internal/store/internal/core/arrow_hnsw.go:3208.23,3210.32 2 1
github.com/23skdu/longbow/internal/store/internal/core/arrow_hnsw.go:3210.32,3212.4 1 1
github.com/23skdu/longbow/internal/store/internal/core/arrow_hnsw.go:3212.9,3214.4 1 1
github.com/23skdu/longbow/internal/store/internal/core/arrow_hnsw.go:3216.3,3216.50 1 1
github.com/23skdu/longbow/internal/store/internal/core/arrow_hnsw.go:3216.50,3220.28 4 1
github.com/23skdu/longbow/internal/store/internal/core/arrow_hnsw.go:3220.28,3224.5 3 1
github.com/23skdu/longbow/internal/store/internal/core/arrow_hnsw.go:3225.4,3225.48 1 1
github.com/23skdu/longbow/internal/store/internal/core/arrow_hnsw.go:3227.3,3228.27 2 1
github.com/23skdu/longbow/internal/store/internal/core/arrow_hnsw.go:3228.27,3231.4 2 1
github.com/23skdu/longbow/internal/store/internal/core/arrow_hnsw.go:3232.3,3232.47 1 1
github.com/23skdu/longbow/internal/store/internal/core/arrow_hnsw.go:3233.19,3235.27 1 1
github.com/23skdu/longbow/internal/store/internal/core/arrow_hnsw.go:3235.27,3237.4 1 0
github.com/23skdu/longbow/internal/store/internal/core/arrow_hnsw.go:3239.3,3240.41 2 1
github.com/23skdu/longbow/internal/store/internal/core/arrow_hnsw.go:3241.20,3243.27 1 1
github.com/23skdu/longbow/internal/store/internal/core/arrow_hnsw.go:3243.27,3245.4 1 0
github.com/23skdu/longbow/internal/store/internal/core/arrow_hnsw.go:3247.3,3248.25 2 1
github.com/23skdu/longbow/internal/store/internal/core/arrow_hnsw.go:3248.25,3254.4 5 1
github.com/23skdu/longbow/internal/store/internal/core/arrow_hnsw.go:3255.3,3255.38 1 1
github.com/23skdu/longbow/internal/store/internal/core/arrow_hnsw.go:3256.17,3257.25 1 1
github.com/23skdu/longbow/internal/store/internal/core/arrow_hnsw.go:3257.25,3259.4 1 0
github.com/23skdu/longbow/internal/store/internal/core/arrow_hnsw.go:3260.3,3261.30 2 1
github.com/23skdu/longbow/internal/store/internal/core/arrow_hnsw.go:3261.30,3263.4 1 0
github.com/23skdu/longbow/internal/store/internal/core/arrow_hnsw.go:3263.9,3265.28 2 1
github.com/23skdu/longbow/internal/store/internal/core/arrow_hnsw.go:3265.28,3265.53 1 1
github.com/23skdu/longbow/internal/store/internal/core/arrow_hnsw.go:3267.3,3267.33 1 1
github.com/23skdu/longbow/internal/store/internal/core/arrow_hnsw.go:3269.2,3269.29 1 1
github.com/23skdu/longbow/internal/store/internal/core/arrow_hnsw.go:3280.78,3283.18 3 0
github.com/23skdu/longbow/internal/store/internal/core/arrow_hnsw.go:3283.18,3285.17 2 0
github.com/23skdu/longbow/internal/store/internal/core/arrow_hnsw.go:3285.17,3287.4 1 0
github.com/23skdu/longbow/internal/store/internal/core/arrow_hnsw.go:3288.3,3288.38 1 0
github.com/23skdu/longbow/internal/store/internal/core/arrow_hnsw.go:3288.38,3290.4 1 0
github.com/23skdu/longbow/internal/store/internal/core/arrow_hnsw.go:3291.3,3291.30 1 0
github.com/23skdu/longbow/internal/store/internal/core/arrow_hnsw.go:3294.2,3296.32 3 0
github.com/23skdu/longbow/internal/store/internal/core/arrow_hnsw.go:3296.32,3299.3 2 0
github.com/23skdu/longbow/internal/store/internal/core/arrow_hnsw.go:3301.2,3302.16 2 0
github.com/23skdu/longbow/internal/store/internal/core/arrow_hnsw.go:3302.16,3303.38 1 0
github.com/23skdu/longbow/internal/store/internal/core/arrow_hnsw.go:3303.38,3305.4 1 0
github.com/23skdu/longbow/internal/store/internal/core/arrow_hnsw.go:3307.2,3307.29 1 0
github.com/23skdu/longbow/internal/store/internal/core/arrow_hnsw.go:3310.51,3311.37 1 0
github.com/23skdu/longbow/internal/store/internal/core/arrow_hnsw.go:3311.37,3313.3 1 0
github.com/23skdu/longbow/internal/store/internal/core/arrow_hnsw.go:3314.2,3315.19 2 0
github.com/23skdu/longbow/internal/store/internal/core/arrow_hnsw.go:3315.19,3318.3 2 0
github.com/23skdu/longbow/internal/store/internal/core/arrow_hnsw.go:3319.2,3319.32 1 0
github.com/23skdu/longbow/internal/store/internal/core/arrow_hnsw.go:3322.53,3323.37 1 0
github.com/23skdu/longbow/internal/store/internal/core/arrow_hnsw.go:3323.37,3325.3 1 0
github.com/23skdu/longbow/internal/store/internal/core/arrow_hnsw.go:3326.2,3327.19 2 0
github.com/23skdu/longbow/internal/store/internal/core/arrow_hnsw.go:3327.19,3330.3 2 0
github.com/23skdu/longbow/internal/store/internal/core/arrow_hnsw.go:3331.2,3331.32 1 0
github.com/23skdu/longbow/internal/store/internal/core/arrow_hnsw.go:3334.51,3335.37 1 0
github.com/23skdu/longbow/internal/store/internal/core/arrow_hnsw.go:3335.37,3337.3 1 0
github.com/23skdu/longbow/internal/store/internal/core/arrow_hnsw.go:3338.2,3339.19 2 0
github.com/23skdu/longbow/internal/store/internal/core/arrow_hnsw.go:3339.19,3342.3 2 0
github.com/23skdu/longbow/internal/store/internal/core/arrow_hnsw.go:3343.2,3343.32 1 0
github.com/23skdu/longbow/internal/store/internal/core/arrow_hnsw.go:3346.53,3347.37 1 0
github.com/23skdu/longbow/internal/store/internal/core/arrow_hnsw.go:3347.37,3349.3 1 0
github.com/23skdu/longbow/internal/store/internal/core/arrow_hnsw.go:3350.2,3351.19 2 0
github.com/23skdu/longbow/internal/store/internal/core/arrow_hnsw.go:3351.19,3354.3 2 0
github.com/23skdu/longbow/internal/store/internal/core/arrow_hnsw.go:3355.2,3355.32 1 0
github.com/23skdu/longbow/internal/store/internal/core/arrow_hnsw.go:3358.51,3359.37 1 0
github.com/23skdu/longbow/internal/store/internal/core/arrow_hnsw.go:3359.37,3361.3 1 0
github.com/23skdu/longbow/internal/store/internal/core/arrow_hnsw.go:3362.2,3363.19 2 0
github.com/23skdu/longbow/internal/store/internal/core/arrow_hnsw.go:3363.19,3366.3 2 0
github.com/23skdu/longbow/internal/store/internal/core/arrow_hnsw.go:3367.2,3367.32 1 0
github.com/23skdu/longbow/internal/store/internal/core/arrow_hnsw.go:3370.53,3371.37 1 0
github.com/23skdu/longbow/internal/store/internal/core/arrow_hnsw.go:3371.37,3373.3 1 0
github.com/23skdu/longbow/internal/store/internal/core/arrow_hnsw.go:3374.2,3375.19 2 0
github.com/23skdu/longbow/internal/store/internal/core/arrow_hnsw.go:3375.19,3378.3 2 0
github.com/23skdu/longbow/internal/store/internal/core/arrow_hnsw.go:3379.2,3379.32 1 0
github.com/23skdu/longbow/internal/store/internal/core/arrow_hnsw.go:3391.66,3394.59 2 1
github.com/23skdu/longbow/internal/store/internal/core/arrow_hnsw.go:3394.59,3397.33 3 1
github.com/23skdu/longbow/internal/store/internal/core/arrow_hnsw.go:3397.33,3401.4 2 1
github.com/23skdu/longbow/internal/store/internal/core/arrow_hnsw.go:3404.2,3405.16 2 1
github.com/23skdu/longbow/internal/store/internal/core/arrow_hnsw.go:3405.16,3407.3 1 0
github.com/23skdu/longbow/internal/store/internal/core/arrow_hnsw.go:3408.2,3408.28 1 1
github.com/23skdu/longbow/internal/store/internal/core/arrow_hnsw.go:3409.17,3410.50 1 0
github.com/23skdu/longbow/internal/store/internal/core/arrow_hnsw.go:3410.50,3414.28 4 0
github.com/23skdu/longbow/internal/store/internal/core/arrow_hnsw.go:3414.28,3418.5 3 0
github.com/23skdu/longbow/internal/store/internal/core/arrow_hnsw.go:3419.4,3419.48 1 0
github.com/23skdu/longbow/internal/store/internal/core/arrow_hnsw.go:3421.3,3422.27 2 0
github.com/23skdu/longbow/internal/store/internal/core/arrow_hnsw.go:3422.27,3425.4 2 0
github.com/23skdu/longbow/internal/store/internal/core/arrow_hnsw.go:3426.3,3426.47 1 0
github.com/23skdu/longbow/internal/store/internal/core/arrow_hnsw.go:3427.14,3428.38 1 1
github.com/23skdu/longbow/internal/store/internal/core/arrow_hnsw.go:3429.15,3431.50 2 0
github.com/23skdu/longbow/internal/store/internal/core/arrow_hnsw.go:3431.50,3435.28 4 0
github.com/23skdu/longbow/internal/store/internal/core/arrow_hnsw.go:3435.28,3440.5 4 0
github.com/23skdu/longbow/internal/store/internal/core/arrow_hnsw.go:3441.4,3441.48 1 0
github.com/23skdu/longbow/internal/store/internal/core/arrow_hnsw.go:3442.9,3446.4 2 0
github.com/23skdu/longbow/internal/store/internal/core/arrow_hnsw.go:3448.2,3448.29 1 0
github.com/23skdu/longbow/internal/store/internal/core/arrow_hnsw.go:3451.87,3452.28 1 0
github.com/23skdu/longbow/internal/store/internal/core/arrow_hnsw.go:3452.28,3454.3 1 0
github.com/23skdu/longbow/internal/store/internal/core/arrow_hnsw.go:3456.2,3456.34 1 0
github.com/23skdu/longbow/internal/store/internal/core/arrow_hnsw.go:3456.34,3457.45 1 0
github.com/23skdu/longbow/internal/store/internal/core/arrow_hnsw.go:3457.45,3459.4 1 0
github.com/23skdu/longbow/internal/store/internal/core/arrow_hnsw.go:3459.9,3459.52 1 0
github.com/23skdu/longbow/internal/store/internal/core/arrow_hnsw.go:3459.52,3461.4 1 0
github.com/23skdu/longbow/internal/store/internal/core/arrow_hnsw.go:3463.2,3463.12 1 0
github.com/23skdu/longbow/internal/store/internal/core/arrow_hnsw_adaptive.go:11.77,13.55 1 0
github.com/23skdu/longbow/internal/store/internal/core/arrow_hnsw_adaptive.go:13.55,15.3 1 0
github.com/23skdu/longbow/internal/store/internal/core/arrow_hnsw_adaptive.go:19.2,23.15 3 0
github.com/23skdu/longbow/internal/store/internal/core/arrow_hnsw_adaptive.go:23.15,25.3 1 0
github.com/23skdu/longbow/internal/store/internal/core/arrow_hnsw_adaptive.go:27.2,27.50 1 0
github.com/23skdu/longbow/internal/store/internal/core/arrow_hnsw_adaptive.go:27.50,29.18 2 0
github.com/23skdu/longbow/internal/store/internal/core/arrow_hnsw_adaptive.go:29.18,31.4 1 0
github.com/23skdu/longbow/internal/store/internal/core/arrow_hnsw_adaptive.go:34.2,34.26 1 0
github.com/23skdu/longbow/internal/store/internal/core/arrow_hnsw_adaptive.go:34.26,36.3 1 0
github.com/23skdu/longbow/internal/store/internal/core/arrow_hnsw_adaptive.go:45.2,47.48 3 0
github.com/23skdu/longbow/internal/store/internal/core/arrow_hnsw_adaptive.go:47.48,49.3 1 0
github.com/23skdu/longbow/internal/store/internal/core/arrow_hnsw_adaptive.go:53.2,53.32 1 0
github.com/23skdu/longbow/internal/store/internal/core/arrow_hnsw_adaptive.go:53.32,57.13 3 0
github.com/23skdu/longbow/internal/store/internal/core/arrow_hnsw_adaptive.go:57.13,58.12 1 0
github.com/23skdu/longbow/internal/store/internal/core/arrow_hnsw_adaptive.go:61.3,62.17 2 0
github.com/23skdu/longbow/internal/store/internal/core/arrow_hnsw_adaptive.go:62.17,63.12 1 0
github.com/23skdu/longbow/internal/store/internal/core/arrow_hnsw_adaptive.go:65.3,65.27 1 0
github.com/23skdu/longbow/internal/store/internal/core/arrow_hnsw_adaptive.go:69.2,70.26 2 0
github.com/23skdu/longbow/internal/store/internal/core/arrow_hnsw_adaptive.go:70.26,73.3 2 0
github.com/23skdu/longbow/internal/store/internal/core/arrow_hnsw_adaptive.go:74.2,82.23 5 0
github.com/23skdu/longbow/internal/store/internal/core/arrow_hnsw_adaptive.go:82.23,84.3 1 0
github.com/23skdu/longbow/internal/store/internal/core/arrow_hnsw_adaptive.go:86.2,101.9 4 0
github.com/23skdu/longbow/internal/store/internal/core/arrow_hnsw_adaptive.go:102.19,104.15 2 0
github.com/23skdu/longbow/internal/store/internal/core/arrow_hnsw_adaptive.go:105.18,107.15 2 0
github.com/23skdu/longbow/internal/store/internal/core/arrow_hnsw_adaptive.go:108.18,110.15 2 0
github.com/23skdu/longbow/internal/store/internal/core/arrow_hnsw_adaptive.go:114.2,114.16 1 0
github.com/23skdu/longbow/internal/store/internal/core/arrow_hnsw_adaptive.go:114.16,127.3 9 0
github.com/23skdu/longbow/internal/store/internal/core/arrow_hnsw_bulk.go:36.94,37.12 1 1
github.com/23skdu/longbow/internal/store/internal/core/arrow_hnsw_bulk.go:37.12,39.3 1 1
github.com/23skdu/longbow/internal/store/internal/core/arrow_hnsw_bulk.go:40.2,41.15 2 1
github.com/23skdu/longbow/internal/store/internal/core/arrow_hnsw_bulk.go:41.15,46.39 5 1
github.com/23skdu/longbow/internal/store/internal/core/arrow_hnsw_bulk.go:46.39,48.4 1 1
github.com/23skdu/longbow/internal/store/internal/core/arrow_hnsw_bulk.go:51.3,54.91 4 1
github.com/23skdu/longbow/internal/store/internal/core/arrow_hnsw_bulk.go:58.2,59.15 2 1
github.com/23skdu/longbow/internal/store/internal/core/arrow_hnsw_bulk.go:59.15,61.28 1 0
github.com/23skdu/longbow/internal/store/internal/core/arrow_hnsw_bulk.go:62.20,63.19 1 0
github.com/23skdu/longbow/internal/store/internal/core/arrow_hnsw_bulk.go:63.19,65.5 1 0
github.com/23skdu/longbow/internal/store/internal/core/arrow_hnsw_bulk.go:66.24,67.19 1 0
github.com/23skdu/longbow/internal/store/internal/core/arrow_hnsw_bulk.go:67.19,69.5 1 0
github.com/23skdu/longbow/internal/store/internal/core/arrow_hnsw_bulk.go:70.17,71.19 1 0
github.com/23skdu/longbow/internal/store/internal/core/arrow_hnsw_bulk.go:71.19,73.5 1 0
github.com/23skdu/longbow/internal/store/internal/core/arrow_hnsw_bulk.go:74.18,75.19 1 0
github.com/23skdu/longbow/internal/store/internal/core/arrow_hnsw_bulk.go:75.19,77.5 1 0
github.com/23skdu/longbow/internal/store/internal/core/arrow_hnsw_bulk.go:78.20,79.19 1 0
github.com/23skdu/longbow/internal/store/internal/core/arrow_hnsw_bulk.go:79.19,81.5 1 0
github.com/23skdu/longbow/internal/store/internal/core/arrow_hnsw_bulk.go:82.22,83.19 1 0
github.com/23skdu/longbow/internal/store/internal/core/arrow_hnsw_bulk.go:83.19,85.5 1 0
github.com/23skdu/longbow/internal/store/internal/core/arrow_hnsw_bulk.go:86.23,87.19 1 0
github.com/23skdu/longbow/internal/store/internal/core/arrow_hnsw_bulk.go:87.19,89.5 1 0
github.com/23skdu/longbow/internal/store/internal/core/arrow_hnsw_bulk.go:90.19,91.19 1 0
github.com/23skdu/longbow/internal/store/internal/core/arrow_hnsw_bulk.go:91.19,93.5 1 0
github.com/23skdu/longbow/internal/store/internal/core/arrow_hnsw_bulk.go:94.18,95.19 1 0
github.com/23skdu/longbow/internal/store/internal/core/arrow_hnsw_bulk.go:95.19,97.5 1 0
github.com/23skdu/longbow/internal/store/internal/core/arrow_hnsw_bulk.go:98.19,99.19 1 0
github.com/23skdu/longbow/internal/store/internal/core/arrow_hnsw_bulk.go:99.19,101.5 1 0
github.com/23skdu/longbow/internal/store/internal/core/arrow_hnsw_bulk.go:102.18,103.19 1 0
github.com/23skdu/longbow/internal/store/internal/core/arrow_hnsw_bulk.go:103.19,105.5 1 0
github.com/23skdu/longbow/internal/store/internal/core/arrow_hnsw_bulk.go:108.3,108.15 1 0
github.com/23skdu/longbow/internal/store/internal/core/arrow_hnsw_bulk.go:108.15,110.26 2 0
github.com/23skdu/longbow/internal/store/internal/core/arrow_hnsw_bulk.go:110.26,121.24 8 0
github.com/23skdu/longbow/internal/store/internal/core/arrow_hnsw_bulk.go:121.24,123.6 1 0
github.com/23skdu/longbow/internal/store/internal/core/arrow_hnsw_bulk.go:124.5,124.38 1 0
github.com/23skdu/longbow/internal/store/internal/core/arrow_hnsw_bulk.go:124.38,126.6 1 0
github.com/23skdu/longbow/internal/store/internal/core/arrow_hnsw_bulk.go:127.10,129.5 1 0
github.com/23skdu/longbow/internal/store/internal/core/arrow_hnsw_bulk.go:130.4,130.21 1 0
github.com/23skdu/longbow/internal/store/internal/core/arrow_hnsw_bulk.go:134.2,134.15 1 1
github.com/23skdu/longbow/internal/store/internal/core/arrow_hnsw_bulk.go:134.15,136.3 1 0
github.com/23skdu/longbow/internal/store/internal/core/arrow_hnsw_bulk.go:138.2,144.6 4 1
github.com/23skdu/longbow/internal/store/internal/core/arrow_hnsw_bulk.go:144.6,149.47 2 1
github.com/23skdu/longbow/internal/store/internal/core/arrow_hnsw_bulk.go:149.47,151.18 2 1
github.com/23skdu/longbow/internal/store/internal/core/arrow_hnsw_bulk.go:151.18,153.5 1 0
github.com/23skdu/longbow/internal/store/internal/core/arrow_hnsw_bulk.go:157.3,161.26 3 1
github.com/23skdu/longbow/internal/store/internal/core/arrow_hnsw_bulk.go:161.26,164.9 1 1
github.com/23skdu/longbow/internal/store/internal/core/arrow_hnsw_bulk.go:168.3,168.21 1 0
github.com/23skdu/longbow/internal/store/internal/core/arrow_hnsw_bulk.go:171.2,173.15 3 1
github.com/23skdu/longbow/internal/store/internal/core/arrow_hnsw_bulk.go:173.15,174.22 1 1
github.com/23skdu/longbow/internal/store/internal/core/arrow_hnsw_bulk.go:174.22,176.4 1 1
github.com/23skdu/longbow/internal/store/internal/core/arrow_hnsw_bulk.go:179.2,197.21 6 1
github.com/23skdu/longbow/internal/store/internal/core/arrow_hnsw_bulk.go:197.21,199.3 1 1
github.com/23skdu/longbow/internal/store/internal/core/arrow_hnsw_bulk.go:201.2,201.36 1 1
github.com/23skdu/longbow/internal/store/internal/core/arrow_hnsw_bulk.go:201.36,203.14 2 1
github.com/23skdu/longbow/internal/store/internal/core/arrow_hnsw_bulk.go:203.14,205.4 1 1
github.com/23skdu/longbow/internal/store/internal/core/arrow_hnsw_bulk.go:206.3,208.25 2 1
github.com/23skdu/longbow/internal/store/internal/core/arrow_hnsw_bulk.go:208.25,209.28 1 1
github.com/23skdu/longbow/internal/store/internal/core/arrow_hnsw_bulk.go:209.28,211.5 1 1
github.com/23skdu/longbow/internal/store/internal/core/arrow_hnsw_bulk.go:212.4,212.34 1 1
github.com/23skdu/longbow/internal/store/internal/core/arrow_hnsw_bulk.go:212.34,223.30 6 1
github.com/23skdu/longbow/internal/store/internal/core/arrow_hnsw_bulk.go:224.22,225.31 1 1
github.com/23skdu/longbow/internal/store/internal/core/arrow_hnsw_bulk.go:226.37,229.40 3 0
github.com/23skdu/longbow/internal/store/internal/core/arrow_hnsw_bulk.go:229.40,231.8 1 0
github.com/23skdu/longbow/internal/store/internal/core/arrow_hnsw_bulk.go:232.7,232.15 1 0
github.com/23skdu/longbow/internal/store/internal/core/arrow_hnsw_bulk.go:233.38,236.40 3 0
github.com/23skdu/longbow/internal/store/internal/core/arrow_hnsw_bulk.go:236.40,238.8 1 0
github.com/23skdu/longbow/internal/store/internal/core/arrow_hnsw_bulk.go:239.7,239.16 1 0
github.com/23skdu/longbow/internal/store/internal/core/arrow_hnsw_bulk.go:240.14,241.16 1 1
github.com/23skdu/longbow/internal/store/internal/core/arrow_hnsw_bulk.go:243.21,244.15 1 0
github.com/23skdu/longbow/internal/store/internal/core/arrow_hnsw_bulk.go:245.20,246.15 1 0
github.com/23skdu/longbow/internal/store/internal/core/arrow_hnsw_bulk.go:247.21,248.15 1 0
github.com/23skdu/longbow/internal/store/internal/core/arrow_hnsw_bulk.go:249.20,250.15 1 0
github.com/23skdu/longbow/internal/store/internal/core/arrow_hnsw_bulk.go:251.20,252.15 1 0
github.com/23skdu/longbow/internal/store/internal/core/arrow_hnsw_bulk.go:253.19,254.15 1 0
github.com/23skdu/longbow/internal/store/internal/core/arrow_hnsw_bulk.go:255.22,256.15 1 0
github.com/23skdu/longbow/internal/store/internal/core/arrow_hnsw_bulk.go:257.24,258.15 1 0
github.com/23skdu/longbow/internal/store/internal/core/arrow_hnsw_bulk.go:259.25,260.15 1 0
github.com/23skdu/longbow/internal/store/internal/core/arrow_hnsw_bulk.go:261.26,262.15 1 0
github.com/23skdu/longbow/internal/store/internal/core/arrow_hnsw_bulk.go:263.13,264.75 1 1
github.com/23skdu/longbow/internal/store/internal/core/arrow_hnsw_bulk.go:268.5,268.17 1 1
github.com/23skdu/longbow/internal/store/internal/core/arrow_hnsw_bulk.go:268.17,270.6 1 0
github.com/23skdu/longbow/internal/store/internal/core/arrow_hnsw_bulk.go:273.5,274.28 2 1
github.com/23skdu/longbow/internal/store/internal/core/arrow_hnsw_bulk.go:275.20,276.21 1 1
github.com/23skdu/longbow/internal/store/internal/core/arrow_hnsw_bulk.go:277.24,278.21 1 0
github.com/23skdu/longbow/internal/store/internal/core/arrow_hnsw_bulk.go:279.17,280.21 1 0
github.com/23skdu/longbow/internal/store/internal/core/arrow_hnsw_bulk.go:281.18,282.21 1 0
github.com/23skdu/longbow/internal/store/internal/core/arrow_hnsw_bulk.go:283.19,284.21 1 0
github.com/23skdu/longbow/internal/store/internal/core/arrow_hnsw_bulk.go:285.18,286.21 1 0
github.com/23skdu/longbow/internal/store/internal/core/arrow_hnsw_bulk.go:287.19,288.21 1 0
github.com/23skdu/longbow/internal/store/internal/core/arrow_hnsw_bulk.go:289.18,290.21 1 0
github.com/23skdu/longbow/internal/store/internal/core/arrow_hnsw_bulk.go:291.20,292.21 1 0
github.com/23skdu/longbow/internal/store/internal/core/arrow_hnsw_bulk.go:293.22,294.21 1 0
github.com/23skdu/longbow/internal/store/internal/core/arrow_hnsw_bulk.go:295.23,296.21 1 0
github.com/23skdu/longbow/internal/store/internal/core/arrow_hnsw_bulk.go:297.13,298.14 1 0
github.com/23skdu/longbow/internal/store/internal/core/arrow_hnsw_bulk.go:301.5,301.21 1 1
github.com/23skdu/longbow/internal/store/internal/core/arrow_hnsw_bulk.go:301.21,304.6 2 1
github.com/23skdu/longbow/internal/store/internal/core/arrow_hnsw_bulk.go:307.5,307.49 1 1
github.com/23skdu/longbow/internal/store/internal/core/arrow_hnsw_bulk.go:307.49,309.6 1 0
github.com/23skdu/longbow/internal/store/internal/core/arrow_hnsw_bulk.go:313.5,313.71 1 1
github.com/23skdu/longbow/internal/store/internal/core/arrow_hnsw_bulk.go:313.71,315.25 2 0
github.com/23skdu/longbow/internal/store/internal/core/arrow_hnsw_bulk.go:315.25,320.40 1 0
github.com/23skdu/longbow/internal/store/internal/core/arrow_hnsw_bulk.go:320.40,325.8 4 0
github.com/23skdu/longbow/internal/store/internal/core/arrow_hnsw_bulk.go:330.5,330.49 1 1
github.com/23skdu/longbow/internal/store/internal/core/arrow_hnsw_bulk.go:330.49,332.24 2 0
github.com/23skdu/longbow/internal/store/internal/core/arrow_hnsw_bulk.go:332.24,336.40 1 0
github.com/23skdu/longbow/internal/store/internal/core/arrow_hnsw_bulk.go:336.40,341.8 4 0
github.com/23skdu/longbow/internal/store/internal/core/arrow_hnsw_bulk.go:346.5,346.49 1 1
github.com/23skdu/longbow/internal/store/internal/core/arrow_hnsw_bulk.go:346.49,348.24 2 0
github.com/23skdu/longbow/internal/store/internal/core/arrow_hnsw_bulk.go:348.24,350.40 1 0
github.com/23skdu/longbow/internal/store/internal/core/arrow_hnsw_bulk.go:350.40,352.22 2 0
github.com/23skdu/longbow/internal/store/internal/core/arrow_hnsw_bulk.go:352.22,356.9 3 0
github.com/23skdu/longbow/internal/store/internal/core/arrow_hnsw_bulk.go:362.5,362.27 1 1
github.com/23skdu/longbow/internal/store/internal/core/arrow_hnsw_bulk.go:362.27,364.24 2 0
github.com/23skdu/longbow/internal/store/internal/core/arrow_hnsw_bulk.go:364.24,365.40 1 0
github.com/23skdu/longbow/internal/store/internal/core/arrow_hnsw_bulk.go:365.40,367.22 2 0
github.com/23skdu/longbow/internal/store/internal/core/arrow_hnsw_bulk.go:367.22,371.9 3 0
github.com/23skdu/longbow/internal/store/internal/core/arrow_hnsw_bulk.go:376.5,387.27 4 1
github.com/23skdu/longbow/internal/store/internal/core/arrow_hnsw_bulk.go:387.27,389.6 1 1
github.com/23skdu/longbow/internal/store/internal/core/arrow_hnsw_bulk.go:391.4,391.14 1 1
github.com/23skdu/longbow/internal/store/internal/core/arrow_hnsw_bulk.go:395.2,395.37 1 1
github.com/23skdu/longbow/internal/store/internal/core/arrow_hnsw_bulk.go:395.37,397.3 1 1
github.com/23skdu/longbow/internal/store/internal/core/arrow_hnsw_bulk.go:400.2,412.35 6 1
github.com/23skdu/longbow/internal/store/internal/core/arrow_hnsw_bulk.go:412.35,413.33 1 1
github.com/23skdu/longbow/internal/store/internal/core/arrow_hnsw_bulk.go:413.33,416.4 2 1
github.com/23skdu/longbow/internal/store/internal/core/arrow_hnsw_bulk.go:422.2,423.26 2 1
github.com/23skdu/longbow/internal/store/internal/core/arrow_hnsw_bulk.go:423.26,425.3 1 1
github.com/23skdu/longbow/internal/store/internal/core/arrow_hnsw_bulk.go:428.2,429.28 2 1
github.com/23skdu/longbow/internal/store/internal/core/arrow_hnsw_bulk.go:429.28,431.3 1 1
github.com/23skdu/longbow/internal/store/internal/core/arrow_hnsw_bulk.go:439.2,439.25 1 1
github.com/23skdu/longbow/internal/store/internal/core/arrow_hnsw_bulk.go:439.25,441.3 1 1
github.com/23skdu/longbow/internal/store/internal/core/arrow_hnsw_bulk.go:443.2,443.32 1 1
github.com/23skdu/longbow/internal/store/internal/core/arrow_hnsw_bulk.go:443.32,447.36 2 1
github.com/23skdu/longbow/internal/store/internal/core/arrow_hnsw_bulk.go:447.36,448.24 1 1
github.com/23skdu/longbow/internal/store/internal/core/arrow_hnsw_bulk.go:448.24,450.5 1 1
github.com/23skdu/longbow/internal/store/internal/core/arrow_hnsw_bulk.go:453.3,453.30 1 1
github.com/23skdu/longbow/internal/store/internal/core/arrow_hnsw_bulk.go:453.30,454.12 1 1
github.com/23skdu/longbow/internal/store/internal/core/arrow_hnsw_bulk.go:461.3,468.21 5 1
github.com/23skdu/longbow/internal/store/internal/core/arrow_hnsw_bulk.go:468.21,470.4 1 1
github.com/23skdu/longbow/internal/store/internal/core/arrow_hnsw_bulk.go:472.3,472.54 1 1
github.com/23skdu/longbow/internal/store/internal/core/arrow_hnsw_bulk.go:472.54,475.32 2 1
github.com/23skdu/longbow/internal/store/internal/core/arrow_hnsw_bulk.go:475.32,477.5 1 1
github.com/23skdu/longbow/internal/store/internal/core/arrow_hnsw_bulk.go:478.4,481.27 3 1
github.com/23skdu/longbow/internal/store/internal/core/arrow_hnsw_bulk.go:481.27,487.33 4 1
github.com/23skdu/longbow/internal/store/internal/core/arrow_hnsw_bulk.go:487.33,491.25 3 1
github.com/23skdu/longbow/internal/store/internal/core/arrow_hnsw_bulk.go:491.25,494.21 2 0
github.com/23skdu/longbow/internal/store/internal/core/arrow_hnsw_bulk.go:494.21,496.8 1 0
github.com/23skdu/longbow/internal/store/internal/core/arrow_hnsw_bulk.go:497.7,497.23 1 0
github.com/23skdu/longbow/internal/store/internal/core/arrow_hnsw_bulk.go:497.23,499.8 1 0
github.com/23skdu/longbow/internal/store/internal/core/arrow_hnsw_bulk.go:500.12,504.30 2 1
github.com/23skdu/longbow/internal/store/internal/core/arrow_hnsw_bulk.go:504.30,506.8 1 0
github.com/23skdu/longbow/internal/store/internal/core/arrow_hnsw_bulk.go:508.7,509.21 2 1
github.com/23skdu/longbow/internal/store/internal/core/arrow_hnsw_bulk.go:509.21,511.8 1 0
github.com/23skdu/longbow/internal/store/internal/core/arrow_hnsw_bulk.go:515.7,521.23 5 1
github.com/23skdu/longbow/internal/store/internal/core/arrow_hnsw_bulk.go:521.23,523.8 1 1
github.com/23skdu/longbow/internal/store/internal/core/arrow_hnsw_bulk.go:526.5,526.15 1 1
github.com/23skdu/longbow/internal/store/internal/core/arrow_hnsw_bulk.go:529.3,529.39 1 1
github.com/23skdu/longbow/internal/store/internal/core/arrow_hnsw_bulk.go:529.39,531.4 1 0
github.com/23skdu/longbow/internal/store/internal/core/arrow_hnsw_bulk.go:538.3,540.17 3 1
github.com/23skdu/longbow/internal/store/internal/core/arrow_hnsw_bulk.go:540.17,553.42 4 1
github.com/23skdu/longbow/internal/store/internal/core/arrow_hnsw_bulk.go:553.42,557.28 2 1
github.com/23skdu/longbow/internal/store/internal/core/arrow_hnsw_bulk.go:557.28,560.23 2 1
github.com/23skdu/longbow/internal/store/internal/core/arrow_hnsw_bulk.go:560.23,562.7 1 1
github.com/23skdu/longbow/internal/store/internal/core/arrow_hnsw_bulk.go:565.6,572.15 6 1
github.com/23skdu/longbow/internal/store/internal/core/arrow_hnsw_bulk.go:572.16,574.7 0 0
github.com/23skdu/longbow/internal/store/internal/core/arrow_hnsw_bulk.go:574.12,574.23 1 1
github.com/23skdu/longbow/internal/store/internal/core/arrow_hnsw_bulk.go:574.23,579.7 4 0
github.com/23skdu/longbow/internal/store/internal/core/arrow_hnsw_bulk.go:581.6,581.43 1 1
github.com/23skdu/longbow/internal/store/internal/core/arrow_hnsw_bulk.go:581.43,586.40 3 1
github.com/23skdu/longbow/internal/store/internal/core/arrow_hnsw_bulk.go:586.40,587.15 1 1
github.com/23skdu/longbow/internal/store/internal/core/arrow_hnsw_bulk.go:588.19,589.36 1 0
github.com/23skdu/longbow/internal/store/internal/core/arrow_hnsw_bulk.go:590.20,591.36 1 0
github.com/23skdu/longbow/internal/store/internal/core/arrow_hnsw_bulk.go:596.7,596.45 1 1
github.com/23skdu/longbow/internal/store/internal/core/arrow_hnsw_bulk.go:596.45,598.25 2 1
github.com/23skdu/longbow/internal/store/internal/core/arrow_hnsw_bulk.go:598.25,600.9 1 1
github.com/23skdu/longbow/internal/store/internal/core/arrow_hnsw_bulk.go:602.8,602.40 1 1
github.com/23skdu/longbow/internal/store/internal/core/arrow_hnsw_bulk.go:602.40,603.23 1 1
github.com/23skdu/longbow/internal/store/internal/core/arrow_hnsw_bulk.go:603.23,604.18 1 1
github.com/23skdu/longbow/internal/store/internal/core/arrow_hnsw_bulk.go:607.9,617.45 5 1
github.com/23skdu/longbow/internal/store/internal/core/arrow_hnsw_bulk.go:617.45,618.46 1 1
github.com/23skdu/longbow/internal/store/internal/core/arrow_hnsw_bulk.go:618.46,619.18 1 1
github.com/23skdu/longbow/internal/store/internal/core/arrow_hnsw_bulk.go:620.22,623.23 3 0
github.com/23skdu/longbow/internal/store/internal/core/arrow_hnsw_bulk.go:624.23,627.26 3 0
github.com/23skdu/longbow/internal/store/internal/core/arrow_hnsw_bulk.go:627.26,629.13 1 0
github.com/23skdu/longbow/internal/store/internal/core/arrow_hnsw_bulk.go:629.18,631.13 1 0
github.com/23skdu/longbow/internal/store/internal/core/arrow_hnsw_bulk.go:632.12,632.23 1 0
github.com/23skdu/longbow/internal/store/internal/core/arrow_hnsw_bulk.go:633.19,635.26 2 1
github.com/23skdu/longbow/internal/store/internal/core/arrow_hnsw_bulk.go:635.26,638.13 2 1
github.com/23skdu/longbow/internal/store/internal/core/arrow_hnsw_bulk.go:643.9,643.18 1 1
github.com/23skdu/longbow/internal/store/internal/core/arrow_hnsw_bulk.go:643.18,645.34 1 0
github.com/23skdu/longbow/internal/store/internal/core/arrow_hnsw_bulk.go:646.29,647.48 1 0
github.com/23skdu/longbow/internal/store/internal/core/arrow_hnsw_bulk.go:647.48,649.26 2 0
github.com/23skdu/longbow/internal/store/internal/core/arrow_hnsw_bulk.go:649.26,652.13 2 0
github.com/23skdu/longbow/internal/store/internal/core/arrow_hnsw_bulk.go:654.25,655.44 1 0
github.com/23skdu/longbow/internal/store/internal/core/arrow_hnsw_bulk.go:655.44,657.26 2 0
github.com/23skdu/longbow/internal/store/internal/core/arrow_hnsw_bulk.go:657.26,660.13 2 0
github.com/23skdu/longbow/internal/store/internal/core/arrow_hnsw_bulk.go:662.27,663.46 1 0
github.com/23skdu/longbow/internal/store/internal/core/arrow_hnsw_bulk.go:663.46,665.26 2 0
github.com/23skdu/longbow/internal/store/internal/core/arrow_hnsw_bulk.go:665.26,668.13 2 0
github.com/23skdu/longbow/internal/store/internal/core/arrow_hnsw_bulk.go:670.28,671.47 1 0
github.com/23skdu/longbow/internal/store/internal/core/arrow_hnsw_bulk.go:671.47,673.26 2 0
github.com/23skdu/longbow/internal/store/internal/core/arrow_hnsw_bulk.go:673.26,676.13 2 0
github.com/23skdu/longbow/internal/store/internal/core/arrow_hnsw_bulk.go:678.22,679.41 1 0
github.com/23skdu/longbow/internal/store/internal/core/arrow_hnsw_bulk.go:679.41,682.54 2 0
github.com/23skdu/longbow/internal/store/internal/core/arrow_hnsw_bulk.go:682.54,685.13 2 0
github.com/23skdu/longbow/internal/store/internal/core/arrow_hnsw_bulk.go:686.12,687.23 2 0
github.com/23skdu/longbow/internal/store/internal/core/arrow_hnsw_bulk.go:689.18,690.33 1 0
github.com/23skdu/longbow/internal/store/internal/core/arrow_hnsw_bulk.go:693.9,700.23 4 1
github.com/23skdu/longbow/internal/store/internal/core/arrow_hnsw_bulk.go:700.23,701.18 1 0
github.com/23skdu/longbow/internal/store/internal/core/arrow_hnsw_bulk.go:703.9,704.29 2 1
github.com/23skdu/longbow/internal/store/internal/core/arrow_hnsw_bulk.go:704.29,707.31 3 1
github.com/23skdu/longbow/internal/store/internal/core/arrow_hnsw_bulk.go:707.31,709.11 1 0
github.com/23skdu/longbow/internal/store/internal/core/arrow_hnsw_bulk.go:710.15,710.40 1 0
github.com/23skdu/longbow/internal/store/internal/core/arrow_hnsw_bulk.go:710.40,713.10 2 0
github.com/23skdu/longbow/internal/store/internal/core/arrow_hnsw_bulk.go:717.6,717.16 1 1
github.com/23skdu/longbow/internal/store/internal/core/arrow_hnsw_bulk.go:721.4,721.40 1 1
github.com/23skdu/longbow/internal/store/internal/core/arrow_hnsw_bulk.go:721.40,723.5 1 0
github.com/23skdu/longbow/internal/store/internal/core/arrow_hnsw_bulk.go:728.3,728.37 1 1
github.com/23skdu/longbow/internal/store/internal/core/arrow_hnsw_bulk.go:728.37,729.47 1 1
github.com/23skdu/longbow/internal/store/internal/core/arrow_hnsw_bulk.go:729.47,730.28 1 1
github.com/23skdu/longbow/internal/store/internal/core/arrow_hnsw_bulk.go:730.28,732.6 1 1
github.com/23skdu/longbow/internal/store/internal/core/arrow_hnsw_bulk.go:737.3,737.37 1 1
github.com/23skdu/longbow/internal/store/internal/core/arrow_hnsw_bulk.go:737.37,739.23 2 1
github.com/23skdu/longbow/internal/store/internal/core/arrow_hnsw_bulk.go:739.23,740.13 1 0
github.com/23skdu/longbow/internal/store/internal/core/arrow_hnsw_bulk.go:743.4,744.28 2 1
github.com/23skdu/longbow/internal/store/internal/core/arrow_hnsw_bulk.go:744.28,745.13 1 0
github.com/23skdu/longbow/internal/store/internal/core/arrow_hnsw_bulk.go:749.4,751.36 3 1
github.com/23skdu/longbow/internal/store/internal/core/arrow_hnsw_bulk.go:751.36,752.24 1 1
github.com/23skdu/longbow/internal/store/internal/core/arrow_hnsw_bulk.go:752.24,754.6 1 1
github.com/23skdu/longbow/internal/store/internal/core/arrow_hnsw_bulk.go:757.4,757.28 1 1
github.com/23skdu/longbow/internal/store/internal/core/arrow_hnsw_bulk.go:757.28,758.13 1 0
github.com/23skdu/longbow/internal/store/internal/core/arrow_hnsw_bulk.go:762.4,764.15 3 1
github.com/23skdu/longbow/internal/store/internal/core/arrow_hnsw_bulk.go:764.15,767.5 2 1
github.com/23skdu/longbow/internal/store/internal/core/arrow_hnsw_bulk.go:768.4,768.19 1 1
github.com/23skdu/longbow/internal/store/internal/core/arrow_hnsw_bulk.go:768.19,770.5 1 0
github.com/23skdu/longbow/internal/store/internal/core/arrow_hnsw_bulk.go:773.4,773.63 1 1
github.com/23skdu/longbow/internal/store/internal/core/arrow_hnsw_bulk.go:773.63,774.24 1 1
github.com/23skdu/longbow/internal/store/internal/core/arrow_hnsw_bulk.go:774.24,774.37 1 1
github.com/23skdu/longbow/internal/store/internal/core/arrow_hnsw_bulk.go:775.5,775.24 1 1
github.com/23skdu/longbow/internal/store/internal/core/arrow_hnsw_bulk.go:775.24,775.36 1 1
github.com/23skdu/longbow/internal/store/internal/core/arrow_hnsw_bulk.go:776.5,776.13 1 1
github.com/23skdu/longbow/internal/store/internal/core/arrow_hnsw_bulk.go:780.4,785.31 4 1
github.com/23skdu/longbow/internal/store/internal/core/arrow_hnsw_bulk.go:785.31,785.58 1 1
github.com/23skdu/longbow/internal/store/internal/core/arrow_hnsw_bulk.go:786.4,788.27 2 1
github.com/23skdu/longbow/internal/store/internal/core/arrow_hnsw_bulk.go:788.27,790.13 2 0
github.com/23skdu/longbow/internal/store/internal/core/arrow_hnsw_bulk.go:794.4,796.32 3 1
github.com/23skdu/longbow/internal/store/internal/core/arrow_hnsw_bulk.go:796.32,799.5 2 1
github.com/23skdu/longbow/internal/store/internal/core/arrow_hnsw_bulk.go:800.4,803.39 2 1
github.com/23skdu/longbow/internal/store/internal/core/arrow_hnsw_bulk.go:803.39,805.5 1 1
github.com/23skdu/longbow/internal/store/internal/core/arrow_hnsw_bulk.go:807.4,807.103 1 1
github.com/23skdu/longbow/internal/store/internal/core/arrow_hnsw_bulk.go:811.3,811.37 1 1
github.com/23skdu/longbow/internal/store/internal/core/arrow_hnsw_bulk.go:811.37,813.4 1 1
github.com/23skdu/longbow/internal/store/internal/core/arrow_hnsw_bulk.go:818.3,818.21 1 1
github.com/23skdu/longbow/internal/store/internal/core/arrow_hnsw_bulk.go:823.2,825.32 3 1
github.com/23skdu/longbow/internal/store/internal/core/arrow_hnsw_bulk.go:825.32,828.3 2 1
github.com/23skdu/longbow/internal/store/internal/core/arrow_hnsw_bulk.go:829.2,833.69 3 1
github.com/23skdu/longbow/internal/store/internal/core/arrow_hnsw_bulk.go:833.69,834.44 1 0
github.com/23skdu/longbow/internal/store/internal/core/arrow_hnsw_bulk.go:834.44,839.4 4 0
github.com/23skdu/longbow/internal/store/internal/core/arrow_hnsw_bulk.go:842.2,842.12 1 1
github.com/23skdu/longbow/internal/store/internal/core/arrow_hnsw_bulk.go:845.123,847.54 1 0
github.com/23skdu/longbow/internal/store/internal/core/arrow_hnsw_bulk.go:847.54,849.26 1 0
github.com/23skdu/longbow/internal/store/internal/core/arrow_hnsw_bulk.go:849.26,850.24 1 0
github.com/23skdu/longbow/internal/store/internal/core/arrow_hnsw_bulk.go:850.24,852.5 1 0
github.com/23skdu/longbow/internal/store/internal/core/arrow_hnsw_bulk.go:853.4,853.21 1 0
github.com/23skdu/longbow/internal/store/internal/core/arrow_hnsw_compute_complex.go:20.74,21.25 1 1
github.com/23skdu/longbow/internal/store/internal/core/arrow_hnsw_compute_complex.go:21.25,24.19 3 1
github.com/23skdu/longbow/internal/store/internal/core/arrow_hnsw_compute_complex.go:24.19,27.34 3 1
github.com/23skdu/longbow/internal/store/internal/core/arrow_hnsw_compute_complex.go:27.34,30.19 3 1
github.com/23skdu/longbow/internal/store/internal/core/arrow_hnsw_compute_complex.go:30.19,32.6 1 0
github.com/23skdu/longbow/internal/store/internal/core/arrow_hnsw_compute_complex.go:33.5,34.13 2 1
github.com/23skdu/longbow/internal/store/internal/core/arrow_hnsw_compute_complex.go:37.3,37.29 1 0
github.com/23skdu/longbow/internal/store/internal/core/arrow_hnsw_compute_complex.go:39.2,39.12 1 1
github.com/23skdu/longbow/internal/store/internal/core/arrow_hnsw_compute_complex.go:42.71,44.16 2 1
github.com/23skdu/longbow/internal/store/internal/core/arrow_hnsw_compute_complex.go:44.16,45.40 1 1
github.com/23skdu/longbow/internal/store/internal/core/arrow_hnsw_compute_complex.go:45.40,47.4 1 1
github.com/23skdu/longbow/internal/store/internal/core/arrow_hnsw_compute_complex.go:49.2,49.29 1 0
github.com/23skdu/longbow/internal/store/internal/core/arrow_hnsw_compute_complex.go:52.49,55.18 3 0
github.com/23skdu/longbow/internal/store/internal/core/arrow_hnsw_compute_complex.go:55.18,58.25 3 0
github.com/23skdu/longbow/internal/store/internal/core/arrow_hnsw_compute_complex.go:58.25,60.4 1 0
github.com/23skdu/longbow/internal/store/internal/core/arrow_hnsw_compute_complex.go:73.75,74.25 1 1
github.com/23skdu/longbow/internal/store/internal/core/arrow_hnsw_compute_complex.go:74.25,77.19 3 1
github.com/23skdu/longbow/internal/store/internal/core/arrow_hnsw_compute_complex.go:77.19,80.34 3 1
github.com/23skdu/longbow/internal/store/internal/core/arrow_hnsw_compute_complex.go:80.34,83.19 3 1
github.com/23skdu/longbow/internal/store/internal/core/arrow_hnsw_compute_complex.go:83.19,85.6 1 0
github.com/23skdu/longbow/internal/store/internal/core/arrow_hnsw_compute_complex.go:86.5,87.13 2 1
github.com/23skdu/longbow/internal/store/internal/core/arrow_hnsw_compute_complex.go:90.3,90.29 1 0
github.com/23skdu/longbow/internal/store/internal/core/arrow_hnsw_compute_complex.go:92.2,92.12 1 1
github.com/23skdu/longbow/internal/store/internal/core/arrow_hnsw_compute_complex.go:95.72,97.16 2 1
github.com/23skdu/longbow/internal/store/internal/core/arrow_hnsw_compute_complex.go:97.16,98.41 1 1
github.com/23skdu/longbow/internal/store/internal/core/arrow_hnsw_compute_complex.go:98.41,100.4 1 1
github.com/23skdu/longbow/internal/store/internal/core/arrow_hnsw_compute_complex.go:102.2,102.29 1 0
github.com/23skdu/longbow/internal/store/internal/core/arrow_hnsw_compute_complex.go:105.50,108.18 3 0
github.com/23skdu/longbow/internal/store/internal/core/arrow_hnsw_compute_complex.go:108.18,111.25 3 0
github.com/23skdu/longbow/internal/store/internal/core/arrow_hnsw_compute_complex.go:111.25,113.4 1 0
github.com/23skdu/longbow/internal/store/internal/core/arrow_hnsw_compute_float64.go:20.72,21.25 1 1
github.com/23skdu/longbow/internal/store/internal/core/arrow_hnsw_compute_float64.go:21.25,24.19 3 1
github.com/23skdu/longbow/internal/store/internal/core/arrow_hnsw_compute_float64.go:24.19,27.34 3 1
github.com/23skdu/longbow/internal/store/internal/core/arrow_hnsw_compute_float64.go:27.34,30.19 3 1
github.com/23skdu/longbow/internal/store/internal/core/arrow_hnsw_compute_float64.go:30.19,32.6 1 0
github.com/23skdu/longbow/internal/store/internal/core/arrow_hnsw_compute_float64.go:33.5,34.13 2 1
github.com/23skdu/longbow/internal/store/internal/core/arrow_hnsw_compute_float64.go:37.3,37.29 1 0
github.com/23skdu/longbow/internal/store/internal/core/arrow_hnsw_compute_float64.go:39.2,39.12 1 1
github.com/23skdu/longbow/internal/store/internal/core/arrow_hnsw_compute_float64.go:42.69,44.16 2 1
github.com/23skdu/longbow/internal/store/internal/core/arrow_hnsw_compute_float64.go:44.16,45.38 1 1
github.com/23skdu/longbow/internal/store/internal/core/arrow_hnsw_compute_float64.go:45.38,47.4 1 1
github.com/23skdu/longbow/internal/store/internal/core/arrow_hnsw_compute_float64.go:49.2,49.29 1 0
github.com/23skdu/longbow/internal/store/internal/core/arrow_hnsw_compute_float64.go:52.47,55.18 3 0
github.com/23skdu/longbow/internal/store/internal/core/arrow_hnsw_compute_float64.go:55.18,58.25 3 0
github.com/23skdu/longbow/internal/store/internal/core/arrow_hnsw_compute_float64.go:58.25,60.4 1 0
github.com/23skdu/longbow/internal/store/internal/core/arrow_hnsw_compute_int.go:17.70,18.25 1 0
github.com/23skdu/longbow/internal/store/internal/core/arrow_hnsw_compute_int.go:18.25,20.17 2 0
github.com/23skdu/longbow/internal/store/internal/core/arrow_hnsw_compute_int.go:20.17,22.4 1 0
github.com/23skdu/longbow/internal/store/internal/core/arrow_hnsw_compute_int.go:23.3,23.15 1 0
github.com/23skdu/longbow/internal/store/internal/core/arrow_hnsw_compute_int.go:25.2,25.12 1 0
github.com/23skdu/longbow/internal/store/internal/core/arrow_hnsw_compute_int.go:28.67,30.16 2 0
github.com/23skdu/longbow/internal/store/internal/core/arrow_hnsw_compute_int.go:30.16,31.36 1 0
github.com/23skdu/longbow/internal/store/internal/core/arrow_hnsw_compute_int.go:31.36,33.4 1 0
github.com/23skdu/longbow/internal/store/internal/core/arrow_hnsw_compute_int.go:35.2,35.29 1 0
github.com/23skdu/longbow/internal/store/internal/core/arrow_hnsw_compute_int.go:47.71,48.25 1 0
github.com/23skdu/longbow/internal/store/internal/core/arrow_hnsw_compute_int.go:48.25,50.17 2 0
github.com/23skdu/longbow/internal/store/internal/core/arrow_hnsw_compute_int.go:50.17,52.4 1 0
github.com/23skdu/longbow/internal/store/internal/core/arrow_hnsw_compute_int.go:53.3,53.15 1 0
github.com/23skdu/longbow/internal/store/internal/core/arrow_hnsw_compute_int.go:55.2,55.12 1 0
github.com/23skdu/longbow/internal/store/internal/core/arrow_hnsw_compute_int.go:58.68,60.16 2 0
github.com/23skdu/longbow/internal/store/internal/core/arrow_hnsw_compute_int.go:60.16,61.37 1 0
github.com/23skdu/longbow/internal/store/internal/core/arrow_hnsw_compute_int.go:61.37,63.4 1 0
github.com/23skdu/longbow/internal/store/internal/core/arrow_hnsw_compute_int.go:65.2,65.29 1 0
github.com/23skdu/longbow/internal/store/internal/core/arrow_hnsw_compute_int.go:77.70,78.25 1 0
github.com/23skdu/longbow/internal/store/internal/core/arrow_hnsw_compute_int.go:78.25,80.17 2 0
github.com/23skdu/longbow/internal/store/internal/core/arrow_hnsw_compute_int.go:80.17,82.4 1 0
github.com/23skdu/longbow/internal/store/internal/core/arrow_hnsw_compute_int.go:83.3,83.15 1 0
github.com/23skdu/longbow/internal/store/internal/core/arrow_hnsw_compute_int.go:85.2,85.12 1 0
github.com/23skdu/longbow/internal/store/internal/core/arrow_hnsw_compute_int.go:88.67,90.16 2 0
github.com/23skdu/longbow/internal/store/internal/core/arrow_hnsw_compute_int.go:90.16,91.36 1 0
github.com/23skdu/longbow/internal/store/internal/core/arrow_hnsw_compute_int.go:91.36,93.4 1 0
github.com/23skdu/longbow/internal/store/internal/core/arrow_hnsw_compute_int.go:95.2,95.29 1 0
github.com/23skdu/longbow/internal/store/internal/core/arrow_hnsw_compute_int.go:107.71,108.25 1 0
github.com/23skdu/longbow/internal/store/internal/core/arrow_hnsw_compute_int.go:108.25,110.17 2 0
github.com/23skdu/longbow/internal/store/internal/core/arrow_hnsw_compute_int.go:110.17,112.4 1 0
github.com/23skdu/longbow/internal/store/internal/core/arrow_hnsw_compute_int.go:113.3,113.15 1 0
github.com/23skdu/longbow/internal/store/internal/core/arrow_hnsw_compute_int.go:115.2,115.12 1 0
github.com/23skdu/longbow/internal/store/internal/core/arrow_hnsw_compute_int.go:118.68,120.16 2 0
github.com/23skdu/longbow/internal/store/internal/core/arrow_hnsw_compute_int.go:120.16,121.37 1 0
github.com/23skdu/longbow/internal/store/internal/core/arrow_hnsw_compute_int.go:121.37,123.4 1 0
github.com/23skdu/longbow/internal/store/internal/core/arrow_hnsw_compute_int.go:125.2,125.29 1 0
github.com/23skdu/longbow/internal/store/internal/core/arrow_hnsw_compute_int.go:137.70,138.25 1 0
github.com/23skdu/longbow/internal/store/internal/core/arrow_hnsw_compute_int.go:138.25,140.17 2 0
github.com/23skdu/longbow/internal/store/internal/core/arrow_hnsw_compute_int.go:140.17,142.4 1 0
github.com/23skdu/longbow/internal/store/internal/core/arrow_hnsw_compute_int.go:143.3,143.15 1 0
github.com/23skdu/longbow/internal/store/internal/core/arrow_hnsw_compute_int.go:145.2,145.12 1 0
github.com/23skdu/longbow/internal/store/internal/core/arrow_hnsw_compute_int.go:148.67,150.16 2 0
github.com/23skdu/longbow/internal/store/internal/core/arrow_hnsw_compute_int.go:150.16,151.36 1 0
github.com/23skdu/longbow/internal/store/internal/core/arrow_hnsw_compute_int.go:151.36,153.4 1 0
github.com/23skdu/longbow/internal/store/internal/core/arrow_hnsw_compute_int.go:155.2,155.29 1 0
github.com/23skdu/longbow/internal/store/internal/core/arrow_hnsw_compute_int.go:167.71,168.25 1 0
github.com/23skdu/longbow/internal/store/internal/core/arrow_hnsw_compute_int.go:168.25,170.17 2 0
github.com/23skdu/longbow/internal/store/internal/core/arrow_hnsw_compute_int.go:170.17,172.4 1 0
github.com/23skdu/longbow/internal/store/internal/core/arrow_hnsw_compute_int.go:173.3,173.15 1 0
github.com/23skdu/longbow/internal/store/internal/core/arrow_hnsw_compute_int.go:175.2,175.12 1 0
github.com/23skdu/longbow/internal/store/internal/core/arrow_hnsw_compute_int.go:178.68,180.16 2 0
github.com/23skdu/longbow/internal/store/internal/core/arrow_hnsw_compute_int.go:180.16,181.37 1 0
github.com/23skdu/longbow/internal/store/internal/core/arrow_hnsw_compute_int.go:181.37,183.4 1 0
github.com/23skdu/longbow/internal/store/internal/core/arrow_hnsw_compute_int.go:185.2,185.29 1 0
github.com/23skdu/longbow/internal/store/internal/core/arrow_hnsw_compute_tq.go:15.60,22.2 3 0
github.com/23skdu/longbow/internal/store/internal/core/arrow_hnsw_compute_tq.go:24.72,26.16 2 0
github.com/23skdu/longbow/internal/store/internal/core/arrow_hnsw_compute_tq.go:26.16,28.3 1 0
github.com/23skdu/longbow/internal/store/internal/core/arrow_hnsw_compute_tq.go:29.2,30.16 2 0
github.com/23skdu/longbow/internal/store/internal/core/arrow_hnsw_compute_tq.go:30.16,32.3 1 0
github.com/23skdu/longbow/internal/store/internal/core/arrow_hnsw_compute_tq.go:33.2,33.33 1 0
github.com/23skdu/longbow/internal/store/internal/core/arrow_hnsw_compute_tq.go:36.91,38.16 2 0
github.com/23skdu/longbow/internal/store/internal/core/arrow_hnsw_compute_tq.go:38.16,40.3 1 0
github.com/23skdu/longbow/internal/store/internal/core/arrow_hnsw_compute_tq.go:42.2,44.81 3 0
github.com/23skdu/longbow/internal/store/internal/core/arrow_hnsw_compute_tq.go:44.81,46.3 1 0
github.com/23skdu/longbow/internal/store/internal/core/arrow_hnsw_compute_tq.go:48.2,48.41 1 0
github.com/23skdu/longbow/internal/store/internal/core/arrow_hnsw_compute_tq.go:51.106,53.2 1 0
github.com/23skdu/longbow/internal/store/internal/core/arrow_hnsw_compute_tq.go:55.128,57.16 2 0
github.com/23skdu/longbow/internal/store/internal/core/arrow_hnsw_compute_tq.go:57.16,59.3 1 0
github.com/23skdu/longbow/internal/store/internal/core/arrow_hnsw_compute_tq.go:60.2,60.41 1 0
github.com/23skdu/longbow/internal/store/internal/core/arrow_hnsw_compute_tq.go:63.91,64.34 1 0
github.com/23skdu/longbow/internal/store/internal/core/arrow_hnsw_compute_tq.go:64.34,66.3 1 0
github.com/23skdu/longbow/internal/store/internal/core/arrow_hnsw_compute_tq.go:67.2,68.59 2 0
github.com/23skdu/longbow/internal/store/internal/core/arrow_hnsw_compute_tq.go:71.69,73.2 1 0
github.com/23skdu/longbow/internal/store/internal/core/arrow_hnsw_compute_tq.go:75.92,84.18 7 0
github.com/23skdu/longbow/internal/store/internal/core/arrow_hnsw_compute_tq.go:84.18,87.33 3 0
github.com/23skdu/longbow/internal/store/internal/core/arrow_hnsw_compute_tq.go:87.33,89.4 1 0
github.com/23skdu/longbow/internal/store/internal/core/arrow_hnsw_compute_tq.go:92.2,92.19 1 0
github.com/23skdu/longbow/internal/store/internal/core/arrow_hnsw_compute_tq.go:92.19,94.16 1 0
github.com/23skdu/longbow/internal/store/internal/core/arrow_hnsw_compute_tq.go:94.16,96.4 1 0
github.com/23skdu/longbow/internal/store/internal/core/arrow_hnsw_compute_tq.go:97.3,97.16 1 0
github.com/23skdu/longbow/internal/store/internal/core/arrow_hnsw_compute_tq.go:97.16,99.4 1 0
github.com/23skdu/longbow/internal/store/internal/core/arrow_hnsw_compute_tq.go:102.2,102.19 1 0
github.com/23skdu/longbow/internal/store/internal/core/arrow_hnsw_compute_tq.go:102.19,104.3 1 0
github.com/23skdu/longbow/internal/store/internal/core/arrow_hnsw_compute_tq.go:106.2,106.33 1 0
github.com/23skdu/longbow/internal/store/internal/core/arrow_hnsw_insert.go:12.185,15.16 3 1
github.com/23skdu/longbow/internal/store/internal/core/arrow_hnsw_insert.go:15.16,17.3 1 0
github.com/23skdu/longbow/internal/store/internal/core/arrow_hnsw_insert.go:21.2,23.20 3 1
github.com/23skdu/longbow/internal/store/internal/core/arrow_hnsw_insert.go:27.140,28.26 1 1
github.com/23skdu/longbow/internal/store/internal/core/arrow_hnsw_insert.go:28.26,30.3 1 1
github.com/23skdu/longbow/internal/store/internal/core/arrow_hnsw_insert.go:33.2,34.42 2 1
github.com/23skdu/longbow/internal/store/internal/core/arrow_hnsw_insert.go:34.42,36.3 1 0
github.com/23skdu/longbow/internal/store/internal/core/arrow_hnsw_insert.go:42.2,42.20 1 1
github.com/23skdu/longbow/internal/store/internal/core/arrow_hnsw_insert.go:42.20,44.3 1 1
github.com/23skdu/longbow/internal/store/internal/core/arrow_hnsw_insert.go:46.2,47.16 2 1
github.com/23skdu/longbow/internal/store/internal/core/arrow_hnsw_insert.go:47.16,49.3 1 1
github.com/23skdu/longbow/internal/store/internal/core/arrow_hnsw_insert.go:49.8,51.3 1 0
github.com/23skdu/longbow/internal/store/internal/core/arrow_hnsw_insert.go:54.2,55.16 2 1
github.com/23skdu/longbow/internal/store/internal/core/arrow_hnsw_insert.go:55.16,57.3 1 1
github.com/23skdu/longbow/internal/store/internal/core/arrow_hnsw_insert.go:57.8,59.3 1 0
github.com/23skdu/longbow/internal/store/internal/core/arrow_hnsw_insert.go:61.2,61.34 1 1
github.com/23skdu/longbow/internal/store/internal/core/arrow_hnsw_insert.go:61.34,62.25 1 1
github.com/23skdu/longbow/internal/store/internal/core/arrow_hnsw_insert.go:62.25,63.9 1 0
github.com/23skdu/longbow/internal/store/internal/core/arrow_hnsw_insert.go:66.3,68.10 3 1
github.com/23skdu/longbow/internal/store/internal/core/arrow_hnsw_insert.go:68.10,72.40 3 1
github.com/23skdu/longbow/internal/store/internal/core/arrow_hnsw_insert.go:72.40,74.19 2 0
github.com/23skdu/longbow/internal/store/internal/core/arrow_hnsw_insert.go:74.19,77.31 2 0
github.com/23skdu/longbow/internal/store/internal/core/arrow_hnsw_insert.go:77.31,77.86 1 0
github.com/23skdu/longbow/internal/store/internal/core/arrow_hnsw_insert.go:78.6,78.25 1 0
github.com/23skdu/longbow/internal/store/internal/core/arrow_hnsw_insert.go:79.11,81.31 2 0
github.com/23skdu/longbow/internal/store/internal/core/arrow_hnsw_insert.go:81.31,81.56 1 0
github.com/23skdu/longbow/internal/store/internal/core/arrow_hnsw_insert.go:83.5,83.13 1 0
github.com/23skdu/longbow/internal/store/internal/core/arrow_hnsw_insert.go:84.10,84.49 1 1
github.com/23skdu/longbow/internal/store/internal/core/arrow_hnsw_insert.go:84.49,86.19 2 0
github.com/23skdu/longbow/internal/store/internal/core/arrow_hnsw_insert.go:86.19,88.32 2 0
github.com/23skdu/longbow/internal/store/internal/core/arrow_hnsw_insert.go:88.32,88.87 1 0
github.com/23skdu/longbow/internal/store/internal/core/arrow_hnsw_insert.go:89.6,90.30 2 0
github.com/23skdu/longbow/internal/store/internal/core/arrow_hnsw_insert.go:91.11,93.32 2 0
github.com/23skdu/longbow/internal/store/internal/core/arrow_hnsw_insert.go:93.32,93.57 1 0
github.com/23skdu/longbow/internal/store/internal/core/arrow_hnsw_insert.go:95.5,95.13 1 0
github.com/23skdu/longbow/internal/store/internal/core/arrow_hnsw_insert.go:96.10,96.47 1 1
github.com/23skdu/longbow/internal/store/internal/core/arrow_hnsw_insert.go:96.47,98.31 2 1
github.com/23skdu/longbow/internal/store/internal/core/arrow_hnsw_insert.go:98.31,98.56 1 1
github.com/23skdu/longbow/internal/store/internal/core/arrow_hnsw_insert.go:99.5,99.13 1 1
github.com/23skdu/longbow/internal/store/internal/core/arrow_hnsw_insert.go:100.10,100.49 1 1
github.com/23skdu/longbow/internal/store/internal/core/arrow_hnsw_insert.go:100.49,102.32 2 0
github.com/23skdu/longbow/internal/store/internal/core/arrow_hnsw_insert.go:102.32,102.57 1 0
github.com/23skdu/longbow/internal/store/internal/core/arrow_hnsw_insert.go:103.5,103.13 1 0
github.com/23skdu/longbow/internal/store/internal/core/arrow_hnsw_insert.go:105.4,105.29 1 1
github.com/23skdu/longbow/internal/store/internal/core/arrow_hnsw_insert.go:107.3,107.16 1 1
github.com/23skdu/longbow/internal/store/internal/core/arrow_hnsw_insert.go:107.16,108.12 1 0
github.com/23skdu/longbow/internal/store/internal/core/arrow_hnsw_insert.go:111.3,111.32 1 1
github.com/23skdu/longbow/internal/store/internal/core/arrow_hnsw_insert.go:111.32,113.11 2 1
github.com/23skdu/longbow/internal/store/internal/core/arrow_hnsw_insert.go:113.11,117.5 3 0
github.com/23skdu/longbow/internal/store/internal/core/arrow_hnsw_insert.go:118.4,118.17 1 1
github.com/23skdu/longbow/internal/store/internal/core/arrow_hnsw_insert.go:118.17,119.13 1 0
github.com/23skdu/longbow/internal/store/internal/core/arrow_hnsw_insert.go:122.4,125.32 3 1
github.com/23skdu/longbow/internal/store/internal/core/arrow_hnsw_insert.go:126.19,127.38 1 1
github.com/23skdu/longbow/internal/store/internal/core/arrow_hnsw_insert.go:127.38,129.6 1 1
github.com/23skdu/longbow/internal/store/internal/core/arrow_hnsw_insert.go:130.19,131.42 1 1
github.com/23skdu/longbow/internal/store/internal/core/arrow_hnsw_insert.go:131.42,133.6 1 1
github.com/23skdu/longbow/internal/store/internal/core/arrow_hnsw_insert.go:134.23,135.46 1 1
github.com/23skdu/longbow/internal/store/internal/core/arrow_hnsw_insert.go:135.46,137.6 1 1
github.com/23skdu/longbow/internal/store/internal/core/arrow_hnsw_insert.go:138.21,139.44 1 1
github.com/23skdu/longbow/internal/store/internal/core/arrow_hnsw_insert.go:139.44,141.6 1 1
github.com/23skdu/longbow/internal/store/internal/core/arrow_hnsw_insert.go:142.22,143.45 1 1
github.com/23skdu/longbow/internal/store/internal/core/arrow_hnsw_insert.go:143.45,145.6 1 1
github.com/23skdu/longbow/internal/store/internal/core/arrow_hnsw_insert.go:146.16,148.39 1 0
github.com/23skdu/longbow/internal/store/internal/core/arrow_hnsw_insert.go:148.39,151.34 2 0
github.com/23skdu/longbow/internal/store/internal/core/arrow_hnsw_insert.go:151.34,151.59 1 0
github.com/23skdu/longbow/internal/store/internal/core/arrow_hnsw_insert.go:152.6,153.34 2 0
github.com/23skdu/longbow/internal/store/internal/core/arrow_hnsw_insert.go:153.34,153.59 1 0
github.com/23skdu/longbow/internal/store/internal/core/arrow_hnsw_insert.go:154.6,154.35 1 0
github.com/23skdu/longbow/internal/store/internal/core/arrow_hnsw_insert.go:156.17,158.40 1 0
github.com/23skdu/longbow/internal/store/internal/core/arrow_hnsw_insert.go:158.40,160.34 2 0
github.com/23skdu/longbow/internal/store/internal/core/arrow_hnsw_insert.go:160.34,160.59 1 0
github.com/23skdu/longbow/internal/store/internal/core/arrow_hnsw_insert.go:161.6,162.34 2 0
github.com/23skdu/longbow/internal/store/internal/core/arrow_hnsw_insert.go:162.34,162.59 1 0
github.com/23skdu/longbow/internal/store/internal/core/arrow_hnsw_insert.go:163.6,163.35 1 0
github.com/23skdu/longbow/internal/store/internal/core/arrow_hnsw_insert.go:168.4,169.27 2 1
github.com/23skdu/longbow/internal/store/internal/core/arrow_hnsw_insert.go:169.27,171.5 1 0
github.com/23skdu/longbow/internal/store/internal/core/arrow_hnsw_insert.go:171.10,173.5 1 1
github.com/23skdu/longbow/internal/store/internal/core/arrow_hnsw_insert.go:175.4,175.44 1 1
github.com/23skdu/longbow/internal/store/internal/core/arrow_hnsw_insert.go:175.44,177.10 2 1
github.com/23skdu/longbow/internal/store/internal/core/arrow_hnsw_insert.go:181.3,181.16 1 1
github.com/23skdu/longbow/internal/store/internal/core/arrow_hnsw_insert.go:181.16,183.4 1 1
github.com/23skdu/longbow/internal/store/internal/core/arrow_hnsw_insert.go:187.2,187.47 1 1
github.com/23skdu/longbow/internal/store/internal/core/arrow_hnsw_insert.go:187.47,189.3 1 0
github.com/23skdu/longbow/internal/store/internal/core/arrow_hnsw_insert.go:192.2,192.83 1 1
github.com/23skdu/longbow/internal/store/internal/core/arrow_hnsw_insert.go:192.83,194.35 1 0
github.com/23skdu/longbow/internal/store/internal/core/arrow_hnsw_insert.go:194.35,196.31 2 0
github.com/23skdu/longbow/internal/store/internal/core/arrow_hnsw_insert.go:196.31,197.24 1 0
github.com/23skdu/longbow/internal/store/internal/core/arrow_hnsw_insert.go:197.24,199.11 2 0
github.com/23skdu/longbow/internal/store/internal/core/arrow_hnsw_insert.go:202.4,202.14 1 0
github.com/23skdu/longbow/internal/store/internal/core/arrow_hnsw_insert.go:202.14,204.29 2 0
github.com/23skdu/longbow/internal/store/internal/core/arrow_hnsw_insert.go:204.29,205.11 1 0
github.com/23skdu/longbow/internal/store/internal/core/arrow_hnsw_insert.go:211.2,211.17 1 1
github.com/23skdu/longbow/internal/store/internal/core/arrow_hnsw_insert.go:217.147,221.16 2 1
github.com/23skdu/longbow/internal/store/internal/core/arrow_hnsw_insert.go:221.16,223.3 1 1
github.com/23skdu/longbow/internal/store/internal/core/arrow_hnsw_insert.go:223.8,225.3 1 0
github.com/23skdu/longbow/internal/store/internal/core/arrow_hnsw_insert.go:227.2,228.16 2 1
github.com/23skdu/longbow/internal/store/internal/core/arrow_hnsw_insert.go:228.16,230.3 1 1
github.com/23skdu/longbow/internal/store/internal/core/arrow_hnsw_insert.go:230.8,232.3 1 0
github.com/23skdu/longbow/internal/store/internal/core/arrow_hnsw_insert.go:234.2,234.34 1 1
github.com/23skdu/longbow/internal/store/internal/core/arrow_hnsw_insert.go:234.34,235.25 1 1
github.com/23skdu/longbow/internal/store/internal/core/arrow_hnsw_insert.go:235.25,236.9 1 1
github.com/23skdu/longbow/internal/store/internal/core/arrow_hnsw_insert.go:239.3,242.10 4 1
github.com/23skdu/longbow/internal/store/internal/core/arrow_hnsw_insert.go:242.10,244.39 2 1
github.com/23skdu/longbow/internal/store/internal/core/arrow_hnsw_insert.go:244.39,247.5 2 1
github.com/23skdu/longbow/internal/store/internal/core/arrow_hnsw_insert.go:248.9,250.4 1 1
github.com/23skdu/longbow/internal/store/internal/core/arrow_hnsw_insert.go:251.3,251.16 1 1
github.com/23skdu/longbow/internal/store/internal/core/arrow_hnsw_insert.go:251.16,252.12 1 1
github.com/23skdu/longbow/internal/store/internal/core/arrow_hnsw_insert.go:255.3,255.32 1 1
github.com/23skdu/longbow/internal/store/internal/core/arrow_hnsw_insert.go:255.32,258.11 3 1
github.com/23skdu/longbow/internal/store/internal/core/arrow_hnsw_insert.go:258.11,260.40 2 0
github.com/23skdu/longbow/internal/store/internal/core/arrow_hnsw_insert.go:260.40,263.6 2 0
github.com/23skdu/longbow/internal/store/internal/core/arrow_hnsw_insert.go:264.10,266.5 1 1
github.com/23skdu/longbow/internal/store/internal/core/arrow_hnsw_insert.go:267.4,267.17 1 1
github.com/23skdu/longbow/internal/store/internal/core/arrow_hnsw_insert.go:267.17,268.13 1 0
github.com/23skdu/longbow/internal/store/internal/core/arrow_hnsw_insert.go:271.4,274.27 3 1
github.com/23skdu/longbow/internal/store/internal/core/arrow_hnsw_insert.go:274.27,276.5 1 1
github.com/23skdu/longbow/internal/store/internal/core/arrow_hnsw_insert.go:279.4,279.44 1 1
github.com/23skdu/longbow/internal/store/internal/core/arrow_hnsw_insert.go:279.44,281.10 2 1
github.com/23skdu/longbow/internal/store/internal/core/arrow_hnsw_insert.go:285.3,285.16 1 1
github.com/23skdu/longbow/internal/store/internal/core/arrow_hnsw_insert.go:285.16,287.4 1 1
github.com/23skdu/longbow/internal/store/internal/core/arrow_hnsw_insert.go:290.2,290.47 1 1
github.com/23skdu/longbow/internal/store/internal/core/arrow_hnsw_insert.go:290.47,292.3 1 1
github.com/23skdu/longbow/internal/store/internal/core/arrow_hnsw_insert.go:294.2,294.16 1 1
github.com/23skdu/longbow/internal/store/internal/core/arrow_hnsw_insert.go:294.16,296.3 1 1
github.com/23skdu/longbow/internal/store/internal/core/arrow_hnsw_insert.go:297.2,297.17 1 1
github.com/23skdu/longbow/internal/store/internal/core/arrow_hnsw_persistence.go:12.53,14.16 2 0
github.com/23skdu/longbow/internal/store/internal/core/arrow_hnsw_persistence.go:14.16,16.3 1 0
github.com/23skdu/longbow/internal/store/internal/core/arrow_hnsw_persistence.go:19.2,19.63 1 0
github.com/23skdu/longbow/internal/store/internal/core/arrow_hnsw_persistence.go:19.63,22.3 2 0
github.com/23skdu/longbow/internal/store/internal/core/arrow_hnsw_persistence.go:25.2,29.28 3 0
github.com/23skdu/longbow/internal/store/internal/core/arrow_hnsw_persistence.go:29.28,32.3 2 0
github.com/23skdu/longbow/internal/store/internal/core/arrow_hnsw_persistence.go:32.8,36.3 2 0
github.com/23skdu/longbow/internal/store/internal/core/arrow_hnsw_persistence.go:39.2,46.17 4 0
github.com/23skdu/longbow/internal/store/internal/core/arrow_hnsw_persistence.go:46.17,48.3 1 0
github.com/23skdu/longbow/internal/store/internal/core/arrow_hnsw_persistence.go:51.2,51.51 1 0
github.com/23skdu/longbow/internal/store/internal/core/arrow_hnsw_persistence.go:51.51,56.3 2 0
github.com/23skdu/longbow/internal/store/internal/core/arrow_hnsw_persistence.go:61.2,61.12 1 0
github.com/23skdu/longbow/internal/store/internal/core/arrow_hnsw_persistence.go:68.82,70.30 1 1
github.com/23skdu/longbow/internal/store/internal/core/arrow_hnsw_persistence.go:70.30,73.3 1 0
github.com/23skdu/longbow/internal/store/internal/core/arrow_hnsw_persistence.go:75.2,79.15 4 1
github.com/23skdu/longbow/internal/store/internal/core/arrow_hnsw_persistence.go:79.15,81.3 1 1
github.com/23skdu/longbow/internal/store/internal/core/arrow_hnsw_persistence.go:84.2,85.29 2 0
github.com/23skdu/longbow/internal/store/internal/core/arrow_hnsw_persistence.go:85.29,87.3 1 0
github.com/23skdu/longbow/internal/store/internal/core/arrow_hnsw_persistence.go:90.2,90.44 1 0
github.com/23skdu/longbow/internal/store/internal/core/arrow_hnsw_persistence.go:90.44,93.30 2 0
github.com/23skdu/longbow/internal/store/internal/core/arrow_hnsw_persistence.go:93.30,94.12 1 0
github.com/23skdu/longbow/internal/store/internal/core/arrow_hnsw_persistence.go:98.3,100.17 3 0
github.com/23skdu/longbow/internal/store/internal/core/arrow_hnsw_persistence.go:100.17,106.4 1 0
github.com/23skdu/longbow/internal/store/internal/core/arrow_hnsw_persistence.go:108.3,115.24 5 0
github.com/23skdu/longbow/internal/store/internal/core/arrow_hnsw_persistence.go:115.24,118.38 2 0
github.com/23skdu/longbow/internal/store/internal/core/arrow_hnsw_persistence.go:118.38,119.32 1 0
github.com/23skdu/longbow/internal/store/internal/core/arrow_hnsw_persistence.go:119.32,120.11 1 0
github.com/23skdu/longbow/internal/store/internal/core/arrow_hnsw_persistence.go:122.5,122.56 1 0
github.com/23skdu/longbow/internal/store/internal/core/arrow_hnsw_persistence.go:124.4,128.34 3 0
github.com/23skdu/longbow/internal/store/internal/core/arrow_hnsw_persistence.go:132.2,132.13 1 0
github.com/23skdu/longbow/internal/store/internal/core/arrow_insert_pool.go:33.48,36.20 1 0
github.com/23skdu/longbow/internal/store/internal/core/arrow_insert_pool.go:36.20,42.5 1 0
github.com/23skdu/longbow/internal/store/internal/core/arrow_insert_pool.go:48.50,53.32 3 0
github.com/23skdu/longbow/internal/store/internal/core/arrow_insert_pool.go:53.32,55.3 1 0
github.com/23skdu/longbow/internal/store/internal/core/arrow_insert_pool.go:58.2,63.12 3 0
github.com/23skdu/longbow/internal/store/internal/core/arrow_insert_pool.go:67.53,68.16 1 0
github.com/23skdu/longbow/internal/store/internal/core/arrow_insert_pool.go:68.16,70.3 1 0
github.com/23skdu/longbow/internal/store/internal/core/arrow_insert_pool.go:71.2,72.17 2 0
github.com/23skdu/longbow/internal/store/internal/core/arrow_insert_pool.go:76.56,78.2 1 0
github.com/23skdu/longbow/internal/store/internal/core/arrow_quantization.go:10.26,12.3 1 1
github.com/23skdu/longbow/internal/store/internal/core/arrow_quantization.go:30.51,37.2 1 1
github.com/23skdu/longbow/internal/store/internal/core/arrow_quantization.go:40.85,47.2 1 1
github.com/23skdu/longbow/internal/store/internal/core/arrow_quantization.go:50.45,54.2 3 1
github.com/23skdu/longbow/internal/store/internal/core/arrow_quantization.go:59.55,62.15 3 1
github.com/23skdu/longbow/internal/store/internal/core/arrow_quantization.go:62.15,64.3 1 0
github.com/23skdu/longbow/internal/store/internal/core/arrow_quantization.go:68.2,72.30 4 1
github.com/23skdu/longbow/internal/store/internal/core/arrow_quantization.go:72.30,74.12 2 1
github.com/23skdu/longbow/internal/store/internal/core/arrow_quantization.go:74.12,77.4 2 1
github.com/23skdu/longbow/internal/store/internal/core/arrow_quantization.go:77.9,78.19 1 1
github.com/23skdu/longbow/internal/store/internal/core/arrow_quantization.go:78.19,80.5 1 1
github.com/23skdu/longbow/internal/store/internal/core/arrow_quantization.go:81.4,81.19 1 1
github.com/23skdu/longbow/internal/store/internal/core/arrow_quantization.go:81.19,83.5 1 1
github.com/23skdu/longbow/internal/store/internal/core/arrow_quantization.go:87.2,89.18 3 1
github.com/23skdu/longbow/internal/store/internal/core/arrow_quantization.go:93.69,98.25 4 1
github.com/23skdu/longbow/internal/store/internal/core/arrow_quantization.go:98.25,100.3 1 0
github.com/23skdu/longbow/internal/store/internal/core/arrow_quantization.go:101.2,103.12 3 1
github.com/23skdu/longbow/internal/store/internal/core/arrow_quantization.go:107.65,109.2 1 0
github.com/23skdu/longbow/internal/store/internal/core/arrow_quantization.go:112.57,119.26 5 1
github.com/23skdu/longbow/internal/store/internal/core/arrow_quantization.go:119.26,121.3 1 0
github.com/23skdu/longbow/internal/store/internal/core/arrow_quantization.go:124.2,125.30 2 1
github.com/23skdu/longbow/internal/store/internal/core/arrow_quantization.go:125.30,127.3 1 1
github.com/23skdu/longbow/internal/store/internal/core/arrow_quantization.go:127.8,129.3 1 0
github.com/23skdu/longbow/internal/store/internal/core/arrow_quantization.go:130.2,134.24 3 1
github.com/23skdu/longbow/internal/store/internal/core/arrow_quantization.go:134.24,136.3 1 1
github.com/23skdu/longbow/internal/store/internal/core/arrow_quantization.go:139.2,143.15 4 1
github.com/23skdu/longbow/internal/store/internal/core/arrow_quantization.go:147.46,154.2 5 0
github.com/23skdu/longbow/internal/store/internal/core/arrow_quantization.go:157.62,161.2 3 1
github.com/23skdu/longbow/internal/store/internal/core/arrow_search_context.go:17.44,17.61 1 1
github.com/23skdu/longbow/internal/store/internal/core/arrow_search_context.go:18.44,18.76 1 1
github.com/23skdu/longbow/internal/store/internal/core/arrow_search_context.go:19.44,19.71 1 1
github.com/23skdu/longbow/internal/store/internal/core/arrow_search_context.go:20.44,20.84 1 1
github.com/23skdu/longbow/internal/store/internal/core/arrow_search_context.go:21.35,27.2 5 1
github.com/23skdu/longbow/internal/store/internal/core/arrow_search_context.go:29.33,31.2 1 1
github.com/23skdu/longbow/internal/store/internal/core/arrow_search_context.go:34.64,35.18 1 1
github.com/23skdu/longbow/internal/store/internal/core/arrow_search_context.go:35.18,37.3 1 0
github.com/23skdu/longbow/internal/store/internal/core/arrow_search_context.go:38.2,38.44 1 1
github.com/23skdu/longbow/internal/store/internal/core/arrow_search_context.go:78.64,79.18 1 1
github.com/23skdu/longbow/internal/store/internal/core/arrow_search_context.go:79.18,81.3 1 1
github.com/23skdu/longbow/internal/store/internal/core/arrow_search_context.go:116.2,118.12 3 1
github.com/23skdu/longbow/internal/store/internal/core/arrow_search_context.go:118.12,120.3 1 0
github.com/23skdu/longbow/internal/store/internal/core/arrow_search_context.go:123.2,131.18 5 1
github.com/23skdu/longbow/internal/store/internal/core/arrow_search_context.go:134.41,136.6 2 1
github.com/23skdu/longbow/internal/store/internal/core/arrow_search_context.go:136.6,138.24 2 1
github.com/23skdu/longbow/internal/store/internal/core/arrow_search_context.go:138.24,139.9 1 1
github.com/23skdu/longbow/internal/store/internal/core/arrow_search_context.go:141.3,143.46 3 0
github.com/23skdu/longbow/internal/store/internal/core/arrow_search_context.go:143.46,145.4 1 0
github.com/23skdu/longbow/internal/store/internal/core/arrow_search_context.go:146.3,146.37 1 0
github.com/23skdu/longbow/internal/store/internal/core/arrow_search_context.go:146.37,147.9 1 0
github.com/23skdu/longbow/internal/store/internal/core/arrow_search_context.go:149.3,150.8 2 0
github.com/23skdu/longbow/internal/store/internal/core/arrow_search_context.go:225.50,244.2 1 1
github.com/23skdu/longbow/internal/store/internal/core/arrow_search_context.go:247.58,250.20 1 1
github.com/23skdu/longbow/internal/store/internal/core/arrow_search_context.go:250.20,252.5 1 1
github.com/23skdu/longbow/internal/store/internal/core/arrow_search_context.go:258.60,266.2 6 1
github.com/23skdu/longbow/internal/store/internal/core/arrow_search_context.go:269.63,270.16 1 1
github.com/23skdu/longbow/internal/store/internal/core/arrow_search_context.go:270.16,272.3 1 0
github.com/23skdu/longbow/internal/store/internal/core/arrow_search_context.go:274.2,278.17 4 1
github.com/23skdu/longbow/internal/store/internal/core/arrow_search_context.go:282.99,283.16 1 1
github.com/23skdu/longbow/internal/store/internal/core/arrow_search_context.go:283.16,285.3 1 0
github.com/23skdu/longbow/internal/store/internal/core/arrow_search_context.go:288.2,288.30 1 1
github.com/23skdu/longbow/internal/store/internal/core/arrow_search_context.go:288.30,290.3 1 1
github.com/23skdu/longbow/internal/store/internal/core/arrow_search_context.go:292.2,292.12 1 1
github.com/23skdu/longbow/internal/store/internal/core/arrow_search_context.go:296.40,323.31 25 1
github.com/23skdu/longbow/internal/store/internal/core/arrow_search_context.go:323.31,325.3 1 1
github.com/23skdu/longbow/internal/store/internal/core/arrow_search_context.go:329.61,333.2 3 1
github.com/23skdu/longbow/internal/store/internal/core/arrow_search_context.go:336.44,339.2 2 1
github.com/23skdu/longbow/internal/store/internal/core/arrow_search_context.go:342.47,344.2 1 1
github.com/23skdu/longbow/internal/store/internal/core/arrow_search_context.go:347.58,349.2 1 1
github.com/23skdu/longbow/internal/store/internal/core/arrow_search_context.go:352.63,354.2 1 1
github.com/23skdu/longbow/internal/store/internal/core/arrow_search_context.go:357.60,359.2 1 0
github.com/23skdu/longbow/internal/store/internal/core/arrow_utils.go:17.79,18.16 1 1
github.com/23skdu/longbow/internal/store/internal/core/arrow_utils.go:18.16,20.3 1 0
github.com/23skdu/longbow/internal/store/internal/core/arrow_utils.go:22.2,25.39 3 1
github.com/23skdu/longbow/internal/store/internal/core/arrow_utils.go:25.39,27.3 1 1
github.com/23skdu/longbow/internal/store/internal/core/arrow_utils.go:27.8,28.47 1 0
github.com/23skdu/longbow/internal/store/internal/core/arrow_utils.go:28.47,29.59 1 0
github.com/23skdu/longbow/internal/store/internal/core/arrow_utils.go:29.59,31.10 2 0
github.com/23skdu/longbow/internal/store/internal/core/arrow_utils.go:36.2,36.19 1 1
github.com/23skdu/longbow/internal/store/internal/core/arrow_utils.go:36.19,38.3 1 0
github.com/23skdu/longbow/internal/store/internal/core/arrow_utils.go:40.2,41.9 2 1
github.com/23skdu/longbow/internal/store/internal/core/arrow_utils.go:41.9,43.3 1 0
github.com/23skdu/longbow/internal/store/internal/core/arrow_utils.go:45.2,46.23 2 1
github.com/23skdu/longbow/internal/store/internal/core/arrow_utils.go:47.18,48.57 1 0
github.com/23skdu/longbow/internal/store/internal/core/arrow_utils.go:49.19,50.58 1 0
github.com/23skdu/longbow/internal/store/internal/core/arrow_utils.go:51.19,52.58 1 0
github.com/23skdu/longbow/internal/store/internal/core/arrow_utils.go:53.20,54.59 1 0
github.com/23skdu/longbow/internal/store/internal/core/arrow_utils.go:55.19,56.58 1 0
github.com/23skdu/longbow/internal/store/internal/core/arrow_utils.go:57.20,58.59 1 0
github.com/23skdu/longbow/internal/store/internal/core/arrow_utils.go:59.19,60.58 1 0
github.com/23skdu/longbow/internal/store/internal/core/arrow_utils.go:61.20,62.59 1 0
github.com/23skdu/longbow/internal/store/internal/core/arrow_utils.go:63.21,64.60 1 1
github.com/23skdu/longbow/internal/store/internal/core/arrow_utils.go:65.21,66.60 1 0
github.com/23skdu/longbow/internal/store/internal/core/arrow_utils.go:67.21,68.64 1 0
github.com/23skdu/longbow/internal/store/internal/core/arrow_utils.go:71.2,71.73 1 0
github.com/23skdu/longbow/internal/store/internal/core/arrow_utils.go:75.98,77.16 2 0
github.com/23skdu/longbow/internal/store/internal/core/arrow_utils.go:77.16,79.3 1 0
github.com/23skdu/longbow/internal/store/internal/core/arrow_utils.go:81.2,81.28 1 0
github.com/23skdu/longbow/internal/store/internal/core/arrow_utils.go:82.21,83.16 1 0
github.com/23skdu/longbow/internal/store/internal/core/arrow_utils.go:84.17,87.25 2 0
github.com/23skdu/longbow/internal/store/internal/core/arrow_utils.go:87.25,89.4 1 0
github.com/23skdu/longbow/internal/store/internal/core/arrow_utils.go:90.3,91.18 2 0
github.com/23skdu/longbow/internal/store/internal/core/arrow_utils.go:94.2,94.70 1 0
github.com/23skdu/longbow/internal/store/internal/core/arrow_utils.go:100.90,101.16 1 1
github.com/23skdu/longbow/internal/store/internal/core/arrow_utils.go:101.16,103.3 1 0
github.com/23skdu/longbow/internal/store/internal/core/arrow_utils.go:105.2,108.39 3 1
github.com/23skdu/longbow/internal/store/internal/core/arrow_utils.go:108.39,110.3 1 1
github.com/23skdu/longbow/internal/store/internal/core/arrow_utils.go:110.8,112.47 1 0
github.com/23skdu/longbow/internal/store/internal/core/arrow_utils.go:112.47,113.59 1 0
github.com/23skdu/longbow/internal/store/internal/core/arrow_utils.go:113.59,115.10 2 0
github.com/23skdu/longbow/internal/store/internal/core/arrow_utils.go:120.2,120.19 1 1
github.com/23skdu/longbow/internal/store/internal/core/arrow_utils.go:120.19,122.3 1 0
github.com/23skdu/longbow/internal/store/internal/core/arrow_utils.go:124.2,125.9 2 1
github.com/23skdu/longbow/internal/store/internal/core/arrow_utils.go:125.9,127.3 1 0
github.com/23skdu/longbow/internal/store/internal/core/arrow_utils.go:129.2,137.61 7 1
github.com/23skdu/longbow/internal/store/internal/core/arrow_utils.go:137.61,141.22 3 1
github.com/23skdu/longbow/internal/store/internal/core/arrow_utils.go:141.22,147.32 2 0
github.com/23skdu/longbow/internal/store/internal/core/arrow_utils.go:147.32,150.5 1 0
github.com/23skdu/longbow/internal/store/internal/core/arrow_utils.go:150.10,152.5 1 0
github.com/23skdu/longbow/internal/store/internal/core/arrow_utils.go:157.2,157.63 1 1
github.com/23skdu/longbow/internal/store/internal/core/arrow_utils.go:161.84,162.36 1 1
github.com/23skdu/longbow/internal/store/internal/core/arrow_utils.go:162.36,164.3 1 0
github.com/23skdu/longbow/internal/store/internal/core/arrow_utils.go:166.2,167.16 2 1
github.com/23skdu/longbow/internal/store/internal/core/arrow_utils.go:167.16,169.3 1 0
github.com/23skdu/longbow/internal/store/internal/core/arrow_utils.go:171.2,174.38 4 1
github.com/23skdu/longbow/internal/store/internal/core/arrow_utils.go:174.38,175.18 1 0
github.com/23skdu/longbow/internal/store/internal/core/arrow_utils.go:175.18,177.4 1 0
github.com/23skdu/longbow/internal/store/internal/core/arrow_utils.go:179.3,179.13 1 0
github.com/23skdu/longbow/internal/store/internal/core/arrow_utils.go:181.2,182.40 2 1
github.com/23skdu/longbow/internal/store/internal/core/arrow_utils.go:188.79,190.16 2 1
github.com/23skdu/longbow/internal/store/internal/core/arrow_utils.go:190.16,192.3 1 0
github.com/23skdu/longbow/internal/store/internal/core/arrow_utils.go:193.2,193.28 1 1
github.com/23skdu/longbow/internal/store/internal/core/arrow_utils.go:194.17,195.16 1 1
github.com/23skdu/longbow/internal/store/internal/core/arrow_utils.go:196.17,197.16 1 0
github.com/23skdu/longbow/internal/store/internal/core/arrow_utils.go:198.21,199.16 1 0
github.com/23skdu/longbow/internal/store/internal/core/arrow_utils.go:200.14,201.16 1 0
github.com/23skdu/longbow/internal/store/internal/core/arrow_utils.go:202.15,203.16 1 0
github.com/23skdu/longbow/internal/store/internal/core/arrow_utils.go:204.15,205.16 1 0
github.com/23skdu/longbow/internal/store/internal/core/arrow_utils.go:206.16,207.16 1 0
github.com/23skdu/longbow/internal/store/internal/core/arrow_utils.go:208.15,209.16 1 0
github.com/23skdu/longbow/internal/store/internal/core/arrow_utils.go:210.16,211.16 1 0
github.com/23skdu/longbow/internal/store/internal/core/arrow_utils.go:212.15,213.16 1 0
github.com/23skdu/longbow/internal/store/internal/core/arrow_utils.go:214.16,215.16 1 0
github.com/23skdu/longbow/internal/store/internal/core/arrow_utils.go:216.19,217.16 1 0
github.com/23skdu/longbow/internal/store/internal/core/arrow_utils.go:218.20,219.16 1 0
github.com/23skdu/longbow/internal/store/internal/core/arrow_utils.go:220.10,221.74 1 0
github.com/23skdu/longbow/internal/store/internal/core/arrow_utils.go:227.91,229.16 2 0
github.com/23skdu/longbow/internal/store/internal/core/arrow_utils.go:229.16,231.3 1 0
github.com/23skdu/longbow/internal/store/internal/core/arrow_utils.go:232.2,232.25 1 0
github.com/23skdu/longbow/internal/store/internal/core/arrow_utils.go:233.17,236.18 3 0
github.com/23skdu/longbow/internal/store/internal/core/arrow_utils.go:237.21,239.25 2 0
github.com/23skdu/longbow/internal/store/internal/core/arrow_utils.go:239.25,241.4 1 0
github.com/23skdu/longbow/internal/store/internal/core/arrow_utils.go:242.3,242.18 1 0
github.com/23skdu/longbow/internal/store/internal/core/arrow_utils.go:243.17,245.25 2 0
github.com/23skdu/longbow/internal/store/internal/core/arrow_utils.go:245.25,247.4 1 0
github.com/23skdu/longbow/internal/store/internal/core/arrow_utils.go:248.3,248.18 1 0
github.com/23skdu/longbow/internal/store/internal/core/arrow_utils.go:249.14,251.25 2 0
github.com/23skdu/longbow/internal/store/internal/core/arrow_utils.go:251.25,253.4 1 0
github.com/23skdu/longbow/internal/store/internal/core/arrow_utils.go:254.3,254.18 1 0
github.com/23skdu/longbow/internal/store/internal/core/arrow_utils.go:255.15,257.25 2 0
github.com/23skdu/longbow/internal/store/internal/core/arrow_utils.go:257.25,259.4 1 0
github.com/23skdu/longbow/internal/store/internal/core/arrow_utils.go:260.3,260.18 1 0
github.com/23skdu/longbow/internal/store/internal/core/arrow_utils.go:261.15,263.25 2 0
github.com/23skdu/longbow/internal/store/internal/core/arrow_utils.go:263.25,265.4 1 0
github.com/23skdu/longbow/internal/store/internal/core/arrow_utils.go:266.3,266.18 1 0
github.com/23skdu/longbow/internal/store/internal/core/arrow_utils.go:267.16,269.25 2 0
github.com/23skdu/longbow/internal/store/internal/core/arrow_utils.go:269.25,271.4 1 0
github.com/23skdu/longbow/internal/store/internal/core/arrow_utils.go:272.3,272.18 1 0
github.com/23skdu/longbow/internal/store/internal/core/arrow_utils.go:273.15,275.25 2 0
github.com/23skdu/longbow/internal/store/internal/core/arrow_utils.go:275.25,277.4 1 0
github.com/23skdu/longbow/internal/store/internal/core/arrow_utils.go:278.3,278.18 1 0
github.com/23skdu/longbow/internal/store/internal/core/arrow_utils.go:279.16,281.25 2 0
github.com/23skdu/longbow/internal/store/internal/core/arrow_utils.go:281.25,283.4 1 0
github.com/23skdu/longbow/internal/store/internal/core/arrow_utils.go:284.3,284.18 1 0
github.com/23skdu/longbow/internal/store/internal/core/arrow_utils.go:285.15,287.25 2 0
github.com/23skdu/longbow/internal/store/internal/core/arrow_utils.go:287.25,289.4 1 0
github.com/23skdu/longbow/internal/store/internal/core/arrow_utils.go:290.3,290.18 1 0
github.com/23skdu/longbow/internal/store/internal/core/arrow_utils.go:291.16,293.25 2 0
github.com/23skdu/longbow/internal/store/internal/core/arrow_utils.go:293.25,295.4 1 0
github.com/23skdu/longbow/internal/store/internal/core/arrow_utils.go:296.3,296.18 1 0
github.com/23skdu/longbow/internal/store/internal/core/arrow_utils.go:297.19,301.25 2 0
github.com/23skdu/longbow/internal/store/internal/core/arrow_utils.go:301.25,304.4 2 0
github.com/23skdu/longbow/internal/store/internal/core/arrow_utils.go:305.3,305.18 1 0
github.com/23skdu/longbow/internal/store/internal/core/arrow_utils.go:306.20,310.25 2 0
github.com/23skdu/longbow/internal/store/internal/core/arrow_utils.go:310.25,313.4 2 0
github.com/23skdu/longbow/internal/store/internal/core/arrow_utils.go:314.3,314.18 1 0
github.com/23skdu/longbow/internal/store/internal/core/arrow_utils.go:315.10,316.77 1 0
github.com/23skdu/longbow/internal/store/internal/core/arrow_utils.go:320.87,321.19 1 0
github.com/23skdu/longbow/internal/store/internal/core/arrow_utils.go:321.19,323.3 1 0
github.com/23skdu/longbow/internal/store/internal/core/arrow_utils.go:325.2,326.19 2 0
github.com/23skdu/longbow/internal/store/internal/core/arrow_utils.go:326.19,329.56 2 0
github.com/23skdu/longbow/internal/store/internal/core/arrow_utils.go:329.56,331.4 1 0
github.com/23skdu/longbow/internal/store/internal/core/arrow_utils.go:332.3,332.33 1 0
github.com/23skdu/longbow/internal/store/internal/core/arrow_utils.go:335.2,339.56 3 0
github.com/23skdu/longbow/internal/store/internal/core/arrow_utils.go:339.56,341.3 1 0
github.com/23skdu/longbow/internal/store/internal/core/arrow_utils.go:344.2,345.56 2 0
github.com/23skdu/longbow/internal/store/internal/core/arrow_utils.go:345.56,347.3 1 0
github.com/23skdu/longbow/internal/store/internal/core/arrow_utils.go:350.2,351.9 2 0
github.com/23skdu/longbow/internal/store/internal/core/arrow_utils.go:351.9,353.3 1 0
github.com/23skdu/longbow/internal/store/internal/core/arrow_utils.go:355.2,357.23 3 0
github.com/23skdu/longbow/internal/store/internal/core/arrow_utils.go:358.21,360.63 2 0
github.com/23skdu/longbow/internal/store/internal/core/arrow_utils.go:360.63,362.4 1 0
github.com/23skdu/longbow/internal/store/internal/core/arrow_utils.go:362.9,362.70 1 0
github.com/23skdu/longbow/internal/store/internal/core/arrow_utils.go:362.70,364.4 1 0
github.com/23skdu/longbow/internal/store/internal/core/arrow_utils.go:364.9,364.95 1 0
github.com/23skdu/longbow/internal/store/internal/core/arrow_utils.go:364.95,366.4 1 0
github.com/23skdu/longbow/internal/store/internal/core/arrow_utils.go:366.9,366.95 1 0
github.com/23skdu/longbow/internal/store/internal/core/arrow_utils.go:366.95,368.4 1 0
github.com/23skdu/longbow/internal/store/internal/core/arrow_utils.go:369.21,371.63 2 0
github.com/23skdu/longbow/internal/store/internal/core/arrow_utils.go:371.63,373.4 1 0
github.com/23skdu/longbow/internal/store/internal/core/arrow_utils.go:373.9,373.70 1 0
github.com/23skdu/longbow/internal/store/internal/core/arrow_utils.go:373.70,375.4 1 0
github.com/23skdu/longbow/internal/store/internal/core/arrow_utils.go:376.21,377.38 1 0
github.com/23skdu/longbow/internal/store/internal/core/arrow_utils.go:378.18,379.35 1 0
github.com/23skdu/longbow/internal/store/internal/core/arrow_utils.go:380.19,381.36 1 0
github.com/23skdu/longbow/internal/store/internal/core/arrow_utils.go:382.19,383.36 1 0
github.com/23skdu/longbow/internal/store/internal/core/arrow_utils.go:384.20,385.37 1 0
github.com/23skdu/longbow/internal/store/internal/core/arrow_utils.go:386.19,387.36 1 0
github.com/23skdu/longbow/internal/store/internal/core/arrow_utils.go:388.20,389.37 1 0
github.com/23skdu/longbow/internal/store/internal/core/arrow_utils.go:390.19,391.36 1 0
github.com/23skdu/longbow/internal/store/internal/core/arrow_utils.go:392.20,393.37 1 0
github.com/23skdu/longbow/internal/store/internal/core/arrow_utils.go:394.10,395.38 1 0
github.com/23skdu/longbow/internal/store/internal/core/arrow_utils.go:398.2,398.18 1 0
github.com/23skdu/longbow/internal/store/internal/core/arrow_utils.go:401.55,402.13 1 0
github.com/23skdu/longbow/internal/store/internal/core/arrow_utils.go:403.19,404.35 1 0
github.com/23skdu/longbow/internal/store/internal/core/arrow_utils.go:405.20,406.36 1 0
github.com/23skdu/longbow/internal/store/internal/core/arrow_utils.go:407.17,408.33 1 0
github.com/23skdu/longbow/internal/store/internal/core/arrow_utils.go:409.17,410.33 1 0
github.com/23skdu/longbow/internal/store/internal/core/arrow_utils.go:411.17,412.33 1 0
github.com/23skdu/longbow/internal/store/internal/core/arrow_utils.go:413.14,414.30 1 0
github.com/23skdu/longbow/internal/store/internal/core/arrow_utils.go:415.15,416.31 1 0
github.com/23skdu/longbow/internal/store/internal/core/arrow_utils.go:417.15,418.31 1 0
github.com/23skdu/longbow/internal/store/internal/core/arrow_utils.go:419.16,420.32 1 0
github.com/23skdu/longbow/internal/store/internal/core/arrow_utils.go:421.15,422.31 1 0
github.com/23skdu/longbow/internal/store/internal/core/arrow_utils.go:423.16,424.32 1 0
github.com/23skdu/longbow/internal/store/internal/core/arrow_utils.go:425.15,426.31 1 0
github.com/23skdu/longbow/internal/store/internal/core/arrow_utils.go:427.16,428.32 1 0
github.com/23skdu/longbow/internal/store/internal/core/arrow_utils.go:429.26,430.28 1 0
github.com/23skdu/longbow/internal/store/internal/core/arrow_utils.go:431.10,432.33 1 0
github.com/23skdu/longbow/internal/store/internal/core/disk_graph.go:69.52,72.16 3 0
github.com/23skdu/longbow/internal/store/internal/core/disk_graph.go:72.16,74.3 1 0
github.com/23skdu/longbow/internal/store/internal/core/disk_graph.go:76.2,77.16 2 0
github.com/23skdu/longbow/internal/store/internal/core/disk_graph.go:77.16,80.3 2 0
github.com/23skdu/longbow/internal/store/internal/core/disk_graph.go:81.2,83.15 2 0
github.com/23skdu/longbow/internal/store/internal/core/disk_graph.go:83.15,86.3 2 0
github.com/23skdu/longbow/internal/store/internal/core/disk_graph.go:88.2,89.16 2 0
github.com/23skdu/longbow/internal/store/internal/core/disk_graph.go:89.16,92.3 2 0
github.com/23skdu/longbow/internal/store/internal/core/disk_graph.go:94.2,99.35 2 0
github.com/23skdu/longbow/internal/store/internal/core/disk_graph.go:99.35,102.3 2 0
github.com/23skdu/longbow/internal/store/internal/core/disk_graph.go:104.2,104.16 1 0
github.com/23skdu/longbow/internal/store/internal/core/disk_graph.go:107.36,110.30 2 0
github.com/23skdu/longbow/internal/store/internal/core/disk_graph.go:110.30,112.3 1 0
github.com/23skdu/longbow/internal/store/internal/core/disk_graph.go:114.2,115.29 2 0
github.com/23skdu/longbow/internal/store/internal/core/disk_graph.go:115.29,117.3 1 0
github.com/23skdu/longbow/internal/store/internal/core/disk_graph.go:118.2,119.47 2 0
github.com/23skdu/longbow/internal/store/internal/core/disk_graph.go:119.47,121.3 1 0
github.com/23skdu/longbow/internal/store/internal/core/disk_graph.go:123.2,133.24 2 0
github.com/23skdu/longbow/internal/store/internal/core/disk_graph.go:133.24,135.3 1 0
github.com/23skdu/longbow/internal/store/internal/core/disk_graph.go:137.2,138.18 2 0
github.com/23skdu/longbow/internal/store/internal/core/disk_graph.go:138.18,144.3 5 0
github.com/23skdu/longbow/internal/store/internal/core/disk_graph.go:146.2,146.18 1 0
github.com/23skdu/longbow/internal/store/internal/core/disk_graph.go:146.18,147.24 1 0
github.com/23skdu/longbow/internal/store/internal/core/disk_graph.go:147.24,149.4 1 0
github.com/23skdu/longbow/internal/store/internal/core/disk_graph.go:150.3,153.17 4 0
github.com/23skdu/longbow/internal/store/internal/core/disk_graph.go:158.2,159.28 2 0
github.com/23skdu/longbow/internal/store/internal/core/disk_graph.go:159.28,161.3 1 0
github.com/23skdu/longbow/internal/store/internal/core/disk_graph.go:163.2,164.48 2 0
github.com/23skdu/longbow/internal/store/internal/core/disk_graph.go:164.48,167.3 2 0
github.com/23skdu/longbow/internal/store/internal/core/disk_graph.go:170.2,171.15 2 0
github.com/23skdu/longbow/internal/store/internal/core/disk_graph.go:171.15,175.40 2 0
github.com/23skdu/longbow/internal/store/internal/core/disk_graph.go:175.40,177.4 1 0
github.com/23skdu/longbow/internal/store/internal/core/disk_graph.go:181.3,187.71 2 0
github.com/23skdu/longbow/internal/store/internal/core/disk_graph.go:191.2,192.48 2 0
github.com/23skdu/longbow/internal/store/internal/core/disk_graph.go:192.48,194.15 2 0
github.com/23skdu/longbow/internal/store/internal/core/disk_graph.go:194.15,195.12 1 0
github.com/23skdu/longbow/internal/store/internal/core/disk_graph.go:201.3,201.32 1 0
github.com/23skdu/longbow/internal/store/internal/core/disk_graph.go:201.32,203.4 1 0
github.com/23skdu/longbow/internal/store/internal/core/disk_graph.go:204.3,211.32 6 0
github.com/23skdu/longbow/internal/store/internal/core/disk_graph.go:211.32,213.4 1 0
github.com/23skdu/longbow/internal/store/internal/core/disk_graph.go:215.3,221.4 3 0
github.com/23skdu/longbow/internal/store/internal/core/disk_graph.go:224.2,224.12 1 0
github.com/23skdu/longbow/internal/store/internal/core/disk_graph.go:228.84,229.39 1 0
github.com/23skdu/longbow/internal/store/internal/core/disk_graph.go:229.39,231.3 1 0
github.com/23skdu/longbow/internal/store/internal/core/disk_graph.go:232.2,235.16 2 0
github.com/23skdu/longbow/internal/store/internal/core/disk_graph.go:235.16,236.39 1 0
github.com/23skdu/longbow/internal/store/internal/core/disk_graph.go:236.39,238.4 1 0
github.com/23skdu/longbow/internal/store/internal/core/disk_graph.go:239.3,239.36 1 0
github.com/23skdu/longbow/internal/store/internal/core/disk_graph.go:240.8,249.40 3 0
github.com/23skdu/longbow/internal/store/internal/core/disk_graph.go:249.40,251.4 1 0
github.com/23skdu/longbow/internal/store/internal/core/disk_graph.go:252.3,252.40 1 0
github.com/23skdu/longbow/internal/store/internal/core/disk_graph.go:252.40,254.4 1 0
github.com/23skdu/longbow/internal/store/internal/core/disk_graph.go:254.9,256.4 1 0
github.com/23skdu/longbow/internal/store/internal/core/disk_graph.go:259.2,259.21 1 0
github.com/23skdu/longbow/internal/store/internal/core/disk_graph.go:259.21,262.3 1 0
github.com/23skdu/longbow/internal/store/internal/core/disk_graph.go:265.2,265.38 1 0
github.com/23skdu/longbow/internal/store/internal/core/disk_graph.go:265.38,267.3 1 0
github.com/23skdu/longbow/internal/store/internal/core/disk_graph.go:269.2,272.28 3 0
github.com/23skdu/longbow/internal/store/internal/core/disk_graph.go:272.28,281.13 3 0
github.com/23skdu/longbow/internal/store/internal/core/disk_graph.go:281.13,283.4 1 0
github.com/23skdu/longbow/internal/store/internal/core/disk_graph.go:284.3,289.29 4 0
github.com/23skdu/longbow/internal/store/internal/core/disk_graph.go:289.29,291.4 1 0
github.com/23skdu/longbow/internal/store/internal/core/disk_graph.go:291.9,293.4 1 0
github.com/23skdu/longbow/internal/store/internal/core/disk_graph.go:295.3,297.35 3 0
github.com/23skdu/longbow/internal/store/internal/core/disk_graph.go:297.35,298.30 1 0
github.com/23skdu/longbow/internal/store/internal/core/disk_graph.go:298.30,300.5 1 0
github.com/23skdu/longbow/internal/store/internal/core/disk_graph.go:301.4,302.14 2 0
github.com/23skdu/longbow/internal/store/internal/core/disk_graph.go:302.14,304.5 1 0
github.com/23skdu/longbow/internal/store/internal/core/disk_graph.go:305.4,308.15 4 0
github.com/23skdu/longbow/internal/store/internal/core/disk_graph.go:310.3,310.13 1 0
github.com/23skdu/longbow/internal/store/internal/core/disk_graph.go:312.8,314.39 1 0
github.com/23skdu/longbow/internal/store/internal/core/disk_graph.go:314.39,316.4 1 0
github.com/23skdu/longbow/internal/store/internal/core/disk_graph.go:317.3,321.25 4 0
github.com/23skdu/longbow/internal/store/internal/core/disk_graph.go:321.25,323.4 1 0
github.com/23skdu/longbow/internal/store/internal/core/disk_graph.go:326.3,327.29 2 0
github.com/23skdu/longbow/internal/store/internal/core/disk_graph.go:327.29,329.4 1 0
github.com/23skdu/longbow/internal/store/internal/core/disk_graph.go:329.9,331.4 1 0
github.com/23skdu/longbow/internal/store/internal/core/disk_graph.go:333.3,335.13 3 0
github.com/23skdu/longbow/internal/store/internal/core/disk_graph.go:339.57,340.53 1 0
github.com/23skdu/longbow/internal/store/internal/core/disk_graph.go:340.53,342.3 1 0
github.com/23skdu/longbow/internal/store/internal/core/disk_graph.go:345.2,345.42 1 0
github.com/23skdu/longbow/internal/store/internal/core/disk_graph.go:345.42,347.3 1 0
github.com/23skdu/longbow/internal/store/internal/core/disk_graph.go:349.2,352.32 3 0
github.com/23skdu/longbow/internal/store/internal/core/disk_graph.go:352.32,354.3 1 0
github.com/23skdu/longbow/internal/store/internal/core/disk_graph.go:358.2,358.27 1 0
github.com/23skdu/longbow/internal/store/internal/core/disk_graph.go:361.56,362.54 1 0
github.com/23skdu/longbow/internal/store/internal/core/disk_graph.go:362.54,364.3 1 0
github.com/23skdu/longbow/internal/store/internal/core/disk_graph.go:366.2,366.42 1 0
github.com/23skdu/longbow/internal/store/internal/core/disk_graph.go:366.42,368.3 1 0
github.com/23skdu/longbow/internal/store/internal/core/disk_graph.go:370.2,373.32 3 0
github.com/23skdu/longbow/internal/store/internal/core/disk_graph.go:373.32,375.3 1 0
github.com/23skdu/longbow/internal/store/internal/core/disk_graph.go:377.2,377.27 1 0
github.com/23skdu/longbow/internal/store/internal/core/disk_graph.go:380.56,381.29 1 0
github.com/23skdu/longbow/internal/store/internal/core/disk_graph.go:381.29,383.3 1 0
github.com/23skdu/longbow/internal/store/internal/core/disk_graph.go:384.2,384.28 1 0
github.com/23skdu/longbow/internal/store/internal/core/disk_graph.go:384.28,386.3 1 0
github.com/23skdu/longbow/internal/store/internal/core/disk_graph.go:387.2,387.28 1 0
github.com/23skdu/longbow/internal/store/internal/core/disk_graph.go:387.28,389.3 1 0
github.com/23skdu/longbow/internal/store/internal/core/disk_graph.go:390.2,390.17 1 0
github.com/23skdu/longbow/internal/store/internal/core/disk_graph.go:393.56,394.77 1 0
github.com/23skdu/longbow/internal/store/internal/core/disk_graph.go:394.77,396.3 1 0
github.com/23skdu/longbow/internal/store/internal/core/disk_graph.go:397.2,397.34 1 0
github.com/23skdu/longbow/internal/store/internal/core/disk_graph.go:397.34,399.3 1 0
github.com/23skdu/longbow/internal/store/internal/core/disk_graph.go:401.2,409.32 8 0
github.com/23skdu/longbow/internal/store/internal/core/disk_graph.go:409.32,411.3 1 0
github.com/23skdu/longbow/internal/store/internal/core/disk_graph.go:412.2,412.27 1 0
github.com/23skdu/longbow/internal/store/internal/core/disk_graph.go:415.58,416.52 1 0
github.com/23skdu/longbow/internal/store/internal/core/disk_graph.go:416.52,418.3 1 0
github.com/23skdu/longbow/internal/store/internal/core/disk_graph.go:419.2,419.34 1 0
github.com/23skdu/longbow/internal/store/internal/core/disk_graph.go:419.34,421.3 1 0
github.com/23skdu/longbow/internal/store/internal/core/disk_graph.go:423.2,428.49 5 0
github.com/23skdu/longbow/internal/store/internal/core/disk_graph.go:428.49,430.3 1 0
github.com/23skdu/longbow/internal/store/internal/core/disk_graph.go:432.2,433.47 2 0
github.com/23skdu/longbow/internal/store/internal/core/disk_graph.go:436.37,438.2 1 0
github.com/23skdu/longbow/internal/store/internal/core/disk_graph.go:440.50,446.52 1 0
github.com/23skdu/longbow/internal/store/internal/core/disk_graph.go:446.52,449.40 3 0
github.com/23skdu/longbow/internal/store/internal/core/disk_graph.go:449.40,451.4 1 0
github.com/23skdu/longbow/internal/store/internal/core/disk_graph.go:452.3,452.40 1 0
github.com/23skdu/longbow/internal/store/internal/core/disk_graph.go:452.40,454.4 1 0
github.com/23skdu/longbow/internal/store/internal/core/disk_graph.go:456.2,456.10 1 0
github.com/23skdu/longbow/internal/store/internal/core/disk_graph.go:459.33,461.2 1 0
github.com/23skdu/longbow/internal/store/internal/core/disk_graph.go:463.36,464.20 1 0
github.com/23skdu/longbow/internal/store/internal/core/disk_graph.go:464.20,467.3 2 0
github.com/23skdu/longbow/internal/store/internal/core/disk_graph.go:468.2,468.17 1 0
github.com/23skdu/longbow/internal/store/internal/core/disk_graph.go:468.17,470.3 1 0
github.com/23skdu/longbow/internal/store/internal/core/disk_graph.go:471.2,471.12 1 0
github.com/23skdu/longbow/internal/store/internal/core/disk_graph.go:476.48,477.20 1 0
github.com/23skdu/longbow/internal/store/internal/core/disk_graph.go:477.20,479.3 1 0
github.com/23skdu/longbow/internal/store/internal/core/disk_graph.go:480.2,480.38 1 0
github.com/23skdu/longbow/internal/store/internal/core/disk_graph.go:484.37,486.2 1 0
github.com/23skdu/longbow/internal/store/internal/core/disk_writer.go:17.131,20.16 3 0
github.com/23skdu/longbow/internal/store/internal/core/disk_writer.go:20.16,22.3 1 0
github.com/23skdu/longbow/internal/store/internal/core/disk_writer.go:23.2,23.15 1 0
github.com/23skdu/longbow/internal/store/internal/core/disk_writer.go:23.15,23.32 1 0
github.com/23skdu/longbow/internal/store/internal/core/disk_writer.go:25.2,30.49 3 0
github.com/23skdu/longbow/internal/store/internal/core/disk_writer.go:30.49,33.28 2 0
github.com/23skdu/longbow/internal/store/internal/core/disk_writer.go:33.28,36.52 1 0
github.com/23skdu/longbow/internal/store/internal/core/disk_writer.go:36.52,37.36 1 0
github.com/23skdu/longbow/internal/store/internal/core/disk_writer.go:37.36,39.11 2 0
github.com/23skdu/longbow/internal/store/internal/core/disk_writer.go:43.3,43.14 1 0
github.com/23skdu/longbow/internal/store/internal/core/disk_writer.go:43.14,45.9 2 0
github.com/23skdu/longbow/internal/store/internal/core/disk_writer.go:48.2,49.24 2 0
github.com/23skdu/longbow/internal/store/internal/core/disk_writer.go:49.24,51.3 1 0
github.com/23skdu/longbow/internal/store/internal/core/disk_writer.go:54.2,65.48 7 0
github.com/23skdu/longbow/internal/store/internal/core/disk_writer.go:65.48,67.3 1 0
github.com/23skdu/longbow/internal/store/internal/core/disk_writer.go:69.2,80.42 5 0
github.com/23skdu/longbow/internal/store/internal/core/disk_writer.go:80.42,84.44 3 0
github.com/23skdu/longbow/internal/store/internal/core/disk_writer.go:84.44,87.24 2 0
github.com/23skdu/longbow/internal/store/internal/core/disk_writer.go:87.24,88.13 1 0
github.com/23skdu/longbow/internal/store/internal/core/disk_writer.go:92.4,92.14 1 0
github.com/23skdu/longbow/internal/store/internal/core/disk_writer.go:92.14,94.5 1 0
github.com/23skdu/longbow/internal/store/internal/core/disk_writer.go:94.10,97.5 2 0
github.com/23skdu/longbow/internal/store/internal/core/disk_writer.go:107.4,107.46 1 0
github.com/23skdu/longbow/internal/store/internal/core/disk_writer.go:107.46,107.84 1 0
github.com/23skdu/longbow/internal/store/internal/core/disk_writer.go:110.4,114.56 4 0
github.com/23skdu/longbow/internal/store/internal/core/disk_writer.go:114.56,116.5 1 0
github.com/23skdu/longbow/internal/store/internal/core/disk_writer.go:117.4,121.37 3 0
github.com/23skdu/longbow/internal/store/internal/core/disk_writer.go:121.37,124.57 3 0
github.com/23skdu/longbow/internal/store/internal/core/disk_writer.go:124.57,126.6 1 0
github.com/23skdu/longbow/internal/store/internal/core/disk_writer.go:127.5,128.18 2 0
github.com/23skdu/longbow/internal/store/internal/core/disk_writer.go:132.3,132.12 1 0
github.com/23skdu/longbow/internal/store/internal/core/disk_writer.go:132.12,137.4 1 0
github.com/23skdu/longbow/internal/store/internal/core/disk_writer.go:141.2,146.37 4 0
github.com/23skdu/longbow/internal/store/internal/core/disk_writer.go:146.37,148.3 1 0
github.com/23skdu/longbow/internal/store/internal/core/disk_writer.go:149.2,149.42 1 0
github.com/23skdu/longbow/internal/store/internal/core/disk_writer.go:149.42,151.3 1 0
github.com/23skdu/longbow/internal/store/internal/core/disk_writer.go:152.2,155.42 2 0
github.com/23skdu/longbow/internal/store/internal/core/disk_writer.go:155.42,157.28 2 0
github.com/23skdu/longbow/internal/store/internal/core/disk_writer.go:157.28,159.12 2 0
github.com/23skdu/longbow/internal/store/internal/core/disk_writer.go:161.3,167.46 4 0
github.com/23skdu/longbow/internal/store/internal/core/disk_writer.go:167.46,169.4 1 0
github.com/23skdu/longbow/internal/store/internal/core/disk_writer.go:170.3,174.34 3 0
github.com/23skdu/longbow/internal/store/internal/core/disk_writer.go:174.34,176.4 1 0
github.com/23skdu/longbow/internal/store/internal/core/disk_writer.go:177.3,177.44 1 0
github.com/23skdu/longbow/internal/store/internal/core/disk_writer.go:177.44,179.4 1 0
github.com/23skdu/longbow/internal/store/internal/core/disk_writer.go:180.3,184.35 3 0
github.com/23skdu/longbow/internal/store/internal/core/disk_writer.go:184.35,186.4 1 0
github.com/23skdu/longbow/internal/store/internal/core/disk_writer.go:187.3,187.45 1 0
github.com/23skdu/longbow/internal/store/internal/core/disk_writer.go:187.45,189.4 1 0
github.com/23skdu/longbow/internal/store/internal/core/disk_writer.go:190.3,190.39 1 0
github.com/23skdu/longbow/internal/store/internal/core/disk_writer.go:194.2,195.17 2 0
github.com/23skdu/longbow/internal/store/internal/core/disk_writer.go:195.17,200.44 4 0
github.com/23skdu/longbow/internal/store/internal/core/disk_writer.go:200.44,206.18 2 0
github.com/23skdu/longbow/internal/store/internal/core/disk_writer.go:206.18,207.45 1 0
github.com/23skdu/longbow/internal/store/internal/core/disk_writer.go:207.45,209.6 1 0
github.com/23skdu/longbow/internal/store/internal/core/disk_writer.go:210.10,211.25 1 0
github.com/23skdu/longbow/internal/store/internal/core/disk_writer.go:211.25,213.6 1 0
github.com/23skdu/longbow/internal/store/internal/core/disk_writer.go:214.5,214.43 1 0
github.com/23skdu/longbow/internal/store/internal/core/disk_writer.go:214.43,216.6 1 0
github.com/23skdu/longbow/internal/store/internal/core/disk_writer.go:218.4,218.32 1 0
github.com/23skdu/longbow/internal/store/internal/core/disk_writer.go:223.2,224.16 2 0
github.com/23skdu/longbow/internal/store/internal/core/disk_writer.go:224.16,229.44 3 0
github.com/23skdu/longbow/internal/store/internal/core/disk_writer.go:229.44,232.18 2 0
github.com/23skdu/longbow/internal/store/internal/core/disk_writer.go:232.18,233.45 1 0
github.com/23skdu/longbow/internal/store/internal/core/disk_writer.go:233.45,235.6 1 0
github.com/23skdu/longbow/internal/store/internal/core/disk_writer.go:236.10,237.27 1 0
github.com/23skdu/longbow/internal/store/internal/core/disk_writer.go:237.27,239.6 1 0
github.com/23skdu/longbow/internal/store/internal/core/disk_writer.go:240.5,240.43 1 0
github.com/23skdu/longbow/internal/store/internal/core/disk_writer.go:240.43,242.6 1 0
github.com/23skdu/longbow/internal/store/internal/core/disk_writer.go:244.4,244.34 1 0
github.com/23skdu/longbow/internal/store/internal/core/disk_writer.go:249.2,250.26 2 0
github.com/23skdu/longbow/internal/store/internal/core/disk_writer.go:250.26,252.17 2 0
github.com/23skdu/longbow/internal/store/internal/core/disk_writer.go:252.17,255.45 3 0
github.com/23skdu/longbow/internal/store/internal/core/disk_writer.go:255.45,257.19 2 0
github.com/23skdu/longbow/internal/store/internal/core/disk_writer.go:257.19,259.32 2 0
github.com/23skdu/longbow/internal/store/internal/core/disk_writer.go:259.32,260.63 1 0
github.com/23skdu/longbow/internal/store/internal/core/disk_writer.go:260.63,262.8 1 0
github.com/23skdu/longbow/internal/store/internal/core/disk_writer.go:263.12,264.47 1 0
github.com/23skdu/longbow/internal/store/internal/core/disk_writer.go:264.47,266.8 1 0
github.com/23skdu/longbow/internal/store/internal/core/disk_writer.go:268.11,269.46 1 0
github.com/23skdu/longbow/internal/store/internal/core/disk_writer.go:269.46,271.7 1 0
github.com/23skdu/longbow/internal/store/internal/core/disk_writer.go:273.5,273.35 1 0
github.com/23skdu/longbow/internal/store/internal/core/disk_writer.go:279.2,280.18 2 0
github.com/23skdu/longbow/internal/store/internal/core/disk_writer.go:280.18,284.17 4 0
github.com/23skdu/longbow/internal/store/internal/core/disk_writer.go:284.17,287.45 3 0
github.com/23skdu/longbow/internal/store/internal/core/disk_writer.go:287.45,289.19 2 0
github.com/23skdu/longbow/internal/store/internal/core/disk_writer.go:289.19,291.34 2 0
github.com/23skdu/longbow/internal/store/internal/core/disk_writer.go:291.34,293.37 2 0
github.com/23skdu/longbow/internal/store/internal/core/disk_writer.go:293.37,295.8 1 0
github.com/23skdu/longbow/internal/store/internal/core/disk_writer.go:296.7,296.45 1 0
github.com/23skdu/longbow/internal/store/internal/core/disk_writer.go:296.45,298.8 1 0
github.com/23skdu/longbow/internal/store/internal/core/disk_writer.go:299.12,300.47 1 0
github.com/23skdu/longbow/internal/store/internal/core/disk_writer.go:300.47,302.8 1 0
github.com/23skdu/longbow/internal/store/internal/core/disk_writer.go:304.11,305.46 1 0
github.com/23skdu/longbow/internal/store/internal/core/disk_writer.go:305.46,307.7 1 0
github.com/23skdu/longbow/internal/store/internal/core/disk_writer.go:309.5,309.35 1 0
github.com/23skdu/longbow/internal/store/internal/core/disk_writer.go:315.2,315.34 1 0
github.com/23skdu/longbow/internal/store/internal/core/disk_writer.go:315.34,317.3 1 0
github.com/23skdu/longbow/internal/store/internal/core/disk_writer.go:319.2,319.40 1 0
github.com/23skdu/longbow/internal/store/internal/core/disk_writer.go:319.40,321.3 1 0
github.com/23skdu/longbow/internal/store/internal/core/disk_writer.go:324.2,347.42 14 0
github.com/23skdu/longbow/internal/store/internal/core/disk_writer.go:347.42,349.3 1 0
github.com/23skdu/longbow/internal/store/internal/core/disk_writer.go:352.2,357.46 4 0
github.com/23skdu/longbow/internal/store/internal/core/disk_writer.go:357.46,359.3 1 0
github.com/23skdu/longbow/internal/store/internal/core/disk_writer.go:361.2,361.18 1 0
github.com/23skdu/longbow/internal/store/internal/core/distance_resolvers.go:13.81,14.25 1 1
github.com/23skdu/longbow/internal/store/internal/core/distance_resolvers.go:15.29,16.29 1 1
github.com/23skdu/longbow/internal/store/internal/core/distance_resolvers.go:17.33,18.48 1 0
github.com/23skdu/longbow/internal/store/internal/core/distance_resolvers.go:18.48,21.4 2 0
github.com/23skdu/longbow/internal/store/internal/core/distance_resolvers.go:22.10,23.32 1 1
github.com/23skdu/longbow/internal/store/internal/core/distance_resolvers.go:28.88,29.25 1 1
github.com/23skdu/longbow/internal/store/internal/core/distance_resolvers.go:30.29,31.32 1 1
github.com/23skdu/longbow/internal/store/internal/core/distance_resolvers.go:32.33,33.52 1 0
github.com/23skdu/longbow/internal/store/internal/core/distance_resolvers.go:33.52,36.4 2 0
github.com/23skdu/longbow/internal/store/internal/core/distance_resolvers.go:37.10,38.35 1 1
github.com/23skdu/longbow/internal/store/internal/core/distance_resolvers.go:43.84,44.25 1 1
github.com/23skdu/longbow/internal/store/internal/core/distance_resolvers.go:45.29,46.36 1 1
github.com/23skdu/longbow/internal/store/internal/core/distance_resolvers.go:47.33,48.48 1 0
github.com/23skdu/longbow/internal/store/internal/core/distance_resolvers.go:48.48,51.4 2 0
github.com/23skdu/longbow/internal/store/internal/core/distance_resolvers.go:52.10,53.39 1 1
github.com/23skdu/longbow/internal/store/internal/core/distance_resolvers.go:58.86,59.25 1 1
github.com/23skdu/longbow/internal/store/internal/core/distance_resolvers.go:60.29,61.38 1 1
github.com/23skdu/longbow/internal/store/internal/core/distance_resolvers.go:62.33,63.50 1 0
github.com/23skdu/longbow/internal/store/internal/core/distance_resolvers.go:63.50,66.4 2 0
github.com/23skdu/longbow/internal/store/internal/core/distance_resolvers.go:67.10,68.41 1 1
github.com/23skdu/longbow/internal/store/internal/core/distance_resolvers.go:73.88,74.25 1 1
github.com/23skdu/longbow/internal/store/internal/core/distance_resolvers.go:75.29,76.39 1 1
github.com/23skdu/longbow/internal/store/internal/core/distance_resolvers.go:77.33,78.51 1 0
github.com/23skdu/longbow/internal/store/internal/core/distance_resolvers.go:78.51,81.4 2 0
github.com/23skdu/longbow/internal/store/internal/core/distance_resolvers.go:82.10,83.42 1 1
github.com/23skdu/longbow/internal/store/internal/core/distance_resolvers.go:88.82,89.25 1 1
github.com/23skdu/longbow/internal/store/internal/core/distance_resolvers.go:90.29,91.33 1 1
github.com/23skdu/longbow/internal/store/internal/core/distance_resolvers.go:92.33,93.45 1 0
github.com/23skdu/longbow/internal/store/internal/core/distance_resolvers.go:93.45,96.4 2 0
github.com/23skdu/longbow/internal/store/internal/core/distance_resolvers.go:97.10,98.36 1 1
github.com/23skdu/longbow/internal/store/internal/core/distance_resolvers.go:103.84,104.25 1 1
github.com/23skdu/longbow/internal/store/internal/core/distance_resolvers.go:105.29,106.34 1 1
github.com/23skdu/longbow/internal/store/internal/core/distance_resolvers.go:107.33,108.46 1 0
github.com/23skdu/longbow/internal/store/internal/core/distance_resolvers.go:108.46,111.4 2 0
github.com/23skdu/longbow/internal/store/internal/core/distance_resolvers.go:112.10,113.37 1 1
github.com/23skdu/longbow/internal/store/internal/core/distance_resolvers.go:118.84,119.25 1 1
github.com/23skdu/longbow/internal/store/internal/core/distance_resolvers.go:120.29,121.34 1 1
github.com/23skdu/longbow/internal/store/internal/core/distance_resolvers.go:122.33,123.46 1 0
github.com/23skdu/longbow/internal/store/internal/core/distance_resolvers.go:123.46,126.4 2 0
github.com/23skdu/longbow/internal/store/internal/core/distance_resolvers.go:127.10,128.37 1 1
github.com/23skdu/longbow/internal/store/internal/core/distance_resolvers.go:133.86,134.25 1 1
github.com/23skdu/longbow/internal/store/internal/core/distance_resolvers.go:135.29,136.35 1 1
github.com/23skdu/longbow/internal/store/internal/core/distance_resolvers.go:137.33,138.47 1 0
github.com/23skdu/longbow/internal/store/internal/core/distance_resolvers.go:138.47,141.4 2 0
github.com/23skdu/longbow/internal/store/internal/core/distance_resolvers.go:142.10,143.38 1 1
github.com/23skdu/longbow/internal/store/internal/core/distance_resolvers.go:148.84,149.25 1 1
github.com/23skdu/longbow/internal/store/internal/core/distance_resolvers.go:150.29,151.34 1 1
github.com/23skdu/longbow/internal/store/internal/core/distance_resolvers.go:152.33,153.46 1 0
github.com/23skdu/longbow/internal/store/internal/core/distance_resolvers.go:153.46,156.4 2 0
github.com/23skdu/longbow/internal/store/internal/core/distance_resolvers.go:157.10,158.37 1 1
github.com/23skdu/longbow/internal/store/internal/core/distance_resolvers.go:163.86,164.25 1 1
github.com/23skdu/longbow/internal/store/internal/core/distance_resolvers.go:165.29,166.35 1 1
github.com/23skdu/longbow/internal/store/internal/core/distance_resolvers.go:167.33,168.47 1 0
github.com/23skdu/longbow/internal/store/internal/core/distance_resolvers.go:168.47,171.4 2 0
github.com/23skdu/longbow/internal/store/internal/core/distance_resolvers.go:172.10,173.38 1 1
github.com/23skdu/longbow/internal/store/internal/core/distance_resolvers.go:178.84,179.25 1 1
github.com/23skdu/longbow/internal/store/internal/core/distance_resolvers.go:180.29,181.34 1 1
github.com/23skdu/longbow/internal/store/internal/core/distance_resolvers.go:182.33,183.46 1 0
github.com/23skdu/longbow/internal/store/internal/core/distance_resolvers.go:183.46,186.4 2 0
github.com/23skdu/longbow/internal/store/internal/core/distance_resolvers.go:187.10,188.37 1 1
github.com/23skdu/longbow/internal/store/internal/core/distance_resolvers.go:193.86,194.25 1 1
github.com/23skdu/longbow/internal/store/internal/core/distance_resolvers.go:195.29,196.35 1 1
github.com/23skdu/longbow/internal/store/internal/core/distance_resolvers.go:197.33,198.47 1 0
github.com/23skdu/longbow/internal/store/internal/core/distance_resolvers.go:198.47,201.4 2 0
github.com/23skdu/longbow/internal/store/internal/core/distance_resolvers.go:202.10,203.38 1 1
github.com/23skdu/longbow/internal/store/internal/core/get_neighbors.go:45.123,46.15 1 0
github.com/23skdu/longbow/internal/store/internal/core/get_neighbors.go:46.15,48.3 1 0
github.com/23skdu/longbow/internal/store/internal/core/get_neighbors.go:50.2,52.37 2 0
github.com/23skdu/longbow/internal/store/internal/core/get_neighbors.go:53.18,57.21 4 0
github.com/23skdu/longbow/internal/store/internal/core/get_neighbors.go:59.10,62.42 3 0
github.com/23skdu/longbow/internal/store/internal/core/get_neighbors.go:69.97,71.17 2 0
github.com/23skdu/longbow/internal/store/internal/core/get_neighbors.go:71.17,73.3 1 0
github.com/23skdu/longbow/internal/store/internal/core/get_neighbors.go:76.2,77.9 2 0
github.com/23skdu/longbow/internal/store/internal/core/get_neighbors.go:77.9,79.3 1 0
github.com/23skdu/longbow/internal/store/internal/core/get_neighbors.go:82.2,83.16 2 0
github.com/23skdu/longbow/internal/store/internal/core/get_neighbors.go:83.16,85.3 1 0
github.com/23skdu/longbow/internal/store/internal/core/get_neighbors.go:86.2,86.27 1 0
github.com/23skdu/longbow/internal/store/internal/core/get_neighbors.go:86.27,88.3 1 0
github.com/23skdu/longbow/internal/store/internal/core/get_neighbors.go:91.2,91.35 1 0
github.com/23skdu/longbow/internal/store/internal/core/get_neighbors.go:91.35,93.3 1 0
github.com/23skdu/longbow/internal/store/internal/core/get_neighbors.go:95.2,97.36 3 0
github.com/23skdu/longbow/internal/store/internal/core/get_neighbors.go:97.36,100.43 3 0
github.com/23skdu/longbow/internal/store/internal/core/get_neighbors.go:100.43,101.44 1 0
github.com/23skdu/longbow/internal/store/internal/core/get_neighbors.go:101.44,103.20 2 0
github.com/23skdu/longbow/internal/store/internal/core/get_neighbors.go:103.20,105.6 1 0
github.com/23skdu/longbow/internal/store/internal/core/get_neighbors.go:108.3,111.5 1 0
github.com/23skdu/longbow/internal/store/internal/core/get_neighbors.go:114.2,114.21 1 0
github.com/23skdu/longbow/internal/store/internal/core/get_neighbors.go:119.72,121.19 2 0
github.com/23skdu/longbow/internal/store/internal/core/get_neighbors.go:121.19,123.3 1 0
github.com/23skdu/longbow/internal/store/internal/core/get_neighbors.go:126.2,127.28 2 0
github.com/23skdu/longbow/internal/store/internal/core/get_neighbors.go:127.28,129.3 1 0
github.com/23skdu/longbow/internal/store/internal/core/get_neighbors.go:129.8,131.3 1 0
github.com/23skdu/longbow/internal/store/internal/core/get_neighbors.go:133.2,133.64 1 0
github.com/23skdu/longbow/internal/store/internal/core/get_neighbors.go:133.64,135.10 2 0
github.com/23skdu/longbow/internal/store/internal/core/get_neighbors.go:135.10,136.12 1 0
github.com/23skdu/longbow/internal/store/internal/core/get_neighbors.go:138.3,139.10 2 0
github.com/23skdu/longbow/internal/store/internal/core/get_neighbors.go:139.10,140.12 1 0
github.com/23skdu/longbow/internal/store/internal/core/get_neighbors.go:143.3,143.23 1 0
github.com/23skdu/longbow/internal/store/internal/core/get_neighbors.go:143.23,145.40 1 0
github.com/23skdu/longbow/internal/store/internal/core/get_neighbors.go:145.40,147.5 1 0
github.com/23skdu/longbow/internal/store/internal/core/get_neighbors.go:148.4,148.12 1 0
github.com/23skdu/longbow/internal/store/internal/core/get_neighbors.go:151.3,152.35 2 0
github.com/23skdu/longbow/internal/store/internal/core/get_neighbors.go:152.35,153.12 1 0
github.com/23skdu/longbow/internal/store/internal/core/get_neighbors.go:156.3,157.61 2 0
github.com/23skdu/longbow/internal/store/internal/core/get_neighbors.go:157.61,158.12 1 0
github.com/23skdu/longbow/internal/store/internal/core/get_neighbors.go:161.3,161.91 1 0
github.com/23skdu/longbow/internal/store/internal/core/get_neighbors.go:161.91,164.45 2 0
github.com/23skdu/longbow/internal/store/internal/core/get_neighbors.go:164.45,166.5 1 0
github.com/23skdu/longbow/internal/store/internal/core/get_neighbors.go:169.2,169.17 1 0
github.com/23skdu/longbow/internal/store/internal/core/get_neighbors.go:173.108,177.16 4 0
github.com/23skdu/longbow/internal/store/internal/core/get_neighbors.go:177.16,179.3 1 0
github.com/23skdu/longbow/internal/store/internal/core/get_neighbors.go:183.36,184.9 1 0
github.com/23skdu/longbow/internal/store/internal/core/get_neighbors.go:185.18,186.19 1 0
github.com/23skdu/longbow/internal/store/internal/core/get_neighbors.go:187.41,188.21 1 0
github.com/23skdu/longbow/internal/store/internal/core/get_neighbors.go:189.51,190.25 1 0
github.com/23skdu/longbow/internal/store/internal/core/get_neighbors.go:191.10,192.17 1 0
github.com/23skdu/longbow/internal/store/internal/core/gpu_cache.go:25.53,26.18 1 0
github.com/23skdu/longbow/internal/store/internal/core/gpu_cache.go:26.18,28.3 1 0
github.com/23skdu/longbow/internal/store/internal/core/gpu_cache.go:29.2,33.3 1 0
github.com/23skdu/longbow/internal/store/internal/core/gpu_cache.go:37.76,38.14 1 0
github.com/23skdu/longbow/internal/store/internal/core/gpu_cache.go:38.14,40.3 1 0
github.com/23skdu/longbow/internal/store/internal/core/gpu_cache.go:42.2,47.9 5 0
github.com/23skdu/longbow/internal/store/internal/core/gpu_cache.go:47.9,49.3 1 0
github.com/23skdu/longbow/internal/store/internal/core/gpu_cache.go:52.2,55.27 3 0
github.com/23skdu/longbow/internal/store/internal/core/gpu_cache.go:59.76,60.14 1 0
github.com/23skdu/longbow/internal/store/internal/core/gpu_cache.go:60.14,62.3 1 0
github.com/23skdu/longbow/internal/store/internal/core/gpu_cache.go:64.2,70.34 4 0
github.com/23skdu/longbow/internal/store/internal/core/gpu_cache.go:70.34,76.3 4 0
github.com/23skdu/longbow/internal/store/internal/core/gpu_cache.go:79.2,88.31 4 0
github.com/23skdu/longbow/internal/store/internal/core/gpu_cache.go:88.31,90.3 1 0
github.com/23skdu/longbow/internal/store/internal/core/gpu_cache.go:94.40,96.17 2 0
github.com/23skdu/longbow/internal/store/internal/core/gpu_cache.go:96.17,98.3 1 0
github.com/23skdu/longbow/internal/store/internal/core/gpu_cache.go:100.2,102.22 3 0
github.com/23skdu/longbow/internal/store/internal/core/gpu_cache.go:106.40,108.34 2 0
github.com/23skdu/longbow/internal/store/internal/core/gpu_cache.go:108.34,112.3 2 0
github.com/23skdu/longbow/internal/store/internal/core/gpu_cache.go:113.2,113.18 1 0
github.com/23skdu/longbow/internal/store/internal/core/gpu_hybrid_config.go:43.59,52.2 1 0
github.com/23skdu/longbow/internal/store/internal/core/gpu_hybrid_config.go:55.50,56.31 1 0
github.com/23skdu/longbow/internal/store/internal/core/gpu_hybrid_config.go:56.31,58.3 1 0
github.com/23skdu/longbow/internal/store/internal/core/gpu_hybrid_config.go:59.2,59.32 1 0
github.com/23skdu/longbow/internal/store/internal/core/gpu_hybrid_config.go:59.32,61.3 1 0
github.com/23skdu/longbow/internal/store/internal/core/gpu_hybrid_config.go:62.2,62.22 1 0
github.com/23skdu/longbow/internal/store/internal/core/gpu_hybrid_config.go:62.22,64.3 1 0
github.com/23skdu/longbow/internal/store/internal/core/gpu_hybrid_config.go:65.2,65.27 1 0
github.com/23skdu/longbow/internal/store/internal/core/gpu_hybrid_config.go:65.27,67.3 1 0
github.com/23skdu/longbow/internal/store/internal/core/gpu_hybrid_config.go:68.2,68.28 1 0
github.com/23skdu/longbow/internal/store/internal/core/gpu_hybrid_config.go:68.28,70.3 1 0
github.com/23skdu/longbow/internal/store/internal/core/gpu_hybrid_config.go:71.2,71.12 1 0
github.com/23skdu/longbow/internal/store/internal/core/gpu_hybrid_config.go:76.58,77.23 1 0
github.com/23skdu/longbow/internal/store/internal/core/gpu_hybrid_config.go:77.23,79.3 1 0
github.com/23skdu/longbow/internal/store/internal/core/gpu_hybrid_config.go:80.2,80.21 1 0
github.com/23skdu/longbow/internal/store/internal/core/gpu_hybrid_config.go:84.62,86.2 1 0
github.com/23skdu/longbow/internal/store/internal/core/gpu_hybrid_config.go:98.44,98.61 1 0
github.com/23skdu/longbow/internal/store/internal/core/gpu_hybrid_config.go:99.44,99.84 1 0
github.com/23skdu/longbow/internal/store/internal/core/gpu_hybrid_config.go:100.44,100.71 1 0
github.com/23skdu/longbow/internal/store/internal/core/gpu_hybrid_config.go:102.45,104.2 1 0
github.com/23skdu/longbow/internal/store/internal/core/gpu_hybrid_config.go:106.43,112.2 5 0
github.com/23skdu/longbow/internal/store/internal/core/gpu_hybrid_config.go:116.76,120.31 3 0
github.com/23skdu/longbow/internal/store/internal/core/gpu_hybrid_config.go:120.31,121.18 1 0
github.com/23skdu/longbow/internal/store/internal/core/gpu_hybrid_config.go:121.18,124.4 2 0
github.com/23skdu/longbow/internal/store/internal/core/gpu_hybrid_config.go:127.2,127.15 1 0
github.com/23skdu/longbow/internal/store/internal/core/graph_navigator.go:95.71,133.16 2 1
github.com/23skdu/longbow/internal/store/internal/core/graph_navigator.go:133.16,144.3 1 1
github.com/23skdu/longbow/internal/store/internal/core/graph_navigator.go:146.2,146.10 1 1
github.com/23skdu/longbow/internal/store/internal/core/graph_navigator.go:149.150,158.2 1 1
github.com/23skdu/longbow/internal/store/internal/core/graph_navigator.go:160.46,164.29 3 1
github.com/23skdu/longbow/internal/store/internal/core/graph_navigator.go:164.29,166.3 1 0
github.com/23skdu/longbow/internal/store/internal/core/graph_navigator.go:167.2,167.31 1 1
github.com/23skdu/longbow/internal/store/internal/core/graph_navigator.go:167.31,169.3 1 0
github.com/23skdu/longbow/internal/store/internal/core/graph_navigator.go:171.2,172.12 2 1
github.com/23skdu/longbow/internal/store/internal/core/graph_navigator.go:175.103,176.30 1 1
github.com/23skdu/longbow/internal/store/internal/core/graph_navigator.go:176.30,178.3 1 0
github.com/23skdu/longbow/internal/store/internal/core/graph_navigator.go:180.2,181.18 2 1
github.com/23skdu/longbow/internal/store/internal/core/graph_navigator.go:181.18,183.3 1 0
github.com/23skdu/longbow/internal/store/internal/core/graph_navigator.go:186.2,187.32 2 1
github.com/23skdu/longbow/internal/store/internal/core/graph_navigator.go:187.32,189.3 1 0
github.com/23skdu/longbow/internal/store/internal/core/graph_navigator.go:190.2,190.33 1 1
github.com/23skdu/longbow/internal/store/internal/core/graph_navigator.go:190.33,192.3 1 0
github.com/23skdu/longbow/internal/store/internal/core/graph_navigator.go:194.2,201.15 5 1
github.com/23skdu/longbow/internal/store/internal/core/graph_navigator.go:201.15,206.3 4 1
github.com/23skdu/longbow/internal/store/internal/core/graph_navigator.go:208.2,213.35 4 1
github.com/23skdu/longbow/internal/store/internal/core/graph_navigator.go:213.35,216.43 3 1
github.com/23skdu/longbow/internal/store/internal/core/graph_navigator.go:216.43,219.27 2 1
github.com/23skdu/longbow/internal/store/internal/core/graph_navigator.go:219.27,221.135 2 1
github.com/23skdu/longbow/internal/store/internal/core/graph_navigator.go:221.135,225.6 3 1
github.com/23skdu/longbow/internal/store/internal/core/graph_navigator.go:228.3,229.31 2 1
github.com/23skdu/longbow/internal/store/internal/core/graph_navigator.go:233.2,236.16 3 1
github.com/23skdu/longbow/internal/store/internal/core/graph_navigator.go:236.16,237.14 1 0
github.com/23skdu/longbow/internal/store/internal/core/graph_navigator.go:238.25,239.29 1 0
github.com/23skdu/longbow/internal/store/internal/core/graph_navigator.go:240.33,241.27 1 0
github.com/23skdu/longbow/internal/store/internal/core/graph_navigator.go:242.11,243.24 1 0
github.com/23skdu/longbow/internal/store/internal/core/graph_navigator.go:246.3,247.18 2 0
github.com/23skdu/longbow/internal/store/internal/core/graph_navigator.go:250.2,250.17 1 1
github.com/23skdu/longbow/internal/store/internal/core/graph_navigator.go:250.17,252.3 1 1
github.com/23skdu/longbow/internal/store/internal/core/graph_navigator.go:253.2,255.16 2 1
github.com/23skdu/longbow/internal/store/internal/core/graph_navigator.go:255.16,259.3 3 1
github.com/23skdu/longbow/internal/store/internal/core/graph_navigator.go:262.2,262.49 1 1
github.com/23skdu/longbow/internal/store/internal/core/graph_navigator.go:262.49,264.26 2 1
github.com/23skdu/longbow/internal/store/internal/core/graph_navigator.go:264.26,273.4 4 1
github.com/23skdu/longbow/internal/store/internal/core/graph_navigator.go:276.2,276.18 1 1
github.com/23skdu/longbow/internal/store/internal/core/graph_navigator.go:279.72,284.18 4 1
github.com/23skdu/longbow/internal/store/internal/core/graph_navigator.go:284.18,286.3 1 0
github.com/23skdu/longbow/internal/store/internal/core/graph_navigator.go:288.2,288.56 1 1
github.com/23skdu/longbow/internal/store/internal/core/graph_navigator.go:288.56,290.25 2 1
github.com/23skdu/longbow/internal/store/internal/core/graph_navigator.go:290.25,292.4 1 1
github.com/23skdu/longbow/internal/store/internal/core/graph_navigator.go:295.2,295.19 1 1
github.com/23skdu/longbow/internal/store/internal/core/graph_navigator.go:298.91,299.14 1 1
github.com/23skdu/longbow/internal/store/internal/core/graph_navigator.go:299.14,301.3 1 1
github.com/23skdu/longbow/internal/store/internal/core/graph_navigator.go:303.2,303.43 1 1
github.com/23skdu/longbow/internal/store/internal/core/graph_navigator.go:303.43,304.106 1 1
github.com/23skdu/longbow/internal/store/internal/core/graph_navigator.go:304.106,306.4 1 1
github.com/23skdu/longbow/internal/store/internal/core/graph_navigator.go:309.2,309.38 1 1
github.com/23skdu/longbow/internal/store/internal/core/graph_navigator.go:309.38,312.51 3 1
github.com/23skdu/longbow/internal/store/internal/core/graph_navigator.go:312.51,314.4 1 1
github.com/23skdu/longbow/internal/store/internal/core/graph_navigator.go:317.2,317.14 1 0
github.com/23skdu/longbow/internal/store/internal/core/graph_navigator.go:320.74,322.18 2 1
github.com/23skdu/longbow/internal/store/internal/core/graph_navigator.go:322.18,324.3 1 0
github.com/23skdu/longbow/internal/store/internal/core/graph_navigator.go:326.2,327.16 2 1
github.com/23skdu/longbow/internal/store/internal/core/graph_navigator.go:327.16,329.3 1 0
github.com/23skdu/longbow/internal/store/internal/core/graph_navigator.go:331.2,332.16 2 1
github.com/23skdu/longbow/internal/store/internal/core/graph_navigator.go:332.16,334.3 1 0
github.com/23skdu/longbow/internal/store/internal/core/graph_navigator.go:336.2,337.10 2 1
github.com/23skdu/longbow/internal/store/internal/core/graph_navigator.go:337.10,339.3 1 0
github.com/23skdu/longbow/internal/store/internal/core/graph_navigator.go:341.2,342.10 2 1
github.com/23skdu/longbow/internal/store/internal/core/graph_navigator.go:342.10,344.3 1 0
github.com/23skdu/longbow/internal/store/internal/core/graph_navigator.go:346.2,346.24 1 1
github.com/23skdu/longbow/internal/store/internal/core/graph_navigator.go:346.24,348.3 1 0
github.com/23skdu/longbow/internal/store/internal/core/graph_navigator.go:351.2,352.16 2 1
github.com/23skdu/longbow/internal/store/internal/core/graph_navigator.go:352.16,354.3 1 0
github.com/23skdu/longbow/internal/store/internal/core/graph_navigator.go:355.2,355.13 1 1
github.com/23skdu/longbow/internal/store/internal/core/graph_navigator.go:358.58,360.2 1 1
github.com/23skdu/longbow/internal/store/internal/core/graph_navigator.go:362.48,364.2 1 1
github.com/23skdu/longbow/internal/store/internal/core/graph_navigator.go:367.40,371.2 3 1
github.com/23skdu/longbow/internal/store/internal/core/graph_navigator.go:374.41,378.2 3 1
github.com/23skdu/longbow/internal/store/internal/core/hnsw_batch.go:36.84,37.31 1 0
github.com/23skdu/longbow/internal/store/internal/core/hnsw_batch.go:37.31,39.3 1 0
github.com/23skdu/longbow/internal/store/internal/core/hnsw_batch.go:41.2,42.15 2 0
github.com/23skdu/longbow/internal/store/internal/core/hnsw_batch.go:42.15,44.3 1 0
github.com/23skdu/longbow/internal/store/internal/core/hnsw_batch.go:48.2,49.20 2 0
github.com/23skdu/longbow/internal/store/internal/core/hnsw_batch.go:49.20,51.3 1 0
github.com/23skdu/longbow/internal/store/internal/core/hnsw_batch.go:53.2,54.26 2 0
github.com/23skdu/longbow/internal/store/internal/core/hnsw_batch.go:54.26,56.3 1 0
github.com/23skdu/longbow/internal/store/internal/core/hnsw_batch.go:59.2,62.31 3 0
github.com/23skdu/longbow/internal/store/internal/core/hnsw_batch.go:62.31,64.17 2 0
github.com/23skdu/longbow/internal/store/internal/core/hnsw_batch.go:64.17,67.4 2 0
github.com/23skdu/longbow/internal/store/internal/core/hnsw_batch.go:70.2,70.32 1 0
github.com/23skdu/longbow/internal/store/internal/core/hnsw_batch.go:70.32,72.3 1 0
github.com/23skdu/longbow/internal/store/internal/core/hnsw_batch.go:75.2,83.34 6 0
github.com/23skdu/longbow/internal/store/internal/core/hnsw_batch.go:83.34,85.3 1 0
github.com/23skdu/longbow/internal/store/internal/core/hnsw_batch.go:87.2,87.41 1 0
github.com/23skdu/longbow/internal/store/internal/core/hnsw_batch.go:87.41,89.3 1 0
github.com/23skdu/longbow/internal/store/internal/core/hnsw_batch.go:92.2,92.21 1 0
github.com/23skdu/longbow/internal/store/internal/core/hnsw_batch.go:92.21,94.3 1 0
github.com/23skdu/longbow/internal/store/internal/core/hnsw_batch.go:96.2,96.19 1 0
github.com/23skdu/longbow/internal/store/internal/core/hnsw_batch.go:105.87,106.33 1 1
github.com/23skdu/longbow/internal/store/internal/core/hnsw_batch.go:106.33,108.3 1 1
github.com/23skdu/longbow/internal/store/internal/core/hnsw_batch.go:110.2,111.15 2 1
github.com/23skdu/longbow/internal/store/internal/core/hnsw_batch.go:111.15,113.3 1 1
github.com/23skdu/longbow/internal/store/internal/core/hnsw_batch.go:115.2,119.20 3 1
github.com/23skdu/longbow/internal/store/internal/core/hnsw_batch.go:119.20,121.3 1 1
github.com/23skdu/longbow/internal/store/internal/core/hnsw_batch.go:124.2,128.33 3 1
github.com/23skdu/longbow/internal/store/internal/core/hnsw_batch.go:128.33,132.32 3 1
github.com/23skdu/longbow/internal/store/internal/core/hnsw_batch.go:132.32,135.51 3 1
github.com/23skdu/longbow/internal/store/internal/core/hnsw_batch.go:135.51,136.50 1 1
github.com/23skdu/longbow/internal/store/internal/core/hnsw_batch.go:136.50,138.6 1 1
github.com/23skdu/longbow/internal/store/internal/core/hnsw_batch.go:144.2,144.33 1 1
github.com/23skdu/longbow/internal/store/internal/core/hnsw_batch.go:144.33,146.24 2 1
github.com/23skdu/longbow/internal/store/internal/core/hnsw_batch.go:146.24,148.12 2 0
github.com/23skdu/longbow/internal/store/internal/core/hnsw_batch.go:152.3,155.30 3 1
github.com/23skdu/longbow/internal/store/internal/core/hnsw_batch.go:155.30,156.51 1 1
github.com/23skdu/longbow/internal/store/internal/core/hnsw_batch.go:156.51,159.5 2 1
github.com/23skdu/longbow/internal/store/internal/core/hnsw_batch.go:162.3,162.28 1 1
github.com/23skdu/longbow/internal/store/internal/core/hnsw_batch.go:162.28,164.12 2 0
github.com/23skdu/longbow/internal/store/internal/core/hnsw_batch.go:168.3,176.31 6 1
github.com/23skdu/longbow/internal/store/internal/core/hnsw_batch.go:176.31,178.4 1 1
github.com/23skdu/longbow/internal/store/internal/core/hnsw_batch.go:180.3,180.42 1 1
github.com/23skdu/longbow/internal/store/internal/core/hnsw_batch.go:180.42,182.4 1 1
github.com/23skdu/longbow/internal/store/internal/core/hnsw_batch.go:185.3,186.25 2 1
github.com/23skdu/longbow/internal/store/internal/core/hnsw_batch.go:186.25,188.4 1 0
github.com/23skdu/longbow/internal/store/internal/core/hnsw_batch.go:189.3,189.30 1 1
github.com/23skdu/longbow/internal/store/internal/core/hnsw_batch.go:192.2,192.16 1 1
github.com/23skdu/longbow/internal/store/internal/core/hnsw_batch.go:196.99,199.2 1 1
github.com/23skdu/longbow/internal/store/internal/core/hnsw_batch.go:202.78,204.2 1 1
github.com/23skdu/longbow/internal/store/internal/core/hnsw_batch.go:207.103,208.57 1 1
github.com/23skdu/longbow/internal/store/internal/core/hnsw_batch.go:208.57,210.3 1 1
github.com/23skdu/longbow/internal/store/internal/core/hnsw_batch.go:216.2,218.34 3 1
github.com/23skdu/longbow/internal/store/internal/core/hnsw_batch.go:218.34,219.47 1 1
github.com/23skdu/longbow/internal/store/internal/core/hnsw_batch.go:219.47,222.4 2 1
github.com/23skdu/longbow/internal/store/internal/core/hnsw_batch.go:225.2,225.23 1 1
github.com/23skdu/longbow/internal/store/internal/core/hnsw_batch.go:225.23,227.3 1 0
github.com/23skdu/longbow/internal/store/internal/core/hnsw_batch.go:229.2,233.30 4 1
github.com/23skdu/longbow/internal/store/internal/core/hnsw_batch.go:233.30,235.3 1 1
github.com/23skdu/longbow/internal/store/internal/core/hnsw_batch.go:237.2,237.41 1 1
github.com/23skdu/longbow/internal/store/internal/core/hnsw_batch.go:237.41,239.3 1 1
github.com/23skdu/longbow/internal/store/internal/core/hnsw_batch.go:241.2,241.21 1 1
github.com/23skdu/longbow/internal/store/internal/core/hnsw_batch.go:241.21,243.3 1 0
github.com/23skdu/longbow/internal/store/internal/core/hnsw_batch.go:245.2,245.19 1 1
github.com/23skdu/longbow/internal/store/internal/core/hnsw_batch.go:249.107,250.23 1 1
github.com/23skdu/longbow/internal/store/internal/core/hnsw_batch.go:250.23,252.3 1 0
github.com/23skdu/longbow/internal/store/internal/core/hnsw_batch.go:253.2,254.28 2 1
github.com/23skdu/longbow/internal/store/internal/core/hnsw_batch.go:254.28,256.20 2 1
github.com/23skdu/longbow/internal/store/internal/core/hnsw_batch.go:256.20,258.12 2 0
github.com/23skdu/longbow/internal/store/internal/core/hnsw_batch.go:263.3,264.26 2 1
github.com/23skdu/longbow/internal/store/internal/core/hnsw_batch.go:264.26,267.18 3 1
github.com/23skdu/longbow/internal/store/internal/core/hnsw_batch.go:267.18,269.19 2 1
github.com/23skdu/longbow/internal/store/internal/core/hnsw_batch.go:269.19,271.6 1 0
github.com/23skdu/longbow/internal/store/internal/core/hnsw_batch.go:271.11,273.6 1 1
github.com/23skdu/longbow/internal/store/internal/core/hnsw_batch.go:275.4,275.52 1 1
github.com/23skdu/longbow/internal/store/internal/core/hnsw_batch.go:277.3,277.22 1 1
github.com/23skdu/longbow/internal/store/internal/core/hnsw_batch.go:279.2,279.16 1 1
github.com/23skdu/longbow/internal/store/internal/core/hnsw_batch.go:282.66,284.16 2 1
github.com/23skdu/longbow/internal/store/internal/core/hnsw_batch.go:284.16,286.3 1 0
github.com/23skdu/longbow/internal/store/internal/core/hnsw_batch.go:287.2,287.12 1 1
github.com/23skdu/longbow/internal/store/internal/core/hnsw_gpu.go:31.35,40.2 1 0
github.com/23skdu/longbow/internal/store/internal/core/hnsw_gpu.go:46.72,48.2 1 0
github.com/23skdu/longbow/internal/store/internal/core/hnsw_gpu.go:54.107,56.2 1 0
github.com/23skdu/longbow/internal/store/internal/core/hnsw_gpu.go:59.100,61.2 1 0
github.com/23skdu/longbow/internal/store/internal/core/hnsw_gpu.go:64.134,68.18 3 0
github.com/23skdu/longbow/internal/store/internal/core/hnsw_gpu.go:68.18,74.3 1 0
github.com/23skdu/longbow/internal/store/internal/core/hnsw_gpu.go:77.2,78.15 2 0
github.com/23skdu/longbow/internal/store/internal/core/hnsw_gpu.go:78.15,84.3 1 0
github.com/23skdu/longbow/internal/store/internal/core/hnsw_gpu.go:87.2,88.16 2 0
github.com/23skdu/longbow/internal/store/internal/core/hnsw_gpu.go:88.16,95.3 2 0
github.com/23skdu/longbow/internal/store/internal/core/hnsw_gpu.go:96.2,96.16 1 0
github.com/23skdu/longbow/internal/store/internal/core/hnsw_gpu.go:96.16,98.44 2 0
github.com/23skdu/longbow/internal/store/internal/core/hnsw_gpu.go:98.44,104.4 1 0
github.com/23skdu/longbow/internal/store/internal/core/hnsw_gpu.go:105.3,105.51 1 0
github.com/23skdu/longbow/internal/store/internal/core/hnsw_gpu.go:108.2,115.16 3 0
github.com/23skdu/longbow/internal/store/internal/core/hnsw_gpu.go:115.16,117.44 2 0
github.com/23skdu/longbow/internal/store/internal/core/hnsw_gpu.go:117.44,122.4 1 0
github.com/23skdu/longbow/internal/store/internal/core/hnsw_gpu.go:123.3,127.4 1 0
github.com/23skdu/longbow/internal/store/internal/core/hnsw_gpu.go:130.2,139.57 6 0
github.com/23skdu/longbow/internal/store/internal/core/hnsw_gpu.go:139.57,141.3 1 0
github.com/23skdu/longbow/internal/store/internal/core/hnsw_gpu.go:144.2,146.43 2 0
github.com/23skdu/longbow/internal/store/internal/core/hnsw_gpu.go:146.43,155.3 1 0
github.com/23skdu/longbow/internal/store/internal/core/hnsw_gpu.go:157.2,157.12 1 0
github.com/23skdu/longbow/internal/store/internal/core/hnsw_gpu.go:162.67,163.40 1 0
github.com/23skdu/longbow/internal/store/internal/core/hnsw_gpu.go:163.40,165.3 1 0
github.com/23skdu/longbow/internal/store/internal/core/hnsw_gpu.go:168.2,168.64 1 0
github.com/23skdu/longbow/internal/store/internal/core/hnsw_gpu.go:168.64,171.3 2 0
github.com/23skdu/longbow/internal/store/internal/core/hnsw_gpu.go:173.2,185.77 7 0
github.com/23skdu/longbow/internal/store/internal/core/hnsw_gpu.go:185.77,187.17 2 0
github.com/23skdu/longbow/internal/store/internal/core/hnsw_gpu.go:187.17,189.34 1 0
github.com/23skdu/longbow/internal/store/internal/core/hnsw_gpu.go:189.34,191.5 1 0
github.com/23skdu/longbow/internal/store/internal/core/hnsw_gpu.go:193.4,197.5 1 0
github.com/23skdu/longbow/internal/store/internal/core/hnsw_gpu.go:200.3,200.33 1 0
github.com/23skdu/longbow/internal/store/internal/core/hnsw_gpu.go:200.33,202.4 1 0
github.com/23skdu/longbow/internal/store/internal/core/hnsw_gpu.go:205.2,205.12 1 0
github.com/23skdu/longbow/internal/store/internal/core/hnsw_gpu.go:209.45,210.40 1 0
github.com/23skdu/longbow/internal/store/internal/core/hnsw_gpu.go:210.40,212.3 1 0
github.com/23skdu/longbow/internal/store/internal/core/hnsw_gpu.go:214.2,217.32 3 0
github.com/23skdu/longbow/internal/store/internal/core/hnsw_gpu.go:221.49,222.29 1 0
github.com/23skdu/longbow/internal/store/internal/core/hnsw_gpu.go:222.29,224.3 1 0
github.com/23skdu/longbow/internal/store/internal/core/hnsw_gpu.go:226.2,243.16 11 0
github.com/23skdu/longbow/internal/store/internal/core/hnsw_gpu.go:243.16,245.58 2 0
github.com/23skdu/longbow/internal/store/internal/core/hnsw_gpu.go:245.58,247.4 1 0
github.com/23skdu/longbow/internal/store/internal/core/hnsw_gpu.go:248.3,250.33 2 0
github.com/23skdu/longbow/internal/store/internal/core/hnsw_gpu.go:250.33,252.4 1 0
github.com/23skdu/longbow/internal/store/internal/core/hnsw_gpu.go:253.8,256.33 2 0
github.com/23skdu/longbow/internal/store/internal/core/hnsw_gpu.go:256.33,258.4 1 0
github.com/23skdu/longbow/internal/store/internal/core/hnsw_gpu.go:260.3,260.32 1 0
github.com/23skdu/longbow/internal/store/internal/core/hnsw_gpu.go:260.32,262.4 1 0
github.com/23skdu/longbow/internal/store/internal/core/hnsw_gpu.go:262.9,262.40 1 0
github.com/23skdu/longbow/internal/store/internal/core/hnsw_gpu.go:262.40,264.4 1 0
github.com/23skdu/longbow/internal/store/internal/core/hnsw_gpu.go:264.9,266.4 1 0
github.com/23skdu/longbow/internal/store/internal/core/hnsw_gpu.go:269.2,269.12 1 0
github.com/23skdu/longbow/internal/store/internal/core/hnsw_gpu.go:273.42,274.35 1 0
github.com/23skdu/longbow/internal/store/internal/core/hnsw_gpu.go:274.35,276.3 1 0
github.com/23skdu/longbow/internal/store/internal/core/hnsw_gpu.go:278.2,281.12 3 0
github.com/23skdu/longbow/internal/store/internal/core/hnsw_gpu.go:281.12,282.7 1 0
github.com/23skdu/longbow/internal/store/internal/core/hnsw_gpu.go:282.7,283.11 1 0
github.com/23skdu/longbow/internal/store/internal/core/hnsw_gpu.go:284.29,287.92 2 0
github.com/23skdu/longbow/internal/store/internal/core/hnsw_gpu.go:287.92,289.6 1 0
github.com/23skdu/longbow/internal/store/internal/core/hnsw_gpu.go:290.5,290.26 1 0
github.com/23skdu/longbow/internal/store/internal/core/hnsw_gpu.go:291.25,292.11 1 0
github.com/23skdu/longbow/internal/store/internal/core/hnsw_gpu.go:299.41,300.28 1 0
github.com/23skdu/longbow/internal/store/internal/core/hnsw_gpu.go:300.28,304.3 3 0
github.com/23skdu/longbow/internal/store/internal/core/hnsw_gpu.go:309.109,311.2 1 0
github.com/23skdu/longbow/internal/store/internal/core/hnsw_gpu.go:314.137,318.54 2 0
github.com/23skdu/longbow/internal/store/internal/core/hnsw_gpu.go:318.54,319.52 1 0
github.com/23skdu/longbow/internal/store/internal/core/hnsw_gpu.go:319.52,322.4 2 0
github.com/23skdu/longbow/internal/store/internal/core/hnsw_gpu.go:326.2,326.64 1 0
github.com/23skdu/longbow/internal/store/internal/core/hnsw_gpu.go:326.64,329.3 2 0
github.com/23skdu/longbow/internal/store/internal/core/hnsw_gpu.go:332.2,332.40 1 0
github.com/23skdu/longbow/internal/store/internal/core/hnsw_gpu.go:332.40,335.3 2 0
github.com/23skdu/longbow/internal/store/internal/core/hnsw_gpu.go:338.2,339.24 2 0
github.com/23skdu/longbow/internal/store/internal/core/hnsw_gpu.go:339.24,341.3 1 0
github.com/23skdu/longbow/internal/store/internal/core/hnsw_gpu.go:344.2,345.34 2 0
github.com/23skdu/longbow/internal/store/internal/core/hnsw_gpu.go:345.34,347.3 1 0
github.com/23skdu/longbow/internal/store/internal/core/hnsw_gpu.go:349.2,350.16 2 0
github.com/23skdu/longbow/internal/store/internal/core/hnsw_gpu.go:350.16,352.33 1 0
github.com/23skdu/longbow/internal/store/internal/core/hnsw_gpu.go:352.33,354.4 1 0
github.com/23skdu/longbow/internal/store/internal/core/hnsw_gpu.go:357.3,357.32 1 0
github.com/23skdu/longbow/internal/store/internal/core/hnsw_gpu.go:357.32,359.4 1 0
github.com/23skdu/longbow/internal/store/internal/core/hnsw_gpu.go:359.9,359.40 1 0
github.com/23skdu/longbow/internal/store/internal/core/hnsw_gpu.go:359.40,361.4 1 0
github.com/23skdu/longbow/internal/store/internal/core/hnsw_gpu.go:361.9,363.4 1 0
github.com/23skdu/longbow/internal/store/internal/core/hnsw_gpu.go:365.3,365.40 1 0
github.com/23skdu/longbow/internal/store/internal/core/hnsw_gpu.go:369.2,369.32 1 0
github.com/23skdu/longbow/internal/store/internal/core/hnsw_gpu.go:369.32,371.3 1 0
github.com/23skdu/longbow/internal/store/internal/core/hnsw_gpu.go:373.2,378.41 3 0
github.com/23skdu/longbow/internal/store/internal/core/hnsw_gpu.go:378.41,383.10 3 0
github.com/23skdu/longbow/internal/store/internal/core/hnsw_gpu.go:383.10,384.12 1 0
github.com/23skdu/longbow/internal/store/internal/core/hnsw_gpu.go:386.3,389.25 2 0
github.com/23skdu/longbow/internal/store/internal/core/hnsw_gpu.go:389.25,390.12 1 0
github.com/23skdu/longbow/internal/store/internal/core/hnsw_gpu.go:393.3,397.5 1 0
github.com/23skdu/longbow/internal/store/internal/core/hnsw_gpu.go:401.2,405.21 3 0
github.com/23skdu/longbow/internal/store/internal/core/hnsw_gpu.go:405.21,407.3 1 0
github.com/23skdu/longbow/internal/store/internal/core/hnsw_gpu.go:410.2,410.34 1 0
github.com/23skdu/longbow/internal/store/internal/core/hnsw_gpu.go:410.34,412.3 1 0
github.com/23skdu/longbow/internal/store/internal/core/hnsw_gpu.go:416.2,416.45 1 0
github.com/23skdu/longbow/internal/store/internal/core/hnsw_gpu.go:416.45,418.3 1 0
github.com/23skdu/longbow/internal/store/internal/core/hnsw_gpu.go:420.2,436.54 8 0
github.com/23skdu/longbow/internal/store/internal/core/hnsw_gpu.go:436.54,438.3 1 0
github.com/23skdu/longbow/internal/store/internal/core/hnsw_gpu.go:440.2,440.28 1 0
github.com/23skdu/longbow/internal/store/internal/core/hnsw_gpu.go:444.110,447.16 3 0
github.com/23skdu/longbow/internal/store/internal/core/hnsw_gpu.go:447.16,449.3 1 0
github.com/23skdu/longbow/internal/store/internal/core/hnsw_gpu.go:451.2,454.21 3 0
github.com/23skdu/longbow/internal/store/internal/core/hnsw_gpu.go:458.110,459.26 1 0
github.com/23skdu/longbow/internal/store/internal/core/hnsw_gpu.go:459.26,461.3 1 0
github.com/23skdu/longbow/internal/store/internal/core/hnsw_gpu.go:464.2,466.31 2 0
github.com/23skdu/longbow/internal/store/internal/core/hnsw_gpu.go:466.31,469.17 2 0
github.com/23skdu/longbow/internal/store/internal/core/hnsw_gpu.go:469.17,470.12 1 0
github.com/23skdu/longbow/internal/store/internal/core/hnsw_gpu.go:474.3,475.29 2 0
github.com/23skdu/longbow/internal/store/internal/core/hnsw_gpu.go:476.18,477.44 1 0
github.com/23skdu/longbow/internal/store/internal/core/hnsw_gpu.go:478.11,480.25 1 0
github.com/23skdu/longbow/internal/store/internal/core/hnsw_gpu.go:483.3,486.5 1 0
github.com/23skdu/longbow/internal/store/internal/core/hnsw_gpu.go:490.2,490.42 1 0
github.com/23skdu/longbow/internal/store/internal/core/hnsw_gpu.go:490.42,492.3 1 0
github.com/23skdu/longbow/internal/store/internal/core/hnsw_gpu.go:494.2,494.22 1 0
github.com/23skdu/longbow/internal/store/internal/core/hnsw_gpu.go:494.22,496.3 1 0
github.com/23skdu/longbow/internal/store/internal/core/hnsw_gpu.go:497.2,497.16 1 0
github.com/23skdu/longbow/internal/store/internal/core/hnsw_gpu.go:501.63,502.23 1 0
github.com/23skdu/longbow/internal/store/internal/core/hnsw_gpu.go:502.23,505.3 2 0
github.com/23skdu/longbow/internal/store/internal/core/hnsw_gpu.go:508.2,509.44 2 0
github.com/23skdu/longbow/internal/store/internal/core/hnsw_gpu.go:509.44,512.3 2 0
github.com/23skdu/longbow/internal/store/internal/core/hnsw_gpu.go:513.2,513.12 1 0
github.com/23skdu/longbow/internal/store/internal/core/hnsw_gpu.go:517.38,529.23 7 0
github.com/23skdu/longbow/internal/store/internal/core/hnsw_gpu.go:529.23,534.3 4 0
github.com/23skdu/longbow/internal/store/internal/core/hnsw_gpu.go:536.2,536.12 1 0
github.com/23skdu/longbow/internal/store/internal/core/hnsw_gpu.go:540.41,544.2 3 1
github.com/23skdu/longbow/internal/store/internal/core/hnsw_gpu.go:547.69,550.40 3 0
github.com/23skdu/longbow/internal/store/internal/core/hnsw_gpu.go:550.40,552.3 1 0
github.com/23skdu/longbow/internal/store/internal/core/hnsw_gpu.go:553.2,553.42 1 0
github.com/23skdu/longbow/internal/store/internal/core/hnsw_gpu.go:557.70,560.40 3 0
github.com/23skdu/longbow/internal/store/internal/core/hnsw_gpu.go:560.40,562.3 1 0
github.com/23skdu/longbow/internal/store/internal/core/hnsw_gpu.go:563.2,563.37 1 0
github.com/23skdu/longbow/internal/store/internal/core/hnsw_gpu.go:567.73,568.32 1 0
github.com/23skdu/longbow/internal/store/internal/core/hnsw_gpu.go:568.32,570.3 1 0
github.com/23skdu/longbow/internal/store/internal/core/hnsw_gpu.go:571.2,571.36 1 0
github.com/23skdu/longbow/internal/store/internal/core/hnsw_gpu.go:575.52,576.32 1 0
github.com/23skdu/longbow/internal/store/internal/core/hnsw_gpu.go:576.32,578.3 1 0
github.com/23skdu/longbow/internal/store/internal/core/hnsw_gpu.go:579.2,579.55 1 0
github.com/23skdu/longbow/internal/store/internal/core/hnsw_gpu.go:583.47,587.2 0 0
github.com/23skdu/longbow/internal/store/internal/core/hnsw_gpu_build.go:23.55,31.2 1 0
github.com/23skdu/longbow/internal/store/internal/core/hnsw_gpu_build.go:57.120,58.18 1 0
github.com/23skdu/longbow/internal/store/internal/core/hnsw_gpu_build.go:58.18,60.3 1 0
github.com/23skdu/longbow/internal/store/internal/core/hnsw_gpu_build.go:62.2,70.47 2 0
github.com/23skdu/longbow/internal/store/internal/core/hnsw_gpu_build.go:70.47,72.44 2 0
github.com/23skdu/longbow/internal/store/internal/core/hnsw_gpu_build.go:72.44,77.4 1 0
github.com/23skdu/longbow/internal/store/internal/core/hnsw_gpu_build.go:78.8,79.44 1 0
github.com/23skdu/longbow/internal/store/internal/core/hnsw_gpu_build.go:79.44,82.4 1 0
github.com/23skdu/longbow/internal/store/internal/core/hnsw_gpu_build.go:85.2,85.21 1 0
github.com/23skdu/longbow/internal/store/internal/core/hnsw_gpu_build.go:88.68,92.17 3 0
github.com/23skdu/longbow/internal/store/internal/core/hnsw_gpu_build.go:92.17,94.3 1 0
github.com/23skdu/longbow/internal/store/internal/core/hnsw_gpu_build.go:96.2,98.50 2 0
github.com/23skdu/longbow/internal/store/internal/core/hnsw_gpu_build.go:98.50,100.3 1 0
github.com/23skdu/longbow/internal/store/internal/core/hnsw_gpu_build.go:102.2,102.12 1 0
github.com/23skdu/longbow/internal/store/internal/core/hnsw_gpu_build.go:105.42,109.18 3 0
github.com/23skdu/longbow/internal/store/internal/core/hnsw_gpu_build.go:109.18,111.3 1 0
github.com/23skdu/longbow/internal/store/internal/core/hnsw_gpu_build.go:113.2,114.21 2 0
github.com/23skdu/longbow/internal/store/internal/core/hnsw_gpu_build.go:117.63,121.6 3 0
github.com/23skdu/longbow/internal/store/internal/core/hnsw_gpu_build.go:121.6,122.10 1 0
github.com/23skdu/longbow/internal/store/internal/core/hnsw_gpu_build.go:123.21,124.10 1 0
github.com/23skdu/longbow/internal/store/internal/core/hnsw_gpu_build.go:125.19,126.10 1 0
github.com/23skdu/longbow/internal/store/internal/core/hnsw_gpu_build.go:127.31,128.23 1 0
github.com/23skdu/longbow/internal/store/internal/core/hnsw_gpu_build.go:129.19,129.19 0 0
github.com/23skdu/longbow/internal/store/internal/core/hnsw_gpu_build.go:134.55,135.23 1 0
github.com/23skdu/longbow/internal/store/internal/core/hnsw_gpu_build.go:135.23,138.3 2 0
github.com/23skdu/longbow/internal/store/internal/core/hnsw_gpu_build.go:140.2,143.19 3 0
github.com/23skdu/longbow/internal/store/internal/core/hnsw_gpu_build.go:143.19,146.3 2 0
github.com/23skdu/longbow/internal/store/internal/core/hnsw_gpu_build.go:148.2,150.35 3 0
github.com/23skdu/longbow/internal/store/internal/core/hnsw_gpu_build.go:150.35,152.3 1 0
github.com/23skdu/longbow/internal/store/internal/core/hnsw_gpu_build.go:154.2,157.32 3 0
github.com/23skdu/longbow/internal/store/internal/core/hnsw_gpu_build.go:157.32,160.17 3 0
github.com/23skdu/longbow/internal/store/internal/core/hnsw_gpu_build.go:160.17,162.9 2 0
github.com/23skdu/longbow/internal/store/internal/core/hnsw_gpu_build.go:164.3,164.42 1 0
github.com/23skdu/longbow/internal/store/internal/core/hnsw_gpu_build.go:167.2,175.3 4 0
github.com/23skdu/longbow/internal/store/internal/core/hnsw_gpu_build.go:178.113,181.40 2 0
github.com/23skdu/longbow/internal/store/internal/core/hnsw_gpu_build.go:181.40,183.3 1 0
github.com/23skdu/longbow/internal/store/internal/core/hnsw_gpu_build.go:185.2,186.19 2 0
github.com/23skdu/longbow/internal/store/internal/core/hnsw_gpu_build.go:186.19,188.3 1 0
github.com/23skdu/longbow/internal/store/internal/core/hnsw_gpu_build.go:190.2,191.15 2 0
github.com/23skdu/longbow/internal/store/internal/core/hnsw_gpu_build.go:191.15,193.3 1 0
github.com/23skdu/longbow/internal/store/internal/core/hnsw_gpu_build.go:195.2,195.15 1 0
github.com/23skdu/longbow/internal/store/internal/core/hnsw_gpu_build.go:195.15,199.3 3 0
github.com/23skdu/longbow/internal/store/internal/core/hnsw_gpu_build.go:201.2,202.30 2 0
github.com/23skdu/longbow/internal/store/internal/core/hnsw_gpu_build.go:202.30,203.23 1 0
github.com/23skdu/longbow/internal/store/internal/core/hnsw_gpu_build.go:203.23,205.4 1 0
github.com/23skdu/longbow/internal/store/internal/core/hnsw_gpu_build.go:206.3,206.44 1 0
github.com/23skdu/longbow/internal/store/internal/core/hnsw_gpu_build.go:209.2,210.30 2 0
github.com/23skdu/longbow/internal/store/internal/core/hnsw_gpu_build.go:210.30,212.3 1 0
github.com/23skdu/longbow/internal/store/internal/core/hnsw_gpu_build.go:214.2,215.32 2 0
github.com/23skdu/longbow/internal/store/internal/core/hnsw_gpu_build.go:215.32,218.17 3 0
github.com/23skdu/longbow/internal/store/internal/core/hnsw_gpu_build.go:218.17,221.4 2 0
github.com/23skdu/longbow/internal/store/internal/core/hnsw_gpu_build.go:223.3,224.25 2 0
github.com/23skdu/longbow/internal/store/internal/core/hnsw_gpu_build.go:224.25,229.4 1 0
github.com/23skdu/longbow/internal/store/internal/core/hnsw_gpu_build.go:230.3,230.52 1 0
github.com/23skdu/longbow/internal/store/internal/core/hnsw_gpu_build.go:233.2,233.30 1 0
github.com/23skdu/longbow/internal/store/internal/core/hnsw_gpu_build.go:233.30,237.79 3 0
github.com/23skdu/longbow/internal/store/internal/core/hnsw_gpu_build.go:237.79,239.4 1 0
github.com/23skdu/longbow/internal/store/internal/core/hnsw_gpu_build.go:242.2,242.12 1 0
github.com/23skdu/longbow/internal/store/internal/core/hnsw_gpu_build.go:245.115,247.17 2 0
github.com/23skdu/longbow/internal/store/internal/core/hnsw_gpu_build.go:247.17,249.3 1 0
github.com/23skdu/longbow/internal/store/internal/core/hnsw_gpu_build.go:251.2,252.15 2 0
github.com/23skdu/longbow/internal/store/internal/core/hnsw_gpu_build.go:252.15,254.3 1 0
github.com/23skdu/longbow/internal/store/internal/core/hnsw_gpu_build.go:256.2,256.48 1 0
github.com/23skdu/longbow/internal/store/internal/core/hnsw_gpu_build.go:256.48,258.3 1 0
github.com/23skdu/longbow/internal/store/internal/core/hnsw_gpu_build.go:260.2,263.24 4 0
github.com/23skdu/longbow/internal/store/internal/core/hnsw_gpu_build.go:263.24,265.3 1 0
github.com/23skdu/longbow/internal/store/internal/core/hnsw_gpu_build.go:267.2,269.34 3 0
github.com/23skdu/longbow/internal/store/internal/core/hnsw_gpu_build.go:269.34,271.10 2 0
github.com/23skdu/longbow/internal/store/internal/core/hnsw_gpu_build.go:271.10,272.12 1 0
github.com/23skdu/longbow/internal/store/internal/core/hnsw_gpu_build.go:274.3,275.30 2 0
github.com/23skdu/longbow/internal/store/internal/core/hnsw_gpu_build.go:275.30,276.12 1 0
github.com/23skdu/longbow/internal/store/internal/core/hnsw_gpu_build.go:279.3,279.48 1 0
github.com/23skdu/longbow/internal/store/internal/core/hnsw_gpu_build.go:279.48,282.4 2 0
github.com/23skdu/longbow/internal/store/internal/core/hnsw_gpu_build.go:285.2,286.15 2 0
github.com/23skdu/longbow/internal/store/internal/core/hnsw_gpu_build.go:286.15,288.9 2 0
github.com/23skdu/longbow/internal/store/internal/core/hnsw_gpu_build.go:288.9,289.81 1 0
github.com/23skdu/longbow/internal/store/internal/core/hnsw_gpu_build.go:289.81,291.5 1 0
github.com/23skdu/longbow/internal/store/internal/core/hnsw_gpu_build.go:295.2,297.32 2 0
github.com/23skdu/longbow/internal/store/internal/core/hnsw_gpu_build.go:297.32,299.17 2 0
github.com/23skdu/longbow/internal/store/internal/core/hnsw_gpu_build.go:299.17,301.4 1 0
github.com/23skdu/longbow/internal/store/internal/core/hnsw_gpu_build.go:302.3,302.25 1 0
github.com/23skdu/longbow/internal/store/internal/core/hnsw_gpu_build.go:302.25,304.4 1 0
github.com/23skdu/longbow/internal/store/internal/core/hnsw_gpu_build.go:307.2,307.14 1 0
github.com/23skdu/longbow/internal/store/internal/core/hnsw_gpu_build.go:307.14,310.3 2 0
github.com/23skdu/longbow/internal/store/internal/core/hnsw_gpu_build.go:310.8,311.42 1 0
github.com/23skdu/longbow/internal/store/internal/core/hnsw_gpu_build.go:311.42,314.18 3 0
github.com/23skdu/longbow/internal/store/internal/core/hnsw_gpu_build.go:314.18,316.5 1 0
github.com/23skdu/longbow/internal/store/internal/core/hnsw_gpu_build.go:318.4,319.14 2 0
github.com/23skdu/longbow/internal/store/internal/core/hnsw_gpu_build.go:319.14,321.5 1 0
github.com/23skdu/longbow/internal/store/internal/core/hnsw_gpu_build.go:322.4,326.14 4 0
github.com/23skdu/longbow/internal/store/internal/core/hnsw_gpu_build.go:326.14,328.5 1 0
github.com/23skdu/longbow/internal/store/internal/core/hnsw_gpu_build.go:330.4,330.31 1 0
github.com/23skdu/longbow/internal/store/internal/core/hnsw_gpu_build.go:330.31,333.5 2 0
github.com/23skdu/longbow/internal/store/internal/core/hnsw_gpu_build.go:335.4,337.25 2 0
github.com/23skdu/longbow/internal/store/internal/core/hnsw_gpu_build.go:337.25,339.5 1 0
github.com/23skdu/longbow/internal/store/internal/core/hnsw_gpu_build.go:343.2,344.12 2 0
github.com/23skdu/longbow/internal/store/internal/core/hnsw_gpu_build.go:347.88,348.30 1 0
github.com/23skdu/longbow/internal/store/internal/core/hnsw_gpu_build.go:348.30,350.60 2 0
github.com/23skdu/longbow/internal/store/internal/core/hnsw_gpu_build.go:350.60,352.4 1 0
github.com/23skdu/longbow/internal/store/internal/core/hnsw_gpu_build.go:354.2,354.12 1 0
github.com/23skdu/longbow/internal/store/internal/core/hnsw_gpu_build.go:357.83,358.26 1 0
github.com/23skdu/longbow/internal/store/internal/core/hnsw_gpu_build.go:358.26,360.3 1 0
github.com/23skdu/longbow/internal/store/internal/core/hnsw_gpu_build.go:362.2,362.41 1 0
github.com/23skdu/longbow/internal/store/internal/core/hnsw_gpu_build.go:362.41,363.44 1 0
github.com/23skdu/longbow/internal/store/internal/core/hnsw_gpu_build.go:363.44,364.47 1 0
github.com/23skdu/longbow/internal/store/internal/core/hnsw_gpu_build.go:364.47,366.5 1 0
github.com/23skdu/longbow/internal/store/internal/core/hnsw_gpu_build.go:370.2,370.23 1 0
github.com/23skdu/longbow/internal/store/internal/core/hnsw_gpu_build.go:373.152,377.16 3 0
github.com/23skdu/longbow/internal/store/internal/core/hnsw_gpu_build.go:377.16,379.3 1 0
github.com/23skdu/longbow/internal/store/internal/core/hnsw_gpu_build.go:381.2,381.51 1 0
github.com/23skdu/longbow/internal/store/internal/core/hnsw_gpu_build.go:381.51,383.3 1 0
github.com/23skdu/longbow/internal/store/internal/core/hnsw_gpu_build.go:384.2,388.20 4 0
github.com/23skdu/longbow/internal/store/internal/core/hnsw_gpu_build.go:388.20,390.3 1 0
github.com/23skdu/longbow/internal/store/internal/core/hnsw_gpu_build.go:392.2,392.43 1 0
github.com/23skdu/longbow/internal/store/internal/core/hnsw_gpu_build.go:392.43,394.21 2 0
github.com/23skdu/longbow/internal/store/internal/core/hnsw_gpu_build.go:394.21,396.4 1 0
github.com/23skdu/longbow/internal/store/internal/core/hnsw_gpu_build.go:398.3,407.10 4 0
github.com/23skdu/longbow/internal/store/internal/core/hnsw_gpu_build.go:408.37,409.25 1 0
github.com/23skdu/longbow/internal/store/internal/core/hnsw_gpu_build.go:409.25,411.72 2 0
github.com/23skdu/longbow/internal/store/internal/core/hnsw_gpu_build.go:411.72,413.6 1 0
github.com/23skdu/longbow/internal/store/internal/core/hnsw_gpu_build.go:415.21,416.20 1 0
github.com/23skdu/longbow/internal/store/internal/core/hnsw_gpu_build.go:419.3,419.81 1 0
github.com/23skdu/longbow/internal/store/internal/core/hnsw_gpu_build.go:419.81,425.4 1 0
github.com/23skdu/longbow/internal/store/internal/core/hnsw_gpu_build.go:428.2,432.43 4 0
github.com/23skdu/longbow/internal/store/internal/core/hnsw_gpu_build.go:432.43,438.3 1 0
github.com/23skdu/longbow/internal/store/internal/core/hnsw_gpu_build.go:440.2,440.12 1 0
github.com/23skdu/longbow/internal/store/internal/core/hnsw_graph_sync.go:22.65,26.2 1 1
github.com/23skdu/longbow/internal/store/internal/core/hnsw_graph_sync.go:29.55,34.16 4 1
github.com/23skdu/longbow/internal/store/internal/core/hnsw_graph_sync.go:34.16,36.3 1 0
github.com/23skdu/longbow/internal/store/internal/core/hnsw_graph_sync.go:38.2,40.18 3 1
github.com/23skdu/longbow/internal/store/internal/core/hnsw_graph_sync.go:44.56,48.50 3 1
github.com/23skdu/longbow/internal/store/internal/core/hnsw_graph_sync.go:48.50,50.3 1 0
github.com/23skdu/longbow/internal/store/internal/core/hnsw_graph_sync.go:58.2,60.12 3 1
github.com/23skdu/longbow/internal/store/internal/core/hnsw_graph_sync.go:64.56,66.2 1 1
github.com/23skdu/longbow/internal/store/internal/core/hnsw_graph_sync.go:69.56,71.2 1 1
github.com/23skdu/longbow/internal/store/internal/core/hnsw_graph_sync.go:74.45,76.2 1 1
github.com/23skdu/longbow/internal/store/internal/core/hnsw_graph_sync.go:79.44,81.2 1 1
github.com/23skdu/longbow/internal/store/internal/core/hnsw_graph_sync.go:84.83,89.16 4 1
github.com/23skdu/longbow/internal/store/internal/core/hnsw_graph_sync.go:89.16,91.3 1 0
github.com/23skdu/longbow/internal/store/internal/core/hnsw_graph_sync.go:93.2,94.19 2 1
github.com/23skdu/longbow/internal/store/internal/core/hnsw_graph_sync.go:98.66,102.50 3 1
github.com/23skdu/longbow/internal/store/internal/core/hnsw_graph_sync.go:102.50,104.3 1 0
github.com/23skdu/longbow/internal/store/internal/core/hnsw_graph_sync.go:106.2,108.12 3 1
github.com/23skdu/longbow/internal/store/internal/core/hnsw_graph_sync.go:112.49,114.2 1 1
github.com/23skdu/longbow/internal/store/internal/core/hnsw_graph_sync.go:117.49,119.2 1 0
github.com/23skdu/longbow/internal/store/internal/core/hnsw_lockfree.go:52.38,58.2 3 1
github.com/23skdu/longbow/internal/store/internal/core/hnsw_lockfree.go:60.65,62.9 2 1
github.com/23skdu/longbow/internal/store/internal/core/hnsw_lockfree.go:62.9,64.3 1 0
github.com/23skdu/longbow/internal/store/internal/core/hnsw_lockfree.go:65.2,65.26 1 1
github.com/23skdu/longbow/internal/store/internal/core/hnsw_lockfree.go:68.76,70.15 2 1
github.com/23skdu/longbow/internal/store/internal/core/hnsw_lockfree.go:70.15,72.3 1 0
github.com/23skdu/longbow/internal/store/internal/core/hnsw_lockfree.go:75.2,77.16 3 1
github.com/23skdu/longbow/internal/store/internal/core/hnsw_lockfree.go:77.16,79.3 1 0
github.com/23skdu/longbow/internal/store/internal/core/hnsw_lockfree.go:81.2,83.46 2 1
github.com/23skdu/longbow/internal/store/internal/core/hnsw_lockfree.go:83.46,85.15 2 1
github.com/23skdu/longbow/internal/store/internal/core/hnsw_lockfree.go:85.15,89.36 4 1
github.com/23skdu/longbow/internal/store/internal/core/hnsw_lockfree.go:89.36,91.5 1 1
github.com/23skdu/longbow/internal/store/internal/core/hnsw_lockfree.go:92.4,94.37 2 1
github.com/23skdu/longbow/internal/store/internal/core/hnsw_lockfree.go:94.37,96.21 2 1
github.com/23skdu/longbow/internal/store/internal/core/hnsw_lockfree.go:96.21,97.14 1 0
github.com/23skdu/longbow/internal/store/internal/core/hnsw_lockfree.go:99.5,100.19 2 1
github.com/23skdu/longbow/internal/store/internal/core/hnsw_lockfree.go:100.19,102.6 1 0
github.com/23skdu/longbow/internal/store/internal/core/hnsw_lockfree.go:103.5,103.17 1 1
github.com/23skdu/longbow/internal/store/internal/core/hnsw_lockfree.go:103.17,107.6 3 1
github.com/23skdu/longbow/internal/store/internal/core/hnsw_lockfree.go:115.2,115.37 1 1
github.com/23skdu/longbow/internal/store/internal/core/hnsw_lockfree.go:118.62,127.30 3 1
github.com/23skdu/longbow/internal/store/internal/core/hnsw_lockfree.go:127.30,129.3 1 1
github.com/23skdu/longbow/internal/store/internal/core/hnsw_lockfree.go:131.2,134.6 2 1
github.com/23skdu/longbow/internal/store/internal/core/hnsw_lockfree.go:134.6,136.16 2 1
github.com/23skdu/longbow/internal/store/internal/core/hnsw_lockfree.go:136.16,137.46 1 1
github.com/23skdu/longbow/internal/store/internal/core/hnsw_lockfree.go:137.46,140.5 2 1
github.com/23skdu/longbow/internal/store/internal/core/hnsw_lockfree.go:141.4,141.12 1 0
github.com/23skdu/longbow/internal/store/internal/core/hnsw_lockfree.go:145.3,151.19 3 1
github.com/23skdu/longbow/internal/store/internal/core/hnsw_lockfree.go:151.19,158.4 4 1
github.com/23skdu/longbow/internal/store/internal/core/hnsw_lockfree.go:164.3,164.42 1 1
github.com/23skdu/longbow/internal/store/internal/core/hnsw_lockfree.go:164.42,169.4 2 1
github.com/23skdu/longbow/internal/store/internal/core/hnsw_lockfree.go:170.3,170.9 1 1
github.com/23skdu/longbow/internal/store/internal/core/hnsw_lockfree.go:174.42,176.47 2 1
github.com/23skdu/longbow/internal/store/internal/core/hnsw_lockfree.go:176.47,178.3 1 1
github.com/23skdu/longbow/internal/store/internal/core/hnsw_lockfree.go:179.2,179.12 1 1
github.com/23skdu/longbow/internal/store/internal/core/hnsw_lockfree.go:182.60,183.41 1 1
github.com/23skdu/longbow/internal/store/internal/core/hnsw_lockfree.go:183.41,185.3 1 1
github.com/23skdu/longbow/internal/store/internal/core/hnsw_lockfree.go:187.2,190.44 3 1
github.com/23skdu/longbow/internal/store/internal/core/hnsw_lockfree.go:190.44,192.3 1 1
github.com/23skdu/longbow/internal/store/internal/core/hnsw_repair.go:18.78,21.15 3 1
github.com/23skdu/longbow/internal/store/internal/core/hnsw_repair.go:21.15,25.3 3 1
github.com/23skdu/longbow/internal/store/internal/core/hnsw_repair.go:27.2,28.17 2 1
github.com/23skdu/longbow/internal/store/internal/core/hnsw_repair.go:28.17,30.3 1 0
github.com/23skdu/longbow/internal/store/internal/core/hnsw_repair.go:32.2,39.29 5 1
github.com/23skdu/longbow/internal/store/internal/core/hnsw_repair.go:39.29,41.17 1 1
github.com/23skdu/longbow/internal/store/internal/core/hnsw_repair.go:41.17,42.11 1 1
github.com/23skdu/longbow/internal/store/internal/core/hnsw_repair.go:43.22,44.20 1 0
github.com/23skdu/longbow/internal/store/internal/core/hnsw_repair.go:45.12,45.12 0 1
github.com/23skdu/longbow/internal/store/internal/core/hnsw_repair.go:49.3,50.30 2 1
github.com/23skdu/longbow/internal/store/internal/core/hnsw_repair.go:50.30,52.12 1 1
github.com/23skdu/longbow/internal/store/internal/core/hnsw_repair.go:56.3,56.51 1 1
github.com/23skdu/longbow/internal/store/internal/core/hnsw_repair.go:56.51,65.109 4 1
github.com/23skdu/longbow/internal/store/internal/core/hnsw_repair.go:65.109,66.13 1 0
github.com/23skdu/longbow/internal/store/internal/core/hnsw_repair.go:70.4,78.51 5 1
github.com/23skdu/longbow/internal/store/internal/core/hnsw_repair.go:78.51,79.13 1 0
github.com/23skdu/longbow/internal/store/internal/core/hnsw_repair.go:82.4,84.18 3 1
github.com/23skdu/longbow/internal/store/internal/core/hnsw_repair.go:84.18,85.13 1 1
github.com/23skdu/longbow/internal/store/internal/core/hnsw_repair.go:89.4,90.27 2 1
github.com/23skdu/longbow/internal/store/internal/core/hnsw_repair.go:90.27,91.13 1 0
github.com/23skdu/longbow/internal/store/internal/core/hnsw_repair.go:95.4,98.41 3 1
github.com/23skdu/longbow/internal/store/internal/core/hnsw_repair.go:98.41,99.39 1 1
github.com/23skdu/longbow/internal/store/internal/core/hnsw_repair.go:99.39,102.6 2 1
github.com/23skdu/longbow/internal/store/internal/core/hnsw_repair.go:105.4,105.21 1 1
github.com/23skdu/longbow/internal/store/internal/core/hnsw_repair.go:105.21,107.13 1 1
github.com/23skdu/longbow/internal/store/internal/core/hnsw_repair.go:108.10,118.42 4 1
github.com/23skdu/longbow/internal/store/internal/core/hnsw_repair.go:118.42,119.41 1 1
github.com/23skdu/longbow/internal/store/internal/core/hnsw_repair.go:119.41,121.21 2 1
github.com/23skdu/longbow/internal/store/internal/core/hnsw_repair.go:121.21,123.8 1 0
github.com/23skdu/longbow/internal/store/internal/core/hnsw_repair.go:124.7,125.43 2 1
github.com/23skdu/longbow/internal/store/internal/core/hnsw_repair.go:129.5,132.41 2 1
github.com/23skdu/longbow/internal/store/internal/core/hnsw_repair.go:132.41,137.77 3 1
github.com/23skdu/longbow/internal/store/internal/core/hnsw_repair.go:137.77,138.15 1 0
github.com/23skdu/longbow/internal/store/internal/core/hnsw_repair.go:140.6,142.45 3 1
github.com/23skdu/longbow/internal/store/internal/core/hnsw_repair.go:142.45,143.15 1 0
github.com/23skdu/longbow/internal/store/internal/core/hnsw_repair.go:146.6,149.34 3 1
github.com/23skdu/longbow/internal/store/internal/core/hnsw_repair.go:149.34,151.29 2 1
github.com/23skdu/longbow/internal/store/internal/core/hnsw_repair.go:151.29,152.16 1 1
github.com/23skdu/longbow/internal/store/internal/core/hnsw_repair.go:154.7,154.42 1 1
github.com/23skdu/longbow/internal/store/internal/core/hnsw_repair.go:154.42,155.16 1 1
github.com/23skdu/longbow/internal/store/internal/core/hnsw_repair.go:157.7,157.50 1 1
github.com/23skdu/longbow/internal/store/internal/core/hnsw_repair.go:157.50,158.16 1 1
github.com/23skdu/longbow/internal/store/internal/core/hnsw_repair.go:161.7,163.33 3 1
github.com/23skdu/longbow/internal/store/internal/core/hnsw_repair.go:163.33,165.22 2 1
github.com/23skdu/longbow/internal/store/internal/core/hnsw_repair.go:165.22,167.9 1 0
github.com/23skdu/longbow/internal/store/internal/core/hnsw_repair.go:168.8,169.45 2 1
github.com/23skdu/longbow/internal/store/internal/core/hnsw_repair.go:175.5,176.17 2 1
github.com/23skdu/longbow/internal/store/internal/core/hnsw_repair.go:176.17,178.6 1 1
github.com/23skdu/longbow/internal/store/internal/core/hnsw_repair.go:179.5,180.17 2 1
github.com/23skdu/longbow/internal/store/internal/core/hnsw_repair.go:180.17,182.6 1 1
github.com/23skdu/longbow/internal/store/internal/core/hnsw_repair.go:184.5,185.38 2 1
github.com/23skdu/longbow/internal/store/internal/core/hnsw_repair.go:185.38,188.6 2 1
github.com/23skdu/longbow/internal/store/internal/core/hnsw_repair.go:190.5,198.34 6 1
github.com/23skdu/longbow/internal/store/internal/core/hnsw_repair.go:198.34,199.29 1 1
github.com/23skdu/longbow/internal/store/internal/core/hnsw_repair.go:199.29,200.12 1 0
github.com/23skdu/longbow/internal/store/internal/core/hnsw_repair.go:202.6,203.16 2 1
github.com/23skdu/longbow/internal/store/internal/core/hnsw_repair.go:206.5,206.41 1 1
github.com/23skdu/longbow/internal/store/internal/core/hnsw_repair.go:206.41,208.6 1 1
github.com/23skdu/longbow/internal/store/internal/core/hnsw_repair.go:210.5,217.40 5 1
github.com/23skdu/longbow/internal/store/internal/core/hnsw_repair.go:219.4,219.37 1 1
github.com/23skdu/longbow/internal/store/internal/core/hnsw_repair.go:223.2,223.17 1 1
github.com/23skdu/longbow/internal/store/internal/core/hnsw_repair.go:226.71,228.35 2 1
github.com/23skdu/longbow/internal/store/internal/core/hnsw_repair.go:228.35,230.3 1 1
github.com/23skdu/longbow/internal/store/internal/core/hnsw_repair.go:231.2,231.12 1 0
github.com/23skdu/longbow/internal/store/internal/core/hnsw_repair_agent.go:22.51,28.2 1 0
github.com/23skdu/longbow/internal/store/internal/core/hnsw_repair_agent.go:42.78,44.30 1 1
github.com/23skdu/longbow/internal/store/internal/core/hnsw_repair_agent.go:44.30,46.3 1 1
github.com/23skdu/longbow/internal/store/internal/core/hnsw_repair_agent.go:47.2,47.36 1 1
github.com/23skdu/longbow/internal/store/internal/core/hnsw_repair_agent.go:47.36,49.3 1 1
github.com/23skdu/longbow/internal/store/internal/core/hnsw_repair_agent.go:51.2,55.3 1 1
github.com/23skdu/longbow/internal/store/internal/core/hnsw_repair_agent.go:59.31,60.23 1 1
github.com/23skdu/longbow/internal/store/internal/core/hnsw_repair_agent.go:60.23,62.3 1 1
github.com/23skdu/longbow/internal/store/internal/core/hnsw_repair_agent.go:64.2,64.26 1 1
github.com/23skdu/longbow/internal/store/internal/core/hnsw_repair_agent.go:64.26,66.3 1 0
github.com/23skdu/longbow/internal/store/internal/core/hnsw_repair_agent.go:68.2,69.12 2 1
github.com/23skdu/longbow/internal/store/internal/core/hnsw_repair_agent.go:73.30,74.28 1 1
github.com/23skdu/longbow/internal/store/internal/core/hnsw_repair_agent.go:74.28,76.3 1 1
github.com/23skdu/longbow/internal/store/internal/core/hnsw_repair_agent.go:78.2,79.13 2 1
github.com/23skdu/longbow/internal/store/internal/core/hnsw_repair_agent.go:83.29,89.6 4 1
github.com/23skdu/longbow/internal/store/internal/core/hnsw_repair_agent.go:89.6,90.10 1 1
github.com/23skdu/longbow/internal/store/internal/core/hnsw_repair_agent.go:91.19,92.10 1 1
github.com/23skdu/longbow/internal/store/internal/core/hnsw_repair_agent.go:93.19,94.22 1 1
github.com/23skdu/longbow/internal/store/internal/core/hnsw_repair_agent.go:100.44,101.20 1 1
github.com/23skdu/longbow/internal/store/internal/core/hnsw_repair_agent.go:101.20,103.3 1 0
github.com/23skdu/longbow/internal/store/internal/core/hnsw_repair_agent.go:105.2,106.28 2 1
github.com/23skdu/longbow/internal/store/internal/core/hnsw_repair_agent.go:106.28,108.3 1 0
github.com/23skdu/longbow/internal/store/internal/core/hnsw_repair_agent.go:110.2,116.22 4 1
github.com/23skdu/longbow/internal/store/internal/core/hnsw_repair_agent.go:116.22,118.3 1 1
github.com/23skdu/longbow/internal/store/internal/core/hnsw_repair_agent.go:121.2,122.33 2 1
github.com/23skdu/longbow/internal/store/internal/core/hnsw_repair_agent.go:122.33,123.46 1 1
github.com/23skdu/longbow/internal/store/internal/core/hnsw_repair_agent.go:123.46,124.9 1 1
github.com/23skdu/longbow/internal/store/internal/core/hnsw_repair_agent.go:127.3,128.13 2 1
github.com/23skdu/longbow/internal/store/internal/core/hnsw_repair_agent.go:131.2,131.18 1 1
github.com/23skdu/longbow/internal/store/internal/core/hnsw_repair_agent.go:131.18,133.3 1 1
github.com/23skdu/longbow/internal/store/internal/core/hnsw_repair_agent.go:135.2,137.17 2 1
github.com/23skdu/longbow/internal/store/internal/core/hnsw_repair_agent.go:141.48,142.20 1 1
github.com/23skdu/longbow/internal/store/internal/core/hnsw_repair_agent.go:142.20,144.3 1 0
github.com/23skdu/longbow/internal/store/internal/core/hnsw_repair_agent.go:146.2,148.17 3 1
github.com/23skdu/longbow/internal/store/internal/core/hnsw_repair_agent.go:148.17,150.3 1 0
github.com/23skdu/longbow/internal/store/internal/core/hnsw_repair_agent.go:152.2,153.20 2 1
github.com/23skdu/longbow/internal/store/internal/core/hnsw_repair_agent.go:153.20,155.3 1 1
github.com/23skdu/longbow/internal/store/internal/core/hnsw_repair_agent.go:158.2,163.38 4 1
github.com/23skdu/longbow/internal/store/internal/core/hnsw_repair_agent.go:163.38,166.3 1 1
github.com/23skdu/longbow/internal/store/internal/core/hnsw_repair_agent.go:166.8,166.43 1 0
github.com/23skdu/longbow/internal/store/internal/core/hnsw_repair_agent.go:166.43,168.3 1 0
github.com/23skdu/longbow/internal/store/internal/core/hnsw_repair_agent.go:171.2,171.21 1 1
github.com/23skdu/longbow/internal/store/internal/core/hnsw_repair_agent.go:171.21,175.25 3 1
github.com/23skdu/longbow/internal/store/internal/core/hnsw_repair_agent.go:175.25,176.12 1 1
github.com/23skdu/longbow/internal/store/internal/core/hnsw_repair_agent.go:178.3,181.40 2 1
github.com/23skdu/longbow/internal/store/internal/core/hnsw_repair_agent.go:181.40,182.12 1 1
github.com/23skdu/longbow/internal/store/internal/core/hnsw_repair_agent.go:186.3,187.38 2 1
github.com/23skdu/longbow/internal/store/internal/core/hnsw_repair_agent.go:187.38,188.67 1 1
github.com/23skdu/longbow/internal/store/internal/core/hnsw_repair_agent.go:188.67,190.5 1 1
github.com/23skdu/longbow/internal/store/internal/core/hnsw_repair_agent.go:195.2,196.33 2 1
github.com/23skdu/longbow/internal/store/internal/core/hnsw_repair_agent.go:196.33,198.62 2 1
github.com/23skdu/longbow/internal/store/internal/core/hnsw_repair_agent.go:198.62,200.4 1 1
github.com/23skdu/longbow/internal/store/internal/core/hnsw_repair_agent.go:203.2,203.16 1 1
github.com/23skdu/longbow/internal/store/internal/core/hnsw_repair_agent.go:207.62,208.20 1 1
github.com/23skdu/longbow/internal/store/internal/core/hnsw_repair_agent.go:208.20,210.3 1 0
github.com/23skdu/longbow/internal/store/internal/core/hnsw_repair_agent.go:212.2,213.17 2 1
github.com/23skdu/longbow/internal/store/internal/core/hnsw_repair_agent.go:213.17,215.3 1 0
github.com/23skdu/longbow/internal/store/internal/core/hnsw_repair_agent.go:218.2,219.25 2 1
github.com/23skdu/longbow/internal/store/internal/core/hnsw_repair_agent.go:219.25,221.3 1 0
github.com/23skdu/longbow/internal/store/internal/core/hnsw_repair_agent.go:222.2,223.15 2 1
github.com/23skdu/longbow/internal/store/internal/core/hnsw_repair_agent.go:223.15,225.3 1 0
github.com/23skdu/longbow/internal/store/internal/core/hnsw_repair_agent.go:229.2,238.33 5 1
github.com/23skdu/longbow/internal/store/internal/core/hnsw_repair_agent.go:238.33,240.23 2 1
github.com/23skdu/longbow/internal/store/internal/core/hnsw_repair_agent.go:240.23,241.12 1 1
github.com/23skdu/longbow/internal/store/internal/core/hnsw_repair_agent.go:243.3,243.39 1 1
github.com/23skdu/longbow/internal/store/internal/core/hnsw_repair_agent.go:243.39,244.12 1 1
github.com/23skdu/longbow/internal/store/internal/core/hnsw_repair_agent.go:247.3,248.24 2 1
github.com/23skdu/longbow/internal/store/internal/core/hnsw_repair_agent.go:248.24,249.12 1 0
github.com/23skdu/longbow/internal/store/internal/core/hnsw_repair_agent.go:251.3,252.14 2 1
github.com/23skdu/longbow/internal/store/internal/core/hnsw_repair_agent.go:252.14,253.12 1 0
github.com/23skdu/longbow/internal/store/internal/core/hnsw_repair_agent.go:257.3,258.17 2 1
github.com/23skdu/longbow/internal/store/internal/core/hnsw_repair_agent.go:258.17,260.4 1 0
github.com/23skdu/longbow/internal/store/internal/core/hnsw_repair_agent.go:261.3,261.69 1 1
github.com/23skdu/longbow/internal/store/internal/core/hnsw_repair_agent.go:266.2,266.25 1 1
github.com/23skdu/longbow/internal/store/internal/core/hnsw_repair_agent.go:266.25,268.49 1 1
github.com/23skdu/longbow/internal/store/internal/core/hnsw_repair_agent.go:268.49,270.45 2 1
github.com/23skdu/longbow/internal/store/internal/core/hnsw_repair_agent.go:270.45,271.53 1 1
github.com/23skdu/longbow/internal/store/internal/core/hnsw_repair_agent.go:271.53,273.6 1 1
github.com/23skdu/longbow/internal/store/internal/core/hnsw_repair_agent.go:275.4,275.19 1 1
github.com/23skdu/longbow/internal/store/internal/core/hnsw_repair_agent.go:275.19,277.5 1 1
github.com/23skdu/longbow/internal/store/internal/core/hnsw_repair_agent.go:279.3,279.30 1 1
github.com/23skdu/longbow/internal/store/internal/core/hnsw_repair_agent.go:283.2,287.16 4 1
github.com/23skdu/longbow/internal/store/internal/core/hnsw_repair_agent.go:287.16,289.3 1 1
github.com/23skdu/longbow/internal/store/internal/core/hnsw_repair_agent.go:291.2,291.31 1 1
github.com/23skdu/longbow/internal/store/internal/core/hnsw_repair_agent.go:291.31,296.3 2 1
github.com/23skdu/longbow/internal/store/internal/core/hnsw_repair_integration.go:7.65,8.26 1 0
github.com/23skdu/longbow/internal/store/internal/core/hnsw_repair_integration.go:8.26,10.3 1 0
github.com/23skdu/longbow/internal/store/internal/core/hnsw_repair_integration.go:12.2,14.23 3 0
github.com/23skdu/longbow/internal/store/internal/core/hnsw_repair_integration.go:18.42,19.26 1 0
github.com/23skdu/longbow/internal/store/internal/core/hnsw_repair_integration.go:19.26,21.3 1 0
github.com/23skdu/longbow/internal/store/internal/core/hnsw_repair_worker.go:11.99,12.12 1 0
github.com/23skdu/longbow/internal/store/internal/core/hnsw_repair_worker.go:12.12,16.7 3 0
github.com/23skdu/longbow/internal/store/internal/core/hnsw_repair_worker.go:16.7,17.11 1 0
github.com/23skdu/longbow/internal/store/internal/core/hnsw_repair_worker.go:18.22,19.11 1 0
github.com/23skdu/longbow/internal/store/internal/core/hnsw_repair_worker.go:20.20,23.18 2 0
github.com/23skdu/longbow/internal/store/internal/core/hnsw_repair_worker.go:23.18,26.6 2 0
github.com/23skdu/longbow/internal/store/internal/core/hnsw_repair_worker.go:26.11,26.25 1 0
github.com/23skdu/longbow/internal/store/internal/core/hnsw_repair_worker.go:26.25,28.6 1 0
github.com/23skdu/longbow/internal/store/internal/core/hnsw_top_layers.go:22.57,26.44 2 1
github.com/23skdu/longbow/internal/store/internal/core/hnsw_top_layers.go:26.44,28.3 1 1
github.com/23skdu/longbow/internal/store/internal/core/hnsw_top_layers.go:29.2,29.12 1 1
github.com/23skdu/longbow/internal/store/internal/core/hnsw_top_layers.go:34.81,35.60 1 1
github.com/23skdu/longbow/internal/store/internal/core/hnsw_top_layers.go:35.60,37.3 1 1
github.com/23skdu/longbow/internal/store/internal/core/hnsw_top_layers.go:39.2,40.9 2 1
github.com/23skdu/longbow/internal/store/internal/core/hnsw_top_layers.go:40.9,42.3 1 1
github.com/23skdu/longbow/internal/store/internal/core/hnsw_top_layers.go:44.2,46.16 3 1
github.com/23skdu/longbow/internal/store/internal/core/hnsw_top_layers.go:46.16,48.3 1 0
github.com/23skdu/longbow/internal/store/internal/core/hnsw_top_layers.go:49.2,49.22 1 1
github.com/23skdu/longbow/internal/store/internal/core/hnsw_top_layers.go:54.85,55.60 1 1
github.com/23skdu/longbow/internal/store/internal/core/hnsw_top_layers.go:55.60,57.3 1 1
github.com/23skdu/longbow/internal/store/internal/core/hnsw_top_layers.go:59.2,62.6 3 1
github.com/23skdu/longbow/internal/store/internal/core/hnsw_top_layers.go:62.6,65.20 3 1
github.com/23skdu/longbow/internal/store/internal/core/hnsw_top_layers.go:65.20,67.4 1 1
github.com/23skdu/longbow/internal/store/internal/core/hnsw_top_layers.go:67.9,69.39 1 1
github.com/23skdu/longbow/internal/store/internal/core/hnsw_top_layers.go:69.39,70.20 1 1
github.com/23skdu/longbow/internal/store/internal/core/hnsw_top_layers.go:70.20,72.6 1 0
github.com/23skdu/longbow/internal/store/internal/core/hnsw_top_layers.go:74.4,74.51 1 1
github.com/23skdu/longbow/internal/store/internal/core/hnsw_top_layers.go:74.51,76.5 1 0
github.com/23skdu/longbow/internal/store/internal/core/hnsw_top_layers.go:77.4,79.48 3 1
github.com/23skdu/longbow/internal/store/internal/core/hnsw_top_layers.go:82.3,83.41 2 1
github.com/23skdu/longbow/internal/store/internal/core/hnsw_top_layers.go:83.41,87.4 2 1
github.com/23skdu/longbow/internal/store/internal/core/hnsw_top_layers.go:94.66,95.60 1 1
github.com/23skdu/longbow/internal/store/internal/core/hnsw_top_layers.go:95.60,97.3 1 1
github.com/23skdu/longbow/internal/store/internal/core/hnsw_top_layers.go:98.2,98.30 1 0
github.com/23skdu/longbow/internal/store/internal/core/hnsw_top_layers.go:103.73,105.2 1 1
github.com/23skdu/longbow/internal/store/internal/core/hnsw_top_layers.go:108.94,111.15 2 1
github.com/23skdu/longbow/internal/store/internal/core/hnsw_top_layers.go:111.15,113.3 1 1
github.com/23skdu/longbow/internal/store/internal/core/hnsw_top_layers.go:116.2,117.92 2 1
github.com/23skdu/longbow/internal/store/internal/core/hnsw_top_layers.go:117.92,118.72 1 1
github.com/23skdu/longbow/internal/store/internal/core/hnsw_top_layers.go:118.72,120.4 1 1
github.com/23skdu/longbow/internal/store/internal/core/hnsw_top_layers.go:124.2,124.17 1 1
github.com/23skdu/longbow/internal/store/internal/core/hnsw_top_layers.go:124.17,126.25 2 1
github.com/23skdu/longbow/internal/store/internal/core/hnsw_top_layers.go:126.25,128.4 1 1
github.com/23skdu/longbow/internal/store/internal/core/hnsw_top_layers.go:132.2,132.15 1 1
github.com/23skdu/longbow/internal/store/internal/core/hnsw_top_layers.go:132.15,134.3 1 1
github.com/23skdu/longbow/internal/store/internal/core/hnsw_top_layers.go:135.2,135.15 1 1
github.com/23skdu/longbow/internal/store/internal/core/hnsw_top_layers.go:135.15,137.3 1 0
github.com/23skdu/longbow/internal/store/internal/core/hnsw_top_layers.go:139.2,139.12 1 1
github.com/23skdu/longbow/internal/store/internal/core/hnsw_top_layers.go:143.102,146.15 2 1
github.com/23skdu/longbow/internal/store/internal/core/hnsw_top_layers.go:146.15,148.3 1 0
github.com/23skdu/longbow/internal/store/internal/core/hnsw_top_layers.go:151.2,151.92 1 1
github.com/23skdu/longbow/internal/store/internal/core/hnsw_top_layers.go:151.92,152.72 1 1
github.com/23skdu/longbow/internal/store/internal/core/hnsw_top_layers.go:152.72,154.4 1 1
github.com/23skdu/longbow/internal/store/internal/core/hnsw_top_layers.go:158.2,158.17 1 1
github.com/23skdu/longbow/internal/store/internal/core/hnsw_top_layers.go:158.17,160.25 2 1
github.com/23skdu/longbow/internal/store/internal/core/hnsw_top_layers.go:160.25,162.4 1 0
github.com/23skdu/longbow/internal/store/internal/core/hnsw_top_layers.go:166.2,167.15 2 1
github.com/23skdu/longbow/internal/store/internal/core/hnsw_top_layers.go:167.15,169.3 1 0
github.com/23skdu/longbow/internal/store/internal/core/hnsw_top_layers.go:171.2,171.12 1 1
github.com/23skdu/longbow/internal/store/internal/core/index_queue_lockfree.go:26.85,35.2 3 0
github.com/23skdu/longbow/internal/store/internal/core/index_queue_lockfree.go:37.63,38.39 1 0
github.com/23skdu/longbow/internal/store/internal/core/index_queue_lockfree.go:38.39,40.3 1 0
github.com/23skdu/longbow/internal/store/internal/core/index_queue_lockfree.go:42.2,43.23 2 0
github.com/23skdu/longbow/internal/store/internal/core/index_queue_lockfree.go:43.23,45.3 1 0
github.com/23skdu/longbow/internal/store/internal/core/index_queue_lockfree.go:47.2,49.24 2 0
github.com/23skdu/longbow/internal/store/internal/core/index_queue_lockfree.go:49.24,53.3 3 0
github.com/23skdu/longbow/internal/store/internal/core/index_queue_lockfree.go:55.2,55.26 1 0
github.com/23skdu/longbow/internal/store/internal/core/index_queue_lockfree.go:55.26,57.3 1 0
github.com/23skdu/longbow/internal/store/internal/core/index_queue_lockfree.go:59.2,59.14 1 0
github.com/23skdu/longbow/internal/store/internal/core/index_queue_lockfree.go:62.62,64.8 2 0
github.com/23skdu/longbow/internal/store/internal/core/index_queue_lockfree.go:64.8,66.24 2 0
github.com/23skdu/longbow/internal/store/internal/core/index_queue_lockfree.go:66.24,68.4 1 0
github.com/23skdu/longbow/internal/store/internal/core/index_queue_lockfree.go:69.3,69.44 1 0
github.com/23skdu/longbow/internal/store/internal/core/index_queue_lockfree.go:71.2,71.16 1 0
github.com/23skdu/longbow/internal/store/internal/core/index_queue_lockfree.go:74.87,75.39 1 0
github.com/23skdu/longbow/internal/store/internal/core/index_queue_lockfree.go:75.39,77.3 1 0
github.com/23skdu/longbow/internal/store/internal/core/index_queue_lockfree.go:79.2,80.23 2 0
github.com/23skdu/longbow/internal/store/internal/core/index_queue_lockfree.go:80.23,82.3 1 0
github.com/23skdu/longbow/internal/store/internal/core/index_queue_lockfree.go:84.2,84.41 1 0
github.com/23skdu/longbow/internal/store/internal/core/index_queue_lockfree.go:84.41,88.3 3 0
github.com/23skdu/longbow/internal/store/internal/core/index_queue_lockfree.go:90.2,91.14 2 0
github.com/23skdu/longbow/internal/store/internal/core/index_queue_lockfree.go:94.70,96.22 2 0
github.com/23skdu/longbow/internal/store/internal/core/index_queue_lockfree.go:96.22,97.22 1 0
github.com/23skdu/longbow/internal/store/internal/core/index_queue_lockfree.go:97.22,99.4 1 0
github.com/23skdu/longbow/internal/store/internal/core/index_queue_lockfree.go:101.2,101.17 1 0
github.com/23skdu/longbow/internal/store/internal/core/index_queue_lockfree.go:104.66,112.2 1 0
github.com/23skdu/longbow/internal/store/internal/core/index_queue_lockfree.go:114.50,116.2 1 0
github.com/23skdu/longbow/internal/store/internal/core/index_queue_lockfree.go:118.40,119.23 1 0
github.com/23skdu/longbow/internal/store/internal/core/index_queue_lockfree.go:119.23,122.3 2 0
github.com/23skdu/longbow/internal/store/internal/core/index_queue_lockfree.go:125.43,127.2 1 0
github.com/23skdu/longbow/internal/store/internal/core/index_queue_lockfree.go:129.56,131.2 1 0
github.com/23skdu/longbow/internal/store/internal/core/index_queue_lockfree.go:133.71,134.2 0 0
github.com/23skdu/longbow/internal/store/internal/core/insertion_core.go:17.56,22.16 2 0
github.com/23skdu/longbow/internal/store/internal/core/insertion_core.go:22.16,24.3 1 0
github.com/23skdu/longbow/internal/store/internal/core/insertion_core.go:25.2,26.12 2 0
github.com/23skdu/longbow/internal/store/internal/core/insertion_core.go:30.75,31.15 1 1
github.com/23skdu/longbow/internal/store/internal/core/insertion_core.go:31.15,33.3 1 0
github.com/23skdu/longbow/internal/store/internal/core/insertion_core.go:34.2,36.15 3 1
github.com/23skdu/longbow/internal/store/internal/core/insertion_core.go:36.15,41.23 4 1
github.com/23skdu/longbow/internal/store/internal/core/insertion_core.go:41.23,45.4 3 1
github.com/23skdu/longbow/internal/store/internal/core/insertion_core.go:47.3,47.22 1 1
github.com/23skdu/longbow/internal/store/internal/core/insertion_core.go:47.22,51.4 3 1
github.com/23skdu/longbow/internal/store/internal/core/insertion_core.go:53.3,53.59 1 1
github.com/23skdu/longbow/internal/store/internal/core/insertion_core.go:53.59,55.4 1 1
github.com/23skdu/longbow/internal/store/internal/core/insertion_core.go:59.2,59.25 1 1
github.com/23skdu/longbow/internal/store/internal/core/insertion_core.go:59.25,60.40 1 1
github.com/23skdu/longbow/internal/store/internal/core/insertion_core.go:60.40,62.4 1 1
github.com/23skdu/longbow/internal/store/internal/core/insertion_core.go:66.2,71.50 4 1
github.com/23skdu/longbow/internal/store/internal/core/insertion_core.go:71.50,73.3 1 1
github.com/23skdu/longbow/internal/store/internal/core/insertion_core.go:76.2,82.27 4 1
github.com/23skdu/longbow/internal/store/internal/core/insertion_core.go:82.27,84.3 1 1
github.com/23skdu/longbow/internal/store/internal/core/insertion_core.go:84.8,87.3 1 1
github.com/23skdu/longbow/internal/store/internal/core/insertion_core.go:90.2,90.27 1 1
github.com/23skdu/longbow/internal/store/internal/core/insertion_core.go:90.27,91.16 1 1
github.com/23skdu/longbow/internal/store/internal/core/insertion_core.go:91.16,93.27 2 1
github.com/23skdu/longbow/internal/store/internal/core/insertion_core.go:94.19,95.23 1 1
github.com/23skdu/longbow/internal/store/internal/core/insertion_core.go:96.23,97.23 1 0
github.com/23skdu/longbow/internal/store/internal/core/insertion_core.go:98.21,99.23 1 0
github.com/23skdu/longbow/internal/store/internal/core/insertion_core.go:100.22,101.23 1 0
github.com/23skdu/longbow/internal/store/internal/core/insertion_core.go:102.19,103.23 1 0
github.com/23skdu/longbow/internal/store/internal/core/insertion_core.go:104.16,105.23 1 0
github.com/23skdu/longbow/internal/store/internal/core/insertion_core.go:106.17,107.23 1 0
github.com/23skdu/longbow/internal/store/internal/core/insertion_core.go:109.4,109.21 1 1
github.com/23skdu/longbow/internal/store/internal/core/insertion_core.go:109.21,111.27 2 1
github.com/23skdu/longbow/internal/store/internal/core/insertion_core.go:111.27,114.21 3 1
github.com/23skdu/longbow/internal/store/internal/core/insertion_core.go:114.21,116.7 1 1
github.com/23skdu/longbow/internal/store/internal/core/insertion_core.go:117.6,117.56 1 1
github.com/23skdu/longbow/internal/store/internal/core/insertion_core.go:117.56,120.7 2 0
github.com/23skdu/longbow/internal/store/internal/core/insertion_core.go:121.6,122.31 2 1
github.com/23skdu/longbow/internal/store/internal/core/insertion_core.go:124.5,124.22 1 1
github.com/23skdu/longbow/internal/store/internal/core/insertion_core.go:128.3,132.54 4 1
github.com/23skdu/longbow/internal/store/internal/core/insertion_core.go:132.54,134.48 2 1
github.com/23skdu/longbow/internal/store/internal/core/insertion_core.go:134.48,137.5 2 1
github.com/23skdu/longbow/internal/store/internal/core/insertion_core.go:138.4,138.59 1 1
github.com/23skdu/longbow/internal/store/internal/core/insertion_core.go:138.59,141.5 2 0
github.com/23skdu/longbow/internal/store/internal/core/insertion_core.go:144.3,146.17 3 1
github.com/23skdu/longbow/internal/store/internal/core/insertion_core.go:146.17,149.4 2 0
github.com/23skdu/longbow/internal/store/internal/core/insertion_core.go:151.3,157.27 5 1
github.com/23skdu/longbow/internal/store/internal/core/insertion_core.go:160.2,161.25 2 1
github.com/23skdu/longbow/internal/store/internal/core/insertion_core.go:161.25,164.3 2 0
github.com/23skdu/longbow/internal/store/internal/core/insertion_core.go:169.2,169.63 1 1
github.com/23skdu/longbow/internal/store/internal/core/insertion_core.go:169.63,172.21 3 0
github.com/23skdu/longbow/internal/store/internal/core/insertion_core.go:172.21,174.45 2 0
github.com/23skdu/longbow/internal/store/internal/core/insertion_core.go:174.45,176.5 1 0
github.com/23skdu/longbow/internal/store/internal/core/insertion_core.go:176.10,176.52 1 0
github.com/23skdu/longbow/internal/store/internal/core/insertion_core.go:176.52,178.5 1 0
github.com/23skdu/longbow/internal/store/internal/core/insertion_core.go:181.3,181.25 1 0
github.com/23skdu/longbow/internal/store/internal/core/insertion_core.go:181.25,183.4 1 0
github.com/23skdu/longbow/internal/store/internal/core/insertion_core.go:190.2,206.45 4 1
github.com/23skdu/longbow/internal/store/internal/core/insertion_core.go:206.45,209.22 3 0
github.com/23skdu/longbow/internal/store/internal/core/insertion_core.go:209.22,215.4 5 0
github.com/23skdu/longbow/internal/store/internal/core/insertion_core.go:218.2,222.15 5 1
github.com/23skdu/longbow/internal/store/internal/core/insertion_core.go:222.15,225.3 2 1
github.com/23skdu/longbow/internal/store/internal/core/insertion_core.go:227.2,229.24 2 1
github.com/23skdu/longbow/internal/store/internal/core/insertion_core.go:229.24,231.3 1 1
github.com/23skdu/longbow/internal/store/internal/core/insertion_core.go:234.2,234.48 1 1
github.com/23skdu/longbow/internal/store/internal/core/insertion_core.go:234.48,236.3 1 0
github.com/23skdu/longbow/internal/store/internal/core/insertion_core.go:239.2,239.46 1 1
github.com/23skdu/longbow/internal/store/internal/core/insertion_core.go:239.46,240.37 1 1
github.com/23skdu/longbow/internal/store/internal/core/insertion_core.go:240.37,246.4 4 1
github.com/23skdu/longbow/internal/store/internal/core/insertion_core.go:250.2,250.24 1 1
github.com/23skdu/longbow/internal/store/internal/core/insertion_core.go:250.24,251.37 1 1
github.com/23skdu/longbow/internal/store/internal/core/insertion_core.go:251.37,253.54 2 1
github.com/23skdu/longbow/internal/store/internal/core/insertion_core.go:253.54,255.5 1 0
github.com/23skdu/longbow/internal/store/internal/core/insertion_core.go:260.2,260.46 1 1
github.com/23skdu/longbow/internal/store/internal/core/insertion_core.go:260.46,261.37 1 1
github.com/23skdu/longbow/internal/store/internal/core/insertion_core.go:261.37,263.18 2 1
github.com/23skdu/longbow/internal/store/internal/core/insertion_core.go:263.18,264.54 1 1
github.com/23skdu/longbow/internal/store/internal/core/insertion_core.go:264.54,266.6 1 0
github.com/23skdu/longbow/internal/store/internal/core/insertion_core.go:275.2,279.15 3 1
github.com/23skdu/longbow/internal/store/internal/core/insertion_core.go:279.15,280.33 1 1
github.com/23skdu/longbow/internal/store/internal/core/insertion_core.go:280.33,282.18 2 1
github.com/23skdu/longbow/internal/store/internal/core/insertion_core.go:282.18,284.5 1 0
github.com/23skdu/longbow/internal/store/internal/core/insertion_core.go:285.4,285.26 1 1
github.com/23skdu/longbow/internal/store/internal/core/insertion_core.go:285.26,287.5 1 1
github.com/23skdu/longbow/internal/store/internal/core/insertion_core.go:288.4,288.34 1 1
github.com/23skdu/longbow/internal/store/internal/core/insertion_core.go:298.2,298.14 1 1
github.com/23skdu/longbow/internal/store/internal/core/insertion_core.go:298.14,304.7 3 1
github.com/23skdu/longbow/internal/store/internal/core/insertion_core.go:304.7,306.27 2 1
github.com/23skdu/longbow/internal/store/internal/core/insertion_core.go:306.27,307.10 1 1
github.com/23skdu/longbow/internal/store/internal/core/insertion_core.go:309.4,309.56 1 1
github.com/23skdu/longbow/internal/store/internal/core/insertion_core.go:309.56,310.10 1 1
github.com/23skdu/longbow/internal/store/internal/core/insertion_core.go:314.3,314.13 1 1
github.com/23skdu/longbow/internal/store/internal/core/insertion_core.go:316.2,318.31 2 1
github.com/23skdu/longbow/internal/store/internal/core/insertion_core.go:318.31,321.26 2 1
github.com/23skdu/longbow/internal/store/internal/core/insertion_core.go:321.26,323.4 1 0
github.com/23skdu/longbow/internal/store/internal/core/insertion_core.go:325.3,326.17 2 1
github.com/23skdu/longbow/internal/store/internal/core/insertion_core.go:326.17,328.4 1 0
github.com/23skdu/longbow/internal/store/internal/core/insertion_core.go:331.3,332.13 2 1
github.com/23skdu/longbow/internal/store/internal/core/insertion_core.go:332.13,337.4 1 1
github.com/23skdu/longbow/internal/store/internal/core/insertion_core.go:339.3,343.13 3 1
github.com/23skdu/longbow/internal/store/internal/core/insertion_core.go:343.13,345.4 1 1
github.com/23skdu/longbow/internal/store/internal/core/insertion_core.go:348.3,348.32 1 1
github.com/23skdu/longbow/internal/store/internal/core/insertion_core.go:348.32,353.4 2 1
github.com/23skdu/longbow/internal/store/internal/core/insertion_core.go:355.3,355.25 1 1
github.com/23skdu/longbow/internal/store/internal/core/insertion_core.go:355.25,357.4 1 1
github.com/23skdu/longbow/internal/store/internal/core/insertion_core.go:358.3,358.34 1 1
github.com/23skdu/longbow/internal/store/internal/core/insertion_core.go:361.2,361.18 1 1
github.com/23skdu/longbow/internal/store/internal/core/insertion_core.go:361.18,364.3 2 1
github.com/23skdu/longbow/internal/store/internal/core/insertion_core.go:369.2,369.6 1 1
github.com/23skdu/longbow/internal/store/internal/core/insertion_core.go:369.6,371.26 2 1
github.com/23skdu/longbow/internal/store/internal/core/insertion_core.go:371.26,372.9 1 1
github.com/23skdu/longbow/internal/store/internal/core/insertion_core.go:374.3,374.55 1 1
github.com/23skdu/longbow/internal/store/internal/core/insertion_core.go:374.55,375.9 1 1
github.com/23skdu/longbow/internal/store/internal/core/insertion_core.go:380.2,382.12 2 1
github.com/23skdu/longbow/internal/store/internal/core/insertion_core.go:385.39,391.30 5 1
github.com/23skdu/longbow/internal/store/internal/core/insertion_core.go:391.30,392.17 1 1
github.com/23skdu/longbow/internal/store/internal/core/insertion_core.go:392.17,396.4 3 1
github.com/23skdu/longbow/internal/store/internal/core/insertion_core.go:398.2,398.16 1 1
github.com/23skdu/longbow/internal/store/internal/core/level_generation.go:22.52,27.2 1 1
github.com/23skdu/longbow/internal/store/internal/core/level_generation.go:32.42,41.35 5 1
github.com/23skdu/longbow/internal/store/internal/core/level_generation.go:41.35,43.3 1 0
github.com/23skdu/longbow/internal/store/internal/core/level_generation.go:45.2,45.14 1 1
github.com/23skdu/longbow/internal/store/internal/core/location_mapping.go:11.56,13.2 1 1
github.com/23skdu/longbow/internal/store/internal/core/location_mapping.go:17.57,19.9 2 0
github.com/23skdu/longbow/internal/store/internal/core/location_mapping.go:19.9,21.3 1 0
github.com/23skdu/longbow/internal/store/internal/core/location_mapping.go:22.2,23.23 2 0
github.com/23skdu/longbow/internal/store/internal/core/location_mapping.go:28.72,32.2 3 1
github.com/23skdu/longbow/internal/store/internal/core/location_store.go:24.46,26.2 1 1
github.com/23skdu/longbow/internal/store/internal/core/location_store.go:29.48,31.2 1 1
github.com/23skdu/longbow/internal/store/internal/core/location_store.go:44.54,52.2 4 1
github.com/23skdu/longbow/internal/store/internal/core/location_store.go:56.78,58.33 1 1
github.com/23skdu/longbow/internal/store/internal/core/location_store.go:58.33,60.3 1 0
github.com/23skdu/longbow/internal/store/internal/core/location_store.go:62.2,67.29 5 1
github.com/23skdu/longbow/internal/store/internal/core/location_store.go:67.29,69.3 1 0
github.com/23skdu/longbow/internal/store/internal/core/location_store.go:72.2,73.37 2 1
github.com/23skdu/longbow/internal/store/internal/core/location_store.go:78.81,84.2 5 1
github.com/23skdu/longbow/internal/store/internal/core/location_store.go:92.89,96.25 3 0
github.com/23skdu/longbow/internal/store/internal/core/location_store.go:96.25,97.28 1 0
github.com/23skdu/longbow/internal/store/internal/core/location_store.go:97.28,99.12 2 0
github.com/23skdu/longbow/internal/store/internal/core/location_store.go:102.3,106.30 4 0
github.com/23skdu/longbow/internal/store/internal/core/location_store.go:106.30,108.12 2 0
github.com/23skdu/longbow/internal/store/internal/core/location_store.go:111.3,112.38 2 0
github.com/23skdu/longbow/internal/store/internal/core/location_store.go:118.75,126.28 6 1
github.com/23skdu/longbow/internal/store/internal/core/location_store.go:126.28,132.3 4 1
github.com/23skdu/longbow/internal/store/internal/core/location_store.go:136.58,142.28 5 1
github.com/23skdu/longbow/internal/store/internal/core/location_store.go:142.28,152.3 5 0
github.com/23skdu/longbow/internal/store/internal/core/location_store.go:157.74,177.32 10 1
github.com/23skdu/longbow/internal/store/internal/core/location_store.go:177.32,187.3 6 1
github.com/23skdu/longbow/internal/store/internal/core/location_store.go:187.8,190.3 1 1
github.com/23skdu/longbow/internal/store/internal/core/location_store.go:192.2,196.34 5 1
github.com/23skdu/longbow/internal/store/internal/core/location_store.go:200.92,201.20 1 1
github.com/23skdu/longbow/internal/store/internal/core/location_store.go:201.20,203.3 1 0
github.com/23skdu/longbow/internal/store/internal/core/location_store.go:205.2,219.35 10 1
github.com/23skdu/longbow/internal/store/internal/core/location_store.go:219.35,222.50 3 0
github.com/23skdu/longbow/internal/store/internal/core/location_store.go:222.50,224.4 1 0
github.com/23skdu/longbow/internal/store/internal/core/location_store.go:225.3,225.33 1 0
github.com/23skdu/longbow/internal/store/internal/core/location_store.go:226.8,228.3 1 1
github.com/23skdu/longbow/internal/store/internal/core/location_store.go:231.2,231.27 1 1
github.com/23skdu/longbow/internal/store/internal/core/location_store.go:231.27,238.3 6 1
github.com/23skdu/longbow/internal/store/internal/core/location_store.go:240.2,241.16 2 1
github.com/23skdu/longbow/internal/store/internal/core/location_store.go:245.42,247.2 1 1
github.com/23skdu/longbow/internal/store/internal/core/location_store.go:251.47,253.2 1 0
github.com/23skdu/longbow/internal/store/internal/core/location_store.go:257.66,263.31 4 1
github.com/23skdu/longbow/internal/store/internal/core/location_store.go:263.31,265.3 1 1
github.com/23skdu/longbow/internal/store/internal/core/location_store.go:268.2,269.32 2 1
github.com/23skdu/longbow/internal/store/internal/core/location_store.go:269.32,271.3 1 1
github.com/23skdu/longbow/internal/store/internal/core/location_store.go:274.2,280.28 5 1
github.com/23skdu/longbow/internal/store/internal/core/location_store.go:280.28,283.3 1 1
github.com/23skdu/longbow/internal/store/internal/core/location_store.go:286.2,289.46 4 1
github.com/23skdu/longbow/internal/store/internal/core/location_store.go:289.46,291.3 1 1
github.com/23skdu/longbow/internal/store/internal/core/location_store.go:292.2,292.28 1 1
github.com/23skdu/longbow/internal/store/internal/core/location_store.go:296.62,298.6 2 1
github.com/23skdu/longbow/internal/store/internal/core/location_store.go:298.6,300.22 2 1
github.com/23skdu/longbow/internal/store/internal/core/location_store.go:300.22,302.4 1 1
github.com/23skdu/longbow/internal/store/internal/core/location_store.go:303.3,303.43 1 1
github.com/23skdu/longbow/internal/store/internal/core/location_store.go:303.43,305.4 1 1
github.com/23skdu/longbow/internal/store/internal/core/location_store.go:310.40,318.2 6 1
github.com/23skdu/longbow/internal/store/internal/core/location_store.go:324.95,328.31 3 1
github.com/23skdu/longbow/internal/store/internal/core/location_store.go:328.31,330.28 2 1
github.com/23skdu/longbow/internal/store/internal/core/location_store.go:330.28,331.9 1 0
github.com/23skdu/longbow/internal/store/internal/core/location_store.go:334.3,336.33 2 1
github.com/23skdu/longbow/internal/store/internal/core/location_store.go:336.33,338.4 1 1
github.com/23skdu/longbow/internal/store/internal/core/location_store.go:340.3,340.30 1 1
github.com/23skdu/longbow/internal/store/internal/core/location_store.go:340.30,342.4 1 1
github.com/23skdu/longbow/internal/store/internal/core/lock_free_ring.go:24.71,25.14 1 0
github.com/23skdu/longbow/internal/store/internal/core/lock_free_ring.go:25.14,27.3 1 0
github.com/23skdu/longbow/internal/store/internal/core/lock_free_ring.go:29.2,29.24 1 0
github.com/23skdu/longbow/internal/store/internal/core/lock_free_ring.go:29.24,31.20 2 0
github.com/23skdu/longbow/internal/store/internal/core/lock_free_ring.go:31.20,33.4 1 0
github.com/23skdu/longbow/internal/store/internal/core/lock_free_ring.go:34.3,34.15 1 0
github.com/23skdu/longbow/internal/store/internal/core/lock_free_ring.go:37.2,43.36 2 0
github.com/23skdu/longbow/internal/store/internal/core/lock_free_ring.go:43.36,45.3 1 0
github.com/23skdu/longbow/internal/store/internal/core/lock_free_ring.go:47.2,47.11 1 0
github.com/23skdu/longbow/internal/store/internal/core/lock_free_ring.go:51.52,55.6 3 0
github.com/23skdu/longbow/internal/store/internal/core/lock_free_ring.go:55.6,60.42 3 0
github.com/23skdu/longbow/internal/store/internal/core/lock_free_ring.go:60.42,62.4 1 0
github.com/23skdu/longbow/internal/store/internal/core/lock_free_ring.go:64.3,69.18 4 0
github.com/23skdu/longbow/internal/store/internal/core/lock_free_ring.go:69.18,70.45 1 0
github.com/23skdu/longbow/internal/store/internal/core/lock_free_ring.go:70.45,76.5 3 0
github.com/23skdu/longbow/internal/store/internal/core/lock_free_ring.go:77.9,79.4 1 0
github.com/23skdu/longbow/internal/store/internal/core/lock_free_ring.go:84.50,89.6 4 0
github.com/23skdu/longbow/internal/store/internal/core/lock_free_ring.go:89.6,94.19 3 0
github.com/23skdu/longbow/internal/store/internal/core/lock_free_ring.go:94.19,96.4 1 0
github.com/23skdu/longbow/internal/store/internal/core/lock_free_ring.go:98.3,103.21 4 0
github.com/23skdu/longbow/internal/store/internal/core/lock_free_ring.go:103.21,104.45 1 0
github.com/23skdu/longbow/internal/store/internal/core/lock_free_ring.go:104.45,110.5 3 0
github.com/23skdu/longbow/internal/store/internal/core/lock_free_ring.go:111.9,113.4 1 0
github.com/23skdu/longbow/internal/store/internal/core/lock_free_ring.go:118.44,120.2 1 0
github.com/23skdu/longbow/internal/store/internal/core/lock_free_ring.go:123.83,125.6 2 0
github.com/23skdu/longbow/internal/store/internal/core/lock_free_ring.go:125.6,126.20 1 0
github.com/23skdu/longbow/internal/store/internal/core/lock_free_ring.go:126.20,128.4 1 0
github.com/23skdu/longbow/internal/store/internal/core/lock_free_ring.go:129.3,129.33 1 0
github.com/23skdu/longbow/internal/store/internal/core/lock_free_ring.go:129.33,131.4 1 0
github.com/23skdu/longbow/internal/store/internal/core/lock_free_ring.go:132.3,132.20 1 0
github.com/23skdu/longbow/internal/store/internal/core/navigator_planner.go:11.38,17.2 1 1
github.com/23skdu/longbow/internal/store/internal/core/navigator_planner.go:20.70,26.37 1 1
github.com/23skdu/longbow/internal/store/internal/core/navigator_planner.go:26.37,28.3 1 1
github.com/23skdu/longbow/internal/store/internal/core/navigator_planner.go:31.2,31.23 1 1
github.com/23skdu/longbow/internal/store/internal/core/navigator_planner.go:31.23,33.3 1 1
github.com/23skdu/longbow/internal/store/internal/core/navigator_planner.go:35.2,35.14 1 1
github.com/23skdu/longbow/internal/store/internal/core/navigator_strategy.go:20.37,22.2 1 1
github.com/23skdu/longbow/internal/store/internal/core/navigator_strategy.go:24.119,35.21 5 1
github.com/23skdu/longbow/internal/store/internal/core/navigator_strategy.go:35.21,36.10 1 1
github.com/23skdu/longbow/internal/store/internal/core/navigator_strategy.go:37.21,38.25 1 0
github.com/23skdu/longbow/internal/store/internal/core/navigator_strategy.go:39.11,39.11 0 1
github.com/23skdu/longbow/internal/store/internal/core/navigator_strategy.go:42.3,42.35 1 1
github.com/23skdu/longbow/internal/store/internal/core/navigator_strategy.go:42.35,44.4 1 1
github.com/23skdu/longbow/internal/store/internal/core/navigator_strategy.go:45.3,48.35 3 1
github.com/23skdu/longbow/internal/store/internal/core/navigator_strategy.go:48.35,58.4 3 1
github.com/23skdu/longbow/internal/store/internal/core/navigator_strategy.go:60.3,60.36 1 1
github.com/23skdu/longbow/internal/store/internal/core/navigator_strategy.go:60.36,61.12 1 0
github.com/23skdu/longbow/internal/store/internal/core/navigator_strategy.go:64.3,64.93 1 1
github.com/23skdu/longbow/internal/store/internal/core/navigator_strategy.go:64.93,65.12 1 0
github.com/23skdu/longbow/internal/store/internal/core/navigator_strategy.go:68.3,68.106 1 1
github.com/23skdu/longbow/internal/store/internal/core/navigator_strategy.go:68.106,70.12 2 0
github.com/23skdu/longbow/internal/store/internal/core/navigator_strategy.go:73.3,73.26 1 1
github.com/23skdu/longbow/internal/store/internal/core/navigator_strategy.go:73.26,74.12 1 0
github.com/23skdu/longbow/internal/store/internal/core/navigator_strategy.go:76.3,79.10 3 1
github.com/23skdu/longbow/internal/store/internal/core/navigator_strategy.go:79.10,80.12 1 0
github.com/23skdu/longbow/internal/store/internal/core/navigator_strategy.go:83.3,83.38 1 1
github.com/23skdu/longbow/internal/store/internal/core/navigator_strategy.go:83.38,84.26 1 1
github.com/23skdu/longbow/internal/store/internal/core/navigator_strategy.go:84.26,94.5 4 1
github.com/23skdu/longbow/internal/store/internal/core/navigator_strategy.go:98.2,107.8 3 0
github.com/23skdu/longbow/internal/store/internal/core/navigator_strategy_astar.go:13.39,15.2 1 1
github.com/23skdu/longbow/internal/store/internal/core/navigator_strategy_astar.go:17.121,39.19 9 1
github.com/23skdu/longbow/internal/store/internal/core/navigator_strategy_astar.go:39.19,40.10 1 1
github.com/23skdu/longbow/internal/store/internal/core/navigator_strategy_astar.go:41.21,42.25 1 0
github.com/23skdu/longbow/internal/store/internal/core/navigator_strategy_astar.go:43.11,43.11 0 1
github.com/23skdu/longbow/internal/store/internal/core/navigator_strategy_astar.go:46.3,46.33 1 1
github.com/23skdu/longbow/internal/store/internal/core/navigator_strategy_astar.go:46.33,48.4 1 1
github.com/23skdu/longbow/internal/store/internal/core/navigator_strategy_astar.go:49.3,51.35 2 1
github.com/23skdu/longbow/internal/store/internal/core/navigator_strategy_astar.go:51.35,62.4 3 1
github.com/23skdu/longbow/internal/store/internal/core/navigator_strategy_astar.go:64.3,64.36 1 1
github.com/23skdu/longbow/internal/store/internal/core/navigator_strategy_astar.go:64.36,65.12 1 1
github.com/23skdu/longbow/internal/store/internal/core/navigator_strategy_astar.go:68.3,68.93 1 1
github.com/23skdu/longbow/internal/store/internal/core/navigator_strategy_astar.go:68.93,69.12 1 0
github.com/23skdu/longbow/internal/store/internal/core/navigator_strategy_astar.go:73.3,73.106 1 1
github.com/23skdu/longbow/internal/store/internal/core/navigator_strategy_astar.go:73.106,75.12 2 1
github.com/23skdu/longbow/internal/store/internal/core/navigator_strategy_astar.go:78.3,79.10 2 1
github.com/23skdu/longbow/internal/store/internal/core/navigator_strategy_astar.go:79.10,80.12 1 1
github.com/23skdu/longbow/internal/store/internal/core/navigator_strategy_astar.go:83.3,83.38 1 1
github.com/23skdu/longbow/internal/store/internal/core/navigator_strategy_astar.go:83.38,87.83 2 1
github.com/23skdu/longbow/internal/store/internal/core/navigator_strategy_astar.go:87.83,88.13 1 1
github.com/23skdu/longbow/internal/store/internal/core/navigator_strategy_astar.go:90.4,121.23 13 1
github.com/23skdu/longbow/internal/store/internal/core/navigator_strategy_astar.go:125.2,134.8 3 1
github.com/23skdu/longbow/internal/store/internal/core/navigator_strategy_astar.go:151.40,151.58 1 1
github.com/23skdu/longbow/internal/store/internal/core/navigator_strategy_astar.go:153.50,156.2 1 1
github.com/23skdu/longbow/internal/store/internal/core/navigator_strategy_astar.go:158.45,162.2 3 1
github.com/23skdu/longbow/internal/store/internal/core/navigator_strategy_astar.go:164.43,169.2 4 1
github.com/23skdu/longbow/internal/store/internal/core/navigator_strategy_astar.go:171.41,179.2 7 1
github.com/23skdu/longbow/internal/store/internal/core/navigator_strategy_parallel.go:18.67,19.22 1 1
github.com/23skdu/longbow/internal/store/internal/core/navigator_strategy_parallel.go:19.22,21.3 1 0
github.com/23skdu/longbow/internal/store/internal/core/navigator_strategy_parallel.go:22.2,22.55 1 1
github.com/23skdu/longbow/internal/store/internal/core/navigator_strategy_parallel.go:25.45,27.2 1 1
github.com/23skdu/longbow/internal/store/internal/core/navigator_strategy_parallel.go:29.127,48.55 9 1
github.com/23skdu/longbow/internal/store/internal/core/navigator_strategy_parallel.go:48.55,53.38 3 1
github.com/23skdu/longbow/internal/store/internal/core/navigator_strategy_parallel.go:53.38,55.4 1 1
github.com/23skdu/longbow/internal/store/internal/core/navigator_strategy_parallel.go:58.3,65.35 4 1
github.com/23skdu/longbow/internal/store/internal/core/navigator_strategy_parallel.go:65.35,66.20 1 1
github.com/23skdu/longbow/internal/store/internal/core/navigator_strategy_parallel.go:66.20,67.10 1 0
github.com/23skdu/longbow/internal/store/internal/core/navigator_strategy_parallel.go:70.4,70.108 1 1
github.com/23skdu/longbow/internal/store/internal/core/navigator_strategy_parallel.go:70.108,71.10 1 0
github.com/23skdu/longbow/internal/store/internal/core/navigator_strategy_parallel.go:75.4,75.24 1 1
github.com/23skdu/longbow/internal/store/internal/core/navigator_strategy_parallel.go:75.24,77.5 1 1
github.com/23skdu/longbow/internal/store/internal/core/navigator_strategy_parallel.go:79.4,81.22 2 1
github.com/23skdu/longbow/internal/store/internal/core/navigator_strategy_parallel.go:81.22,82.21 1 1
github.com/23skdu/longbow/internal/store/internal/core/navigator_strategy_parallel.go:82.21,84.6 1 1
github.com/23skdu/longbow/internal/store/internal/core/navigator_strategy_parallel.go:87.5,87.29 1 1
github.com/23skdu/longbow/internal/store/internal/core/navigator_strategy_parallel.go:87.29,90.6 2 0
github.com/23skdu/longbow/internal/store/internal/core/navigator_strategy_parallel.go:93.5,93.99 1 1
github.com/23skdu/longbow/internal/store/internal/core/navigator_strategy_parallel.go:93.99,96.6 2 0
github.com/23skdu/longbow/internal/store/internal/core/navigator_strategy_parallel.go:101.5,102.12 2 1
github.com/23skdu/longbow/internal/store/internal/core/navigator_strategy_parallel.go:102.12,104.6 1 0
github.com/23skdu/longbow/internal/store/internal/core/navigator_strategy_parallel.go:106.5,107.40 2 1
github.com/23skdu/longbow/internal/store/internal/core/navigator_strategy_parallel.go:107.40,108.63 1 1
github.com/23skdu/longbow/internal/store/internal/core/navigator_strategy_parallel.go:108.63,113.37 4 1
github.com/23skdu/longbow/internal/store/internal/core/navigator_strategy_parallel.go:113.37,115.8 1 1
github.com/23skdu/longbow/internal/store/internal/core/navigator_strategy_parallel.go:119.5,119.27 1 1
github.com/23skdu/longbow/internal/store/internal/core/navigator_strategy_parallel.go:119.27,123.6 3 1
github.com/23skdu/longbow/internal/store/internal/core/navigator_strategy_parallel.go:125.5,125.15 1 1
github.com/23skdu/longbow/internal/store/internal/core/navigator_strategy_parallel.go:129.3,129.34 1 1
github.com/23skdu/longbow/internal/store/internal/core/navigator_strategy_parallel.go:129.34,131.4 1 0
github.com/23skdu/longbow/internal/store/internal/core/navigator_strategy_parallel.go:134.3,134.19 1 1
github.com/23skdu/longbow/internal/store/internal/core/navigator_strategy_parallel.go:134.19,138.30 3 1
github.com/23skdu/longbow/internal/store/internal/core/navigator_strategy_parallel.go:138.30,140.12 2 1
github.com/23skdu/longbow/internal/store/internal/core/navigator_strategy_parallel.go:140.12,142.11 1 0
github.com/23skdu/longbow/internal/store/internal/core/navigator_strategy_parallel.go:144.5,145.43 2 1
github.com/23skdu/longbow/internal/store/internal/core/navigator_strategy_parallel.go:148.4,154.10 1 1
github.com/23skdu/longbow/internal/store/internal/core/navigator_strategy_parallel.go:157.3,158.16 2 1
github.com/23skdu/longbow/internal/store/internal/core/navigator_strategy_parallel.go:162.2,171.8 3 1
github.com/23skdu/longbow/internal/store/internal/core/neighbor_ops.go:12.157,14.91 1 1
github.com/23skdu/longbow/internal/store/internal/core/neighbor_ops.go:14.91,16.3 1 1
github.com/23skdu/longbow/internal/store/internal/core/neighbor_ops.go:19.2,25.13 5 1
github.com/23skdu/longbow/internal/store/internal/core/neighbor_ops.go:29.176,30.23 1 1
github.com/23skdu/longbow/internal/store/internal/core/neighbor_ops.go:30.23,32.3 1 0
github.com/23skdu/longbow/internal/store/internal/core/neighbor_ops.go:35.2,36.74 2 1
github.com/23skdu/longbow/internal/store/internal/core/neighbor_ops.go:36.74,41.3 4 1
github.com/23skdu/longbow/internal/store/internal/core/neighbor_ops.go:44.2,50.13 5 0
github.com/23skdu/longbow/internal/store/internal/core/neighbor_ops.go:54.134,63.2 5 1
github.com/23skdu/longbow/internal/store/internal/core/neighbor_ops.go:66.146,73.49 6 1
github.com/23skdu/longbow/internal/store/internal/core/neighbor_ops.go:73.49,77.30 4 1
github.com/23skdu/longbow/internal/store/internal/core/neighbor_ops.go:77.30,79.4 1 1
github.com/23skdu/longbow/internal/store/internal/core/neighbor_ops.go:80.8,83.3 1 0
github.com/23skdu/longbow/internal/store/internal/core/neighbor_ops.go:85.2,85.37 1 1
github.com/23skdu/longbow/internal/store/internal/core/neighbor_ops.go:85.37,86.18 1 1
github.com/23skdu/longbow/internal/store/internal/core/neighbor_ops.go:86.18,86.28 1 1
github.com/23skdu/longbow/internal/store/internal/core/neighbor_ops.go:89.2,89.38 1 1
github.com/23skdu/longbow/internal/store/internal/core/neighbor_ops.go:89.38,92.3 2 1
github.com/23skdu/longbow/internal/store/internal/core/neighbor_ops.go:94.2,94.49 1 1
github.com/23skdu/longbow/internal/store/internal/core/neighbor_ops.go:94.49,94.59 1 0
github.com/23skdu/longbow/internal/store/internal/core/neighbor_ops.go:96.2,96.49 1 1
github.com/23skdu/longbow/internal/store/internal/core/neighbor_ops.go:96.49,101.3 4 1
github.com/23skdu/longbow/internal/store/internal/core/neighbor_ops.go:103.2,103.77 1 1
github.com/23skdu/longbow/internal/store/internal/core/neighbor_ops.go:103.77,107.3 3 1
github.com/23skdu/longbow/internal/store/internal/core/neighbor_ops.go:109.2,109.42 1 1
github.com/23skdu/longbow/internal/store/internal/core/neighbor_ops.go:113.165,118.49 5 1
github.com/23skdu/longbow/internal/store/internal/core/neighbor_ops.go:118.49,118.59 1 0
github.com/23skdu/longbow/internal/store/internal/core/neighbor_ops.go:120.2,124.46 4 1
github.com/23skdu/longbow/internal/store/internal/core/neighbor_ops.go:124.46,127.3 2 1
github.com/23skdu/longbow/internal/store/internal/core/neighbor_ops.go:129.2,130.30 2 1
github.com/23skdu/longbow/internal/store/internal/core/neighbor_ops.go:130.30,131.46 1 1
github.com/23skdu/longbow/internal/store/internal/core/neighbor_ops.go:131.46,131.53 1 0
github.com/23skdu/longbow/internal/store/internal/core/neighbor_ops.go:132.3,133.42 2 1
github.com/23skdu/longbow/internal/store/internal/core/neighbor_ops.go:133.42,134.60 1 1
github.com/23skdu/longbow/internal/store/internal/core/neighbor_ops.go:134.60,136.10 2 1
github.com/23skdu/longbow/internal/store/internal/core/neighbor_ops.go:139.3,139.13 1 1
github.com/23skdu/longbow/internal/store/internal/core/neighbor_ops.go:139.13,143.4 3 1
github.com/23skdu/longbow/internal/store/internal/core/neighbor_ops.go:146.2,151.33 3 1
github.com/23skdu/longbow/internal/store/internal/core/neighbor_ops.go:151.33,153.3 1 0
github.com/23skdu/longbow/internal/store/internal/core/neighbor_ops.go:153.8,153.84 1 1
github.com/23skdu/longbow/internal/store/internal/core/neighbor_ops.go:153.84,157.3 3 1
github.com/23skdu/longbow/internal/store/internal/core/neighbor_ops.go:161.150,168.49 6 1
github.com/23skdu/longbow/internal/store/internal/core/neighbor_ops.go:168.49,172.30 4 1
github.com/23skdu/longbow/internal/store/internal/core/neighbor_ops.go:172.30,174.4 1 1
github.com/23skdu/longbow/internal/store/internal/core/neighbor_ops.go:175.8,177.3 1 0
github.com/23skdu/longbow/internal/store/internal/core/neighbor_ops.go:180.2,180.27 1 1
github.com/23skdu/longbow/internal/store/internal/core/neighbor_ops.go:180.27,182.38 2 1
github.com/23skdu/longbow/internal/store/internal/core/neighbor_ops.go:182.38,182.62 1 1
github.com/23skdu/longbow/internal/store/internal/core/neighbor_ops.go:183.3,183.34 1 1
github.com/23skdu/longbow/internal/store/internal/core/neighbor_ops.go:183.34,184.52 1 1
github.com/23skdu/longbow/internal/store/internal/core/neighbor_ops.go:184.52,187.5 2 1
github.com/23skdu/longbow/internal/store/internal/core/neighbor_ops.go:191.2,192.22 2 1
github.com/23skdu/longbow/internal/store/internal/core/neighbor_ops.go:192.22,192.32 1 1
github.com/23skdu/longbow/internal/store/internal/core/neighbor_ops.go:194.2,198.29 4 1
github.com/23skdu/longbow/internal/store/internal/core/neighbor_ops.go:198.29,200.3 1 1
github.com/23skdu/longbow/internal/store/internal/core/neighbor_ops.go:202.2,203.29 2 1
github.com/23skdu/longbow/internal/store/internal/core/neighbor_ops.go:203.29,203.62 1 0
github.com/23skdu/longbow/internal/store/internal/core/neighbor_ops.go:205.2,205.30 1 1
github.com/23skdu/longbow/internal/store/internal/core/neighbor_ops.go:205.30,207.3 1 1
github.com/23skdu/longbow/internal/store/internal/core/neighbor_ops.go:209.2,212.21 4 1
github.com/23skdu/longbow/internal/store/internal/core/neighbor_ops.go:212.21,212.61 1 1
github.com/23skdu/longbow/internal/store/internal/core/neighbor_ops.go:214.2,217.32 4 1
github.com/23skdu/longbow/internal/store/internal/core/neighbor_ops.go:217.32,219.3 1 1
github.com/23skdu/longbow/internal/store/internal/core/neighbor_ops.go:220.2,222.21 2 1
github.com/23skdu/longbow/internal/store/internal/core/neighbor_ops.go:222.21,222.61 1 1
github.com/23skdu/longbow/internal/store/internal/core/neighbor_ops.go:223.2,225.77 2 1
github.com/23skdu/longbow/internal/store/internal/core/neighbor_ops.go:225.77,228.33 3 1
github.com/23skdu/longbow/internal/store/internal/core/neighbor_ops.go:228.33,228.53 1 1
github.com/23skdu/longbow/internal/store/internal/core/neighbor_ops.go:229.3,229.35 1 1
github.com/23skdu/longbow/internal/store/internal/core/neighbor_ops.go:234.113,236.15 2 1
github.com/23skdu/longbow/internal/store/internal/core/neighbor_ops.go:236.15,236.25 1 0
github.com/23skdu/longbow/internal/store/internal/core/neighbor_ops.go:238.2,238.33 1 1
github.com/23skdu/longbow/internal/store/internal/core/neighbor_ops.go:238.33,240.16 2 1
github.com/23skdu/longbow/internal/store/internal/core/neighbor_ops.go:240.16,243.4 2 1
github.com/23skdu/longbow/internal/store/internal/core/neighbor_ops.go:243.9,245.4 1 0
github.com/23skdu/longbow/internal/store/internal/core/neighbor_ops.go:250.78,252.33 2 1
github.com/23skdu/longbow/internal/store/internal/core/neighbor_ops.go:252.33,252.47 1 0
github.com/23skdu/longbow/internal/store/internal/core/neighbor_ops.go:254.2,254.28 1 1
github.com/23skdu/longbow/internal/store/internal/core/neighbor_ops.go:255.17,255.26 1 1
github.com/23skdu/longbow/internal/store/internal/core/neighbor_ops.go:256.15,258.25 2 0
github.com/23skdu/longbow/internal/store/internal/core/neighbor_ops.go:258.25,258.48 1 0
github.com/23skdu/longbow/internal/store/internal/core/neighbor_ops.go:259.3,259.11 1 0
github.com/23skdu/longbow/internal/store/internal/core/neighbor_ops.go:260.16,262.25 2 0
github.com/23skdu/longbow/internal/store/internal/core/neighbor_ops.go:262.25,262.48 1 0
github.com/23skdu/longbow/internal/store/internal/core/neighbor_ops.go:263.3,263.11 1 0
github.com/23skdu/longbow/internal/store/internal/core/neighbor_ops.go:264.14,266.25 2 0
github.com/23skdu/longbow/internal/store/internal/core/neighbor_ops.go:266.25,266.48 1 0
github.com/23skdu/longbow/internal/store/internal/core/neighbor_ops.go:267.3,267.11 1 0
github.com/23skdu/longbow/internal/store/internal/core/neighbor_ops.go:268.15,270.25 2 1
github.com/23skdu/longbow/internal/store/internal/core/neighbor_ops.go:270.25,270.48 1 1
github.com/23skdu/longbow/internal/store/internal/core/neighbor_ops.go:271.3,271.11 1 1
github.com/23skdu/longbow/internal/store/internal/core/neighbor_ops.go:272.10,272.21 1 0
github.com/23skdu/longbow/internal/store/internal/core/packed_adjacency.go:21.51,23.2 1 1
github.com/23skdu/longbow/internal/store/internal/core/packed_adjacency.go:25.62,27.2 1 1
github.com/23skdu/longbow/internal/store/internal/core/packed_adjacency.go:43.88,49.2 1 1
github.com/23skdu/longbow/internal/store/internal/core/packed_adjacency.go:56.40,59.19 2 1
github.com/23skdu/longbow/internal/store/internal/core/packed_adjacency.go:59.19,61.3 1 0
github.com/23skdu/longbow/internal/store/internal/core/packed_adjacency.go:63.2,72.11 4 1
github.com/23skdu/longbow/internal/store/internal/core/packed_adjacency.go:77.58,82.46 3 1
github.com/23skdu/longbow/internal/store/internal/core/packed_adjacency.go:82.46,84.3 1 1
github.com/23skdu/longbow/internal/store/internal/core/packed_adjacency.go:86.2,91.46 4 1
github.com/23skdu/longbow/internal/store/internal/core/packed_adjacency.go:91.46,93.3 1 0
github.com/23skdu/longbow/internal/store/internal/core/packed_adjacency.go:96.2,97.19 2 1
github.com/23skdu/longbow/internal/store/internal/core/packed_adjacency.go:97.19,99.3 1 1
github.com/23skdu/longbow/internal/store/internal/core/packed_adjacency.go:100.2,101.37 2 1
github.com/23skdu/longbow/internal/store/internal/core/packed_adjacency.go:101.37,103.3 1 1
github.com/23skdu/longbow/internal/store/internal/core/packed_adjacency.go:105.2,106.19 2 1
github.com/23skdu/longbow/internal/store/internal/core/packed_adjacency.go:106.19,108.3 1 1
github.com/23skdu/longbow/internal/store/internal/core/packed_adjacency.go:110.2,110.29 1 1
github.com/23skdu/longbow/internal/store/internal/core/packed_adjacency.go:113.78,114.25 1 1
github.com/23skdu/longbow/internal/store/internal/core/packed_adjacency.go:114.25,117.3 1 1
github.com/23skdu/longbow/internal/store/internal/core/packed_adjacency.go:120.2,121.16 2 1
github.com/23skdu/longbow/internal/store/internal/core/packed_adjacency.go:121.16,123.3 1 0
github.com/23skdu/longbow/internal/store/internal/core/packed_adjacency.go:126.2,133.34 4 1
github.com/23skdu/longbow/internal/store/internal/core/packed_adjacency.go:136.106,137.38 1 1
github.com/23skdu/longbow/internal/store/internal/core/packed_adjacency.go:137.38,139.3 1 0
github.com/23skdu/longbow/internal/store/internal/core/packed_adjacency.go:141.2,141.25 1 1
github.com/23skdu/longbow/internal/store/internal/core/packed_adjacency.go:141.25,143.3 1 0
github.com/23skdu/longbow/internal/store/internal/core/packed_adjacency.go:146.2,149.16 3 1
github.com/23skdu/longbow/internal/store/internal/core/packed_adjacency.go:149.16,151.3 1 0
github.com/23skdu/longbow/internal/store/internal/core/packed_adjacency.go:153.2,154.20 2 1
github.com/23skdu/longbow/internal/store/internal/core/packed_adjacency.go:154.20,156.3 1 0
github.com/23skdu/longbow/internal/store/internal/core/packed_adjacency.go:160.2,170.34 6 1
github.com/23skdu/longbow/internal/store/internal/core/packed_adjacency.go:173.71,179.53 4 1
github.com/23skdu/longbow/internal/store/internal/core/packed_adjacency.go:179.53,182.3 2 0
github.com/23skdu/longbow/internal/store/internal/core/packed_adjacency.go:184.2,188.21 3 1
github.com/23skdu/longbow/internal/store/internal/core/packed_adjacency.go:188.21,192.17 2 1
github.com/23skdu/longbow/internal/store/internal/core/packed_adjacency.go:192.17,194.4 1 0
github.com/23skdu/longbow/internal/store/internal/core/packed_adjacency.go:195.3,196.24 2 1
github.com/23skdu/longbow/internal/store/internal/core/packed_adjacency.go:196.24,198.4 1 1
github.com/23skdu/longbow/internal/store/internal/core/packed_adjacency.go:199.3,199.70 1 1
github.com/23skdu/longbow/internal/store/internal/core/packed_adjacency.go:199.70,203.4 1 1
github.com/23skdu/longbow/internal/store/internal/core/packed_adjacency.go:203.9,205.4 1 1
github.com/23skdu/longbow/internal/store/internal/core/packed_adjacency.go:208.2,210.17 3 1
github.com/23skdu/longbow/internal/store/internal/core/packed_adjacency.go:210.17,212.3 1 0
github.com/23skdu/longbow/internal/store/internal/core/packed_adjacency.go:214.2,215.12 2 1
github.com/23skdu/longbow/internal/store/internal/core/packed_adjacency.go:218.69,220.9 2 1
github.com/23skdu/longbow/internal/store/internal/core/packed_adjacency.go:220.9,222.3 1 1
github.com/23skdu/longbow/internal/store/internal/core/packed_adjacency.go:224.2,226.41 3 1
github.com/23skdu/longbow/internal/store/internal/core/packed_adjacency.go:229.87,231.9 2 1
github.com/23skdu/longbow/internal/store/internal/core/packed_adjacency.go:231.9,233.3 1 0
github.com/23skdu/longbow/internal/store/internal/core/packed_adjacency.go:235.2,241.20 5 1
github.com/23skdu/longbow/internal/store/internal/core/packed_adjacency.go:241.20,243.3 1 0
github.com/23skdu/longbow/internal/store/internal/core/packed_adjacency.go:245.2,248.35 3 1
github.com/23skdu/longbow/internal/store/internal/core/packed_adjacency.go:251.67,256.22 4 1
github.com/23skdu/longbow/internal/store/internal/core/packed_adjacency.go:256.22,258.3 1 0
github.com/23skdu/longbow/internal/store/internal/core/packed_adjacency.go:259.2,260.29 2 1
github.com/23skdu/longbow/internal/store/internal/core/packed_adjacency.go:260.29,262.3 1 0
github.com/23skdu/longbow/internal/store/internal/core/packed_adjacency.go:264.2,265.21 2 1
github.com/23skdu/longbow/internal/store/internal/core/packed_adjacency.go:265.21,267.3 1 1
github.com/23skdu/longbow/internal/store/internal/core/packed_adjacency.go:269.2,271.17 3 1
github.com/23skdu/longbow/internal/store/internal/core/packed_adjacency.go:271.17,273.3 1 0
github.com/23skdu/longbow/internal/store/internal/core/packed_adjacency.go:275.2,275.53 1 1
github.com/23skdu/longbow/internal/store/internal/core/parallel_search.go:23.18,26.3 2 1
github.com/23skdu/longbow/internal/store/internal/core/parallel_search.go:47.201,50.21 3 1
github.com/23skdu/longbow/internal/store/internal/core/parallel_search.go:50.21,52.3 1 1
github.com/23skdu/longbow/internal/store/internal/core/parallel_search.go:54.2,57.20 4 1
github.com/23skdu/longbow/internal/store/internal/core/parallel_search.go:57.20,59.3 1 1
github.com/23skdu/longbow/internal/store/internal/core/parallel_search.go:61.2,65.34 3 1
github.com/23skdu/longbow/internal/store/internal/core/parallel_search.go:65.34,67.3 1 0
github.com/23skdu/longbow/internal/store/internal/core/parallel_search.go:68.2,68.34 1 1
github.com/23skdu/longbow/internal/store/internal/core/parallel_search.go:68.34,70.3 1 1
github.com/23skdu/longbow/internal/store/internal/core/parallel_search.go:73.2,77.49 3 1
github.com/23skdu/longbow/internal/store/internal/core/parallel_search.go:77.49,81.39 3 1
github.com/23skdu/longbow/internal/store/internal/core/parallel_search.go:81.39,83.4 1 1
github.com/23skdu/longbow/internal/store/internal/core/parallel_search.go:84.3,84.19 1 1
github.com/23skdu/longbow/internal/store/internal/core/parallel_search.go:84.19,86.4 1 1
github.com/23skdu/longbow/internal/store/internal/core/parallel_search.go:87.3,87.13 1 1
github.com/23skdu/longbow/internal/store/internal/core/parallel_search.go:90.2,100.34 6 0
github.com/23skdu/longbow/internal/store/internal/core/parallel_search.go:100.34,102.29 2 0
github.com/23skdu/longbow/internal/store/internal/core/parallel_search.go:102.29,103.9 1 0
github.com/23skdu/longbow/internal/store/internal/core/parallel_search.go:105.3,106.26 2 0
github.com/23skdu/longbow/internal/store/internal/core/parallel_search.go:106.26,108.4 1 0
github.com/23skdu/longbow/internal/store/internal/core/parallel_search.go:110.3,111.50 2 0
github.com/23skdu/longbow/internal/store/internal/core/parallel_search.go:111.50,114.4 2 0
github.com/23skdu/longbow/internal/store/internal/core/parallel_search.go:116.2,120.36 3 0
github.com/23skdu/longbow/internal/store/internal/core/parallel_search.go:120.36,122.3 1 0
github.com/23skdu/longbow/internal/store/internal/core/parallel_search.go:124.2,125.36 2 0
github.com/23skdu/longbow/internal/store/internal/core/parallel_search.go:125.36,127.3 1 0
github.com/23skdu/longbow/internal/store/internal/core/parallel_search.go:130.2,130.45 1 0
github.com/23skdu/longbow/internal/store/internal/core/parallel_search.go:130.45,132.3 1 0
github.com/23skdu/longbow/internal/store/internal/core/parallel_search.go:134.2,134.25 1 0
github.com/23skdu/longbow/internal/store/internal/core/parallel_search.go:134.25,136.3 1 0
github.com/23skdu/longbow/internal/store/internal/core/parallel_search.go:138.2,138.19 1 0
github.com/23skdu/longbow/internal/store/internal/core/parallel_search.go:142.93,143.18 1 1
github.com/23skdu/longbow/internal/store/internal/core/parallel_search.go:143.18,145.3 1 1
github.com/23skdu/longbow/internal/store/internal/core/parallel_search.go:146.2,146.33 1 0
github.com/23skdu/longbow/internal/store/internal/core/parallel_search.go:146.33,148.3 1 0
github.com/23skdu/longbow/internal/store/internal/core/parallel_search.go:149.2,149.21 1 0
github.com/23skdu/longbow/internal/store/internal/core/parallel_search.go:153.184,165.60 7 1
github.com/23skdu/longbow/internal/store/internal/core/parallel_search.go:165.60,168.3 2 1
github.com/23skdu/longbow/internal/store/internal/core/parallel_search.go:170.2,170.31 1 1
github.com/23skdu/longbow/internal/store/internal/core/parallel_search.go:170.31,173.32 2 1
github.com/23skdu/longbow/internal/store/internal/core/parallel_search.go:173.32,176.4 2 1
github.com/23skdu/longbow/internal/store/internal/core/parallel_search.go:179.3,179.16 1 1
github.com/23skdu/longbow/internal/store/internal/core/parallel_search.go:179.16,181.11 2 1
github.com/23skdu/longbow/internal/store/internal/core/parallel_search.go:182.22,183.15 1 0
github.com/23skdu/longbow/internal/store/internal/core/parallel_search.go:184.12,184.12 0 1
github.com/23skdu/longbow/internal/store/internal/core/parallel_search.go:188.3,189.26 2 1
github.com/23skdu/longbow/internal/store/internal/core/parallel_search.go:189.26,190.12 1 1
github.com/23skdu/longbow/internal/store/internal/core/parallel_search.go:192.3,192.48 1 1
github.com/23skdu/longbow/internal/store/internal/core/parallel_search.go:192.48,193.12 1 0
github.com/23skdu/longbow/internal/store/internal/core/parallel_search.go:195.3,195.21 1 1
github.com/23skdu/longbow/internal/store/internal/core/parallel_search.go:195.21,198.12 3 1
github.com/23skdu/longbow/internal/store/internal/core/parallel_search.go:201.3,202.9 2 1
github.com/23skdu/longbow/internal/store/internal/core/parallel_search.go:202.9,206.4 3 1
github.com/23skdu/longbow/internal/store/internal/core/parallel_search.go:206.9,208.4 1 0
github.com/23skdu/longbow/internal/store/internal/core/parallel_search.go:211.2,219.20 5 1
github.com/23skdu/longbow/internal/store/internal/core/parallel_search.go:219.20,222.43 3 1
github.com/23skdu/longbow/internal/store/internal/core/parallel_search.go:222.43,224.18 2 0
github.com/23skdu/longbow/internal/store/internal/core/parallel_search.go:224.18,226.5 1 0
github.com/23skdu/longbow/internal/store/internal/core/parallel_search.go:230.2,230.31 1 1
github.com/23skdu/longbow/internal/store/internal/core/parallel_search.go:230.31,231.16 1 1
github.com/23skdu/longbow/internal/store/internal/core/parallel_search.go:231.16,233.11 2 1
github.com/23skdu/longbow/internal/store/internal/core/parallel_search.go:234.22,235.23 1 0
github.com/23skdu/longbow/internal/store/internal/core/parallel_search.go:235.23,237.6 1 0
github.com/23skdu/longbow/internal/store/internal/core/parallel_search.go:238.5,238.15 1 0
github.com/23skdu/longbow/internal/store/internal/core/parallel_search.go:239.12,239.12 0 1
github.com/23skdu/longbow/internal/store/internal/core/parallel_search.go:243.3,243.16 1 1
github.com/23skdu/longbow/internal/store/internal/core/parallel_search.go:243.16,244.12 1 1
github.com/23skdu/longbow/internal/store/internal/core/parallel_search.go:247.3,247.21 1 1
github.com/23skdu/longbow/internal/store/internal/core/parallel_search.go:247.21,250.56 3 1
github.com/23skdu/longbow/internal/store/internal/core/parallel_search.go:250.56,252.33 2 1
github.com/23skdu/longbow/internal/store/internal/core/parallel_search.go:252.33,254.6 1 1
github.com/23skdu/longbow/internal/store/internal/core/parallel_search.go:255.5,255.13 1 1
github.com/23skdu/longbow/internal/store/internal/core/parallel_search.go:257.4,259.27 2 1
github.com/23skdu/longbow/internal/store/internal/core/parallel_search.go:259.27,261.12 2 0
github.com/23skdu/longbow/internal/store/internal/core/parallel_search.go:261.12,264.20 3 0
github.com/23skdu/longbow/internal/store/internal/core/parallel_search.go:264.20,265.15 1 0
github.com/23skdu/longbow/internal/store/internal/core/parallel_search.go:267.6,267.35 1 0
github.com/23skdu/longbow/internal/store/internal/core/parallel_search.go:269.5,269.32 1 0
github.com/23skdu/longbow/internal/store/internal/core/parallel_search.go:269.32,271.14 2 0
github.com/23skdu/longbow/internal/store/internal/core/parallel_search.go:273.5,273.76 1 0
github.com/23skdu/longbow/internal/store/internal/core/parallel_search.go:276.4,277.32 2 1
github.com/23skdu/longbow/internal/store/internal/core/parallel_search.go:277.32,279.5 1 1
github.com/23skdu/longbow/internal/store/internal/core/parallel_search.go:280.9,281.24 1 1
github.com/23skdu/longbow/internal/store/internal/core/parallel_search.go:281.24,282.13 1 0
github.com/23skdu/longbow/internal/store/internal/core/parallel_search.go:284.4,285.32 2 1
github.com/23skdu/longbow/internal/store/internal/core/parallel_search.go:285.32,287.5 1 1
github.com/23skdu/longbow/internal/store/internal/core/parallel_search.go:290.2,290.20 1 1
github.com/23skdu/longbow/internal/store/internal/core/parallel_search.go:290.20,292.3 1 1
github.com/23skdu/longbow/internal/store/internal/core/parallel_search.go:295.2,296.19 2 1
github.com/23skdu/longbow/internal/store/internal/core/parallel_search.go:296.19,298.3 1 1
github.com/23skdu/longbow/internal/store/internal/core/parallel_search.go:300.2,305.23 4 1
github.com/23skdu/longbow/internal/store/internal/core/parallel_search.go:305.23,307.3 1 1
github.com/23skdu/longbow/internal/store/internal/core/parallel_search.go:307.8,309.3 1 1
github.com/23skdu/longbow/internal/store/internal/core/parallel_search.go:310.2,311.15 2 1
github.com/23skdu/longbow/internal/store/internal/core/parallel_search.go:311.15,314.3 2 1
github.com/23skdu/longbow/internal/store/internal/core/parallel_search.go:316.2,318.26 2 1
github.com/23skdu/longbow/internal/store/internal/core/parallel_search.go:318.26,321.21 3 1
github.com/23skdu/longbow/internal/store/internal/core/parallel_search.go:321.21,323.4 1 1
github.com/23skdu/longbow/internal/store/internal/core/parallel_search.go:326.2,328.40 3 1
github.com/23skdu/longbow/internal/store/internal/core/parallel_search.go:328.40,329.100 1 1
github.com/23skdu/longbow/internal/store/internal/core/parallel_search.go:329.100,331.4 1 1
github.com/23skdu/longbow/internal/store/internal/core/parallel_search.go:334.2,334.16 1 1
github.com/23skdu/longbow/internal/store/internal/core/parallel_search.go:334.16,336.33 2 1
github.com/23skdu/longbow/internal/store/internal/core/parallel_search.go:336.33,338.4 1 1
github.com/23skdu/longbow/internal/store/internal/core/parallel_search.go:341.2,341.26 1 1
github.com/23skdu/longbow/internal/store/internal/core/parallel_search.go:341.26,348.3 2 1
github.com/23skdu/longbow/internal/store/internal/core/parallel_search.go:350.2,350.16 1 1
github.com/23skdu/longbow/internal/store/internal/core/perp_result_pool.go:24.57,29.2 1 1
github.com/23skdu/longbow/internal/store/internal/core/perp_result_pool.go:32.48,33.22 1 1
github.com/23skdu/longbow/internal/store/internal/core/perp_result_pool.go:33.22,35.3 1 1
github.com/23skdu/longbow/internal/store/internal/core/perp_result_pool.go:36.2,36.12 1 1
github.com/23skdu/longbow/internal/store/internal/core/perp_result_pool.go:79.32,88.2 1 1
github.com/23skdu/longbow/internal/store/internal/core/perp_result_pool.go:91.74,95.9 3 1
github.com/23skdu/longbow/internal/store/internal/core/perp_result_pool.go:96.15,98.17 2 1
github.com/23skdu/longbow/internal/store/internal/core/perp_result_pool.go:99.15,101.17 2 1
github.com/23skdu/longbow/internal/store/internal/core/perp_result_pool.go:102.15,104.17 2 1
github.com/23skdu/longbow/internal/store/internal/core/perp_result_pool.go:105.16,107.18 2 1
github.com/23skdu/longbow/internal/store/internal/core/perp_result_pool.go:108.16,110.18 2 1
github.com/23skdu/longbow/internal/store/internal/core/perp_result_pool.go:111.17,113.19 2 1
github.com/23skdu/longbow/internal/store/internal/core/perp_result_pool.go:114.10,116.17 1 1
github.com/23skdu/longbow/internal/store/internal/core/perp_result_pool.go:116.17,119.4 2 1
github.com/23skdu/longbow/internal/store/internal/core/perp_result_pool.go:120.3,120.42 1 1
github.com/23skdu/longbow/internal/store/internal/core/perp_result_pool.go:123.2,123.16 1 1
github.com/23skdu/longbow/internal/store/internal/core/perp_result_pool.go:123.16,125.3 1 1
github.com/23skdu/longbow/internal/store/internal/core/perp_result_pool.go:127.2,127.16 1 1
github.com/23skdu/longbow/internal/store/internal/core/perp_result_pool.go:127.16,129.17 1 1
github.com/23skdu/longbow/internal/store/internal/core/perp_result_pool.go:129.17,131.4 1 1
github.com/23skdu/longbow/internal/store/internal/core/perp_result_pool.go:132.3,133.22 2 1
github.com/23skdu/longbow/internal/store/internal/core/perp_result_pool.go:137.2,137.16 1 1
github.com/23skdu/longbow/internal/store/internal/core/perp_result_pool.go:137.16,139.3 1 1
github.com/23skdu/longbow/internal/store/internal/core/perp_result_pool.go:140.2,144.23 3 1
github.com/23skdu/longbow/internal/store/internal/core/perp_result_pool.go:144.23,146.3 1 1
github.com/23skdu/longbow/internal/store/internal/core/perp_result_pool.go:147.2,147.20 1 1
github.com/23skdu/longbow/internal/store/internal/core/perp_result_pool.go:151.66,152.18 1 1
github.com/23skdu/longbow/internal/store/internal/core/perp_result_pool.go:152.18,154.3 1 0
github.com/23skdu/longbow/internal/store/internal/core/perp_result_pool.go:157.2,160.16 3 1
github.com/23skdu/longbow/internal/store/internal/core/perp_result_pool.go:160.16,162.3 1 1
github.com/23skdu/longbow/internal/store/internal/core/perp_result_pool.go:164.2,164.18 1 1
github.com/23skdu/longbow/internal/store/internal/core/perp_result_pool.go:165.10,166.23 1 1
github.com/23skdu/longbow/internal/store/internal/core/perp_result_pool.go:167.10,168.23 1 1
github.com/23skdu/longbow/internal/store/internal/core/perp_result_pool.go:169.10,170.23 1 1
github.com/23skdu/longbow/internal/store/internal/core/perp_result_pool.go:171.11,172.24 1 1
github.com/23skdu/longbow/internal/store/internal/core/perp_result_pool.go:173.11,174.24 1 1
github.com/23skdu/longbow/internal/store/internal/core/perp_result_pool.go:175.12,176.25 1 1
github.com/23skdu/longbow/internal/store/internal/core/perp_result_pool.go:181.44,188.2 1 1
github.com/23skdu/longbow/internal/store/internal/core/perp_result_pool.go:190.34,195.2 4 1
github.com/23skdu/longbow/internal/store/internal/core/perp_result_pool.go:211.70,213.19 2 1
github.com/23skdu/longbow/internal/store/internal/core/perp_result_pool.go:213.19,215.3 1 1
github.com/23skdu/longbow/internal/store/internal/core/perp_result_pool.go:217.2,217.39 1 1
github.com/23skdu/longbow/internal/store/internal/core/perp_result_pool.go:217.39,220.3 1 0
github.com/23skdu/longbow/internal/store/internal/core/perp_result_pool.go:222.2,223.24 2 1
github.com/23skdu/longbow/internal/store/internal/core/perp_result_pool.go:223.24,225.3 1 1
github.com/23skdu/longbow/internal/store/internal/core/perp_result_pool.go:227.2,231.3 1 1
github.com/23skdu/longbow/internal/store/internal/core/perp_result_pool.go:235.42,237.2 1 1
github.com/23skdu/longbow/internal/store/internal/core/perp_result_pool.go:243.52,245.9 2 1
github.com/23skdu/longbow/internal/store/internal/core/perp_result_pool.go:246.15,247.13 1 1
github.com/23skdu/longbow/internal/store/internal/core/perp_result_pool.go:248.15,249.13 1 1
github.com/23skdu/longbow/internal/store/internal/core/perp_result_pool.go:250.16,251.13 1 1
github.com/23skdu/longbow/internal/store/internal/core/perp_result_pool.go:252.16,253.13 1 1
github.com/23skdu/longbow/internal/store/internal/core/perp_result_pool.go:254.17,255.13 1 1
github.com/23skdu/longbow/internal/store/internal/core/perp_result_pool.go:256.10,257.13 1 1
github.com/23skdu/longbow/internal/store/internal/core/perp_result_pool.go:259.2,259.29 1 1
github.com/23skdu/longbow/internal/store/internal/core/perp_result_pool.go:264.54,268.2 3 1
github.com/23skdu/longbow/internal/store/internal/core/perp_result_pool.go:271.54,272.18 1 1
github.com/23skdu/longbow/internal/store/internal/core/perp_result_pool.go:272.18,274.3 1 1
github.com/23skdu/longbow/internal/store/internal/core/perp_result_pool.go:275.2,276.46 2 1
github.com/23skdu/longbow/internal/store/internal/core/perp_result_pool.go:280.54,282.29 2 1
github.com/23skdu/longbow/internal/store/internal/core/perp_result_pool.go:282.29,288.3 5 1
github.com/23skdu/longbow/internal/store/internal/core/perp_result_pool.go:289.2,289.14 1 1
github.com/23skdu/longbow/internal/store/internal/core/perp_result_pool.go:293.59,295.29 2 1
github.com/23skdu/longbow/internal/store/internal/core/perp_result_pool.go:295.29,298.3 2 1
github.com/23skdu/longbow/internal/store/internal/core/perp_result_pool.go:299.2,299.14 1 1
github.com/23skdu/longbow/internal/store/internal/core/perp_result_pool.go:303.39,304.29 1 1
github.com/23skdu/longbow/internal/store/internal/core/perp_result_pool.go:304.29,306.3 1 1
github.com/23skdu/longbow/internal/store/internal/core/pq_training.go:11.56,15.23 3 1
github.com/23skdu/longbow/internal/store/internal/core/pq_training.go:15.23,17.3 1 0
github.com/23skdu/longbow/internal/store/internal/core/pq_training.go:19.2,20.15 2 1
github.com/23skdu/longbow/internal/store/internal/core/pq_training.go:20.15,22.3 1 0
github.com/23skdu/longbow/internal/store/internal/core/pq_training.go:24.2,25.12 2 1
github.com/23skdu/longbow/internal/store/internal/core/pq_training.go:25.12,27.10 1 0
github.com/23skdu/longbow/internal/store/internal/core/pq_training.go:28.20,29.16 1 0
github.com/23skdu/longbow/internal/store/internal/core/pq_training.go:30.20,31.16 1 0
github.com/23skdu/longbow/internal/store/internal/core/pq_training.go:32.11,33.9 1 0
github.com/23skdu/longbow/internal/store/internal/core/pq_training.go:37.2,38.12 2 1
github.com/23skdu/longbow/internal/store/internal/core/pq_training.go:38.12,40.3 1 0
github.com/23skdu/longbow/internal/store/internal/core/pq_training.go:42.2,43.16 2 1
github.com/23skdu/longbow/internal/store/internal/core/pq_training.go:43.16,45.3 1 0
github.com/23skdu/longbow/internal/store/internal/core/pq_training.go:47.2,48.12 2 1
github.com/23skdu/longbow/internal/store/internal/core/pq_training.go:48.12,51.29 2 0
github.com/23skdu/longbow/internal/store/internal/core/pq_training.go:51.29,53.4 1 0
github.com/23skdu/longbow/internal/store/internal/core/pq_training.go:54.3,54.59 1 0
github.com/23skdu/longbow/internal/store/internal/core/pq_training.go:54.59,56.4 1 0
github.com/23skdu/longbow/internal/store/internal/core/pq_training.go:56.9,58.49 1 0
github.com/23skdu/longbow/internal/store/internal/core/pq_training.go:58.49,60.5 1 0
github.com/23skdu/longbow/internal/store/internal/core/pq_training.go:62.8,63.48 1 1
github.com/23skdu/longbow/internal/store/internal/core/pq_training.go:63.48,65.4 1 0
github.com/23skdu/longbow/internal/store/internal/core/pq_training.go:68.2,74.6 5 1
github.com/23skdu/longbow/internal/store/internal/core/pq_training.go:74.6,76.21 2 1
github.com/23skdu/longbow/internal/store/internal/core/pq_training.go:76.21,77.9 1 0
github.com/23skdu/longbow/internal/store/internal/core/pq_training.go:79.3,82.46 4 1
github.com/23skdu/longbow/internal/store/internal/core/pq_training.go:82.46,83.9 1 1
github.com/23skdu/longbow/internal/store/internal/core/pq_training.go:87.2,88.63 2 1
github.com/23skdu/longbow/internal/store/internal/core/pq_training.go:88.63,91.21 3 0
github.com/23skdu/longbow/internal/store/internal/core/pq_training.go:91.21,93.4 1 0
github.com/23skdu/longbow/internal/store/internal/core/pq_training.go:95.3,95.25 1 0
github.com/23skdu/longbow/internal/store/internal/core/pq_training.go:95.25,97.4 1 0
github.com/23skdu/longbow/internal/store/internal/core/pq_training.go:99.2,99.17 1 1
github.com/23skdu/longbow/internal/store/internal/core/pq_training.go:99.17,101.32 2 1
github.com/23skdu/longbow/internal/store/internal/core/pq_training.go:101.32,103.4 1 1
github.com/23skdu/longbow/internal/store/internal/core/pq_training.go:104.3,104.60 1 1
github.com/23skdu/longbow/internal/store/internal/core/pq_training.go:104.60,106.4 1 0
github.com/23skdu/longbow/internal/store/internal/core/pq_training.go:108.3,110.28 2 1
github.com/23skdu/longbow/internal/store/internal/core/pq_training.go:110.28,115.27 4 1
github.com/23skdu/longbow/internal/store/internal/core/pq_training.go:115.27,118.47 2 0
github.com/23skdu/longbow/internal/store/internal/core/pq_training.go:118.47,120.25 2 0
github.com/23skdu/longbow/internal/store/internal/core/pq_training.go:120.25,122.7 1 0
github.com/23skdu/longbow/internal/store/internal/core/pq_training.go:125.6,128.31 3 0
github.com/23skdu/longbow/internal/store/internal/core/pq_training.go:128.31,130.40 2 0
github.com/23skdu/longbow/internal/store/internal/core/pq_training.go:130.40,133.8 2 0
github.com/23skdu/longbow/internal/store/internal/core/pq_training.go:136.6,136.31 1 0
github.com/23skdu/longbow/internal/store/internal/core/pq_training.go:136.31,138.21 2 0
github.com/23skdu/longbow/internal/store/internal/core/pq_training.go:138.21,140.39 1 0
github.com/23skdu/longbow/internal/store/internal/core/pq_training.go:140.39,143.63 3 0
github.com/23skdu/longbow/internal/store/internal/core/pq_training.go:143.63,145.10 1 0
github.com/23skdu/longbow/internal/store/internal/core/pq_training.go:150.10,152.52 1 1
github.com/23skdu/longbow/internal/store/internal/core/pq_training.go:152.52,154.39 2 1
github.com/23skdu/longbow/internal/store/internal/core/pq_training.go:154.39,156.21 2 1
github.com/23skdu/longbow/internal/store/internal/core/pq_training.go:156.21,159.62 3 1
github.com/23skdu/longbow/internal/store/internal/core/pq_training.go:159.62,161.9 1 1
github.com/23skdu/longbow/internal/store/internal/core/pq_training.go:169.2,169.12 1 1
github.com/23skdu/longbow/internal/store/internal/core/quantization_integration.go:10.74,11.23 1 1
github.com/23skdu/longbow/internal/store/internal/core/quantization_integration.go:11.23,13.3 1 1
github.com/23skdu/longbow/internal/store/internal/core/quantization_integration.go:15.2,18.23 3 1
github.com/23skdu/longbow/internal/store/internal/core/quantization_integration.go:18.23,20.3 1 0
github.com/23skdu/longbow/internal/store/internal/core/quantization_integration.go:22.2,23.24 2 1
github.com/23skdu/longbow/internal/store/internal/core/quantization_integration.go:23.24,25.3 1 1
github.com/23skdu/longbow/internal/store/internal/core/quantization_integration.go:27.2,27.29 1 1
github.com/23skdu/longbow/internal/store/internal/core/quantization_integration.go:27.29,30.3 2 0
github.com/23skdu/longbow/internal/store/internal/core/quantization_integration.go:33.2,33.33 1 1
github.com/23skdu/longbow/internal/store/internal/core/quantization_integration.go:33.33,37.3 3 1
github.com/23skdu/longbow/internal/store/internal/core/quantization_integration.go:40.2,41.20 2 1
github.com/23skdu/longbow/internal/store/internal/core/quantization_integration.go:41.20,43.3 1 0
github.com/23skdu/longbow/internal/store/internal/core/quantization_integration.go:45.2,45.43 1 1
github.com/23skdu/longbow/internal/store/internal/core/quantization_integration.go:45.43,50.19 2 1
github.com/23skdu/longbow/internal/store/internal/core/quantization_integration.go:50.19,52.50 2 1
github.com/23skdu/longbow/internal/store/internal/core/quantization_integration.go:52.50,57.24 4 1
github.com/23skdu/longbow/internal/store/internal/core/quantization_integration.go:57.24,58.14 1 0
github.com/23skdu/longbow/internal/store/internal/core/quantization_integration.go:61.5,65.36 4 1
github.com/23skdu/longbow/internal/store/internal/core/quantization_integration.go:65.36,66.14 1 0
github.com/23skdu/longbow/internal/store/internal/core/quantization_integration.go:68.5,72.24 3 1
github.com/23skdu/longbow/internal/store/internal/core/quantization_integration.go:72.24,74.38 2 1
github.com/23skdu/longbow/internal/store/internal/core/quantization_integration.go:74.38,77.7 2 1
github.com/23skdu/longbow/internal/store/internal/core/quantization_integration.go:83.3,85.37 3 1
github.com/23skdu/longbow/internal/store/internal/core/quantization_integration.go:85.37,87.4 1 1
github.com/23skdu/longbow/internal/store/internal/core/result_pool.go:32.34,35.20 1 1
github.com/23skdu/longbow/internal/store/internal/core/result_pool.go:35.20,38.5 2 1
github.com/23skdu/longbow/internal/store/internal/core/result_pool.go:41.20,44.5 2 1
github.com/23skdu/longbow/internal/store/internal/core/result_pool.go:47.20,50.5 2 1
github.com/23skdu/longbow/internal/store/internal/core/result_pool.go:53.20,56.5 2 1
github.com/23skdu/longbow/internal/store/internal/core/result_pool.go:59.20,62.5 2 0
github.com/23skdu/longbow/internal/store/internal/core/result_pool.go:65.20,68.5 2 1
github.com/23skdu/longbow/internal/store/internal/core/result_pool.go:71.20,74.5 2 1
github.com/23skdu/longbow/internal/store/internal/core/result_pool.go:77.20,80.5 2 1
github.com/23skdu/longbow/internal/store/internal/core/result_pool.go:89.50,92.9 2 1
github.com/23skdu/longbow/internal/store/internal/core/result_pool.go:94.15,96.15 2 1
github.com/23skdu/longbow/internal/store/internal/core/result_pool.go:97.15,99.15 2 1
github.com/23skdu/longbow/internal/store/internal/core/result_pool.go:100.15,102.15 2 1
github.com/23skdu/longbow/internal/store/internal/core/result_pool.go:103.16,105.15 2 1
github.com/23skdu/longbow/internal/store/internal/core/result_pool.go:106.16,108.15 2 0
github.com/23skdu/longbow/internal/store/internal/core/result_pool.go:109.16,111.15 2 1
github.com/23skdu/longbow/internal/store/internal/core/result_pool.go:112.16,114.15 2 0
github.com/23skdu/longbow/internal/store/internal/core/result_pool.go:115.17,117.15 2 1
github.com/23skdu/longbow/internal/store/internal/core/result_pool.go:119.14,121.21 2 1
github.com/23skdu/longbow/internal/store/internal/core/result_pool.go:122.14,124.21 2 1
github.com/23skdu/longbow/internal/store/internal/core/result_pool.go:125.14,127.21 2 0
github.com/23skdu/longbow/internal/store/internal/core/result_pool.go:128.15,130.21 2 0
github.com/23skdu/longbow/internal/store/internal/core/result_pool.go:131.15,133.21 2 0
github.com/23skdu/longbow/internal/store/internal/core/result_pool.go:134.15,136.21 2 1
github.com/23skdu/longbow/internal/store/internal/core/result_pool.go:137.15,139.21 2 1
github.com/23skdu/longbow/internal/store/internal/core/result_pool.go:140.16,142.21 2 1
github.com/23skdu/longbow/internal/store/internal/core/result_pool.go:143.10,146.15 2 1
github.com/23skdu/longbow/internal/store/internal/core/result_pool.go:150.2,150.23 1 1
github.com/23skdu/longbow/internal/store/internal/core/result_pool.go:150.23,152.3 1 1
github.com/23skdu/longbow/internal/store/internal/core/result_pool.go:153.2,153.14 1 1
github.com/23skdu/longbow/internal/store/internal/core/result_pool.go:157.50,158.18 1 1
github.com/23skdu/longbow/internal/store/internal/core/result_pool.go:158.18,160.3 1 1
github.com/23skdu/longbow/internal/store/internal/core/result_pool.go:163.2,166.18 3 1
github.com/23skdu/longbow/internal/store/internal/core/result_pool.go:167.10,168.23 1 1
github.com/23skdu/longbow/internal/store/internal/core/result_pool.go:169.10,170.23 1 1
github.com/23skdu/longbow/internal/store/internal/core/result_pool.go:171.10,172.23 1 1
github.com/23skdu/longbow/internal/store/internal/core/result_pool.go:173.11,174.24 1 1
github.com/23skdu/longbow/internal/store/internal/core/result_pool.go:175.11,176.24 1 0
github.com/23skdu/longbow/internal/store/internal/core/result_pool.go:177.11,178.24 1 1
github.com/23skdu/longbow/internal/store/internal/core/result_pool.go:179.11,180.24 1 1
github.com/23skdu/longbow/internal/store/internal/core/result_pool.go:181.12,182.25 1 1
github.com/23skdu/longbow/internal/store/internal/core/scalar_quantization.go:24.36,28.2 1 1
github.com/23skdu/longbow/internal/store/internal/core/scalar_quantization.go:31.38,32.14 1 1
github.com/23skdu/longbow/internal/store/internal/core/scalar_quantization.go:32.14,34.3 1 1
github.com/23skdu/longbow/internal/store/internal/core/scalar_quantization.go:36.2,36.16 1 1
github.com/23skdu/longbow/internal/store/internal/core/scalar_quantization.go:36.16,39.3 1 1
github.com/23skdu/longbow/internal/store/internal/core/scalar_quantization.go:42.2,42.30 1 1
github.com/23skdu/longbow/internal/store/internal/core/scalar_quantization.go:42.30,44.3 1 1
github.com/23skdu/longbow/internal/store/internal/core/scalar_quantization.go:47.2,47.23 1 1
github.com/23skdu/longbow/internal/store/internal/core/scalar_quantization.go:47.23,48.27 1 1
github.com/23skdu/longbow/internal/store/internal/core/scalar_quantization.go:48.27,50.4 1 1
github.com/23skdu/longbow/internal/store/internal/core/scalar_quantization.go:53.2,53.12 1 1
github.com/23skdu/longbow/internal/store/internal/core/scalar_quantization.go:64.57,65.39 1 1
github.com/23skdu/longbow/internal/store/internal/core/scalar_quantization.go:65.39,67.3 1 0
github.com/23skdu/longbow/internal/store/internal/core/scalar_quantization.go:69.2,69.18 1 1
github.com/23skdu/longbow/internal/store/internal/core/scalar_quantization.go:69.18,71.3 1 0
github.com/23skdu/longbow/internal/store/internal/core/scalar_quantization.go:73.2,77.28 4 1
github.com/23skdu/longbow/internal/store/internal/core/scalar_quantization.go:77.28,81.3 3 1
github.com/23skdu/longbow/internal/store/internal/core/scalar_quantization.go:83.2,87.8 1 1
github.com/23skdu/longbow/internal/store/internal/core/scalar_quantization.go:91.64,92.23 1 1
github.com/23skdu/longbow/internal/store/internal/core/scalar_quantization.go:92.23,94.3 1 0
github.com/23skdu/longbow/internal/store/internal/core/scalar_quantization.go:96.2,97.15 2 1
github.com/23skdu/longbow/internal/store/internal/core/scalar_quantization.go:97.15,99.3 1 0
github.com/23skdu/longbow/internal/store/internal/core/scalar_quantization.go:102.2,108.34 5 1
github.com/23skdu/longbow/internal/store/internal/core/scalar_quantization.go:108.34,109.23 1 1
github.com/23skdu/longbow/internal/store/internal/core/scalar_quantization.go:109.23,111.4 1 0
github.com/23skdu/longbow/internal/store/internal/core/scalar_quantization.go:112.3,112.25 1 1
github.com/23skdu/longbow/internal/store/internal/core/scalar_quantization.go:112.25,113.22 1 1
github.com/23skdu/longbow/internal/store/internal/core/scalar_quantization.go:113.22,115.5 1 1
github.com/23skdu/longbow/internal/store/internal/core/scalar_quantization.go:116.4,116.22 1 1
github.com/23skdu/longbow/internal/store/internal/core/scalar_quantization.go:116.22,118.5 1 1
github.com/23skdu/longbow/internal/store/internal/core/scalar_quantization.go:123.2,123.25 1 1
github.com/23skdu/longbow/internal/store/internal/core/scalar_quantization.go:123.25,124.31 1 1
github.com/23skdu/longbow/internal/store/internal/core/scalar_quantization.go:124.31,126.4 1 0
github.com/23skdu/longbow/internal/store/internal/core/scalar_quantization.go:129.2,135.27 2 1
github.com/23skdu/longbow/internal/store/internal/core/scalar_quantization.go:138.75,139.23 1 0
github.com/23skdu/longbow/internal/store/internal/core/scalar_quantization.go:139.23,141.3 1 0
github.com/23skdu/longbow/internal/store/internal/core/scalar_quantization.go:143.2,144.15 2 0
github.com/23skdu/longbow/internal/store/internal/core/scalar_quantization.go:144.15,146.3 1 0
github.com/23skdu/longbow/internal/store/internal/core/scalar_quantization.go:148.2,149.28 2 0
github.com/23skdu/longbow/internal/store/internal/core/scalar_quantization.go:149.28,151.25 2 0
github.com/23skdu/longbow/internal/store/internal/core/scalar_quantization.go:151.25,153.4 1 0
github.com/23skdu/longbow/internal/store/internal/core/scalar_quantization.go:154.3,154.14 1 0
github.com/23skdu/longbow/internal/store/internal/core/scalar_quantization.go:157.2,157.30 1 0
github.com/23skdu/longbow/internal/store/internal/core/scalar_quantization.go:160.65,161.23 1 0
github.com/23skdu/longbow/internal/store/internal/core/scalar_quantization.go:161.23,163.3 1 0
github.com/23skdu/longbow/internal/store/internal/core/scalar_quantization.go:165.2,166.15 2 0
github.com/23skdu/longbow/internal/store/internal/core/scalar_quantization.go:166.15,168.3 1 0
github.com/23skdu/longbow/internal/store/internal/core/scalar_quantization.go:170.2,171.28 2 0
github.com/23skdu/longbow/internal/store/internal/core/scalar_quantization.go:171.28,173.25 2 0
github.com/23skdu/longbow/internal/store/internal/core/scalar_quantization.go:173.25,175.4 1 0
github.com/23skdu/longbow/internal/store/internal/core/scalar_quantization.go:176.3,176.14 1 0
github.com/23skdu/longbow/internal/store/internal/core/scalar_quantization.go:179.2,179.30 1 0
github.com/23skdu/longbow/internal/store/internal/core/scalar_quantization.go:183.33,185.2 1 1
github.com/23skdu/longbow/internal/store/internal/core/scalar_quantization.go:188.63,190.2 1 1
github.com/23skdu/longbow/internal/store/internal/core/scalar_quantization.go:193.52,197.2 3 1
github.com/23skdu/longbow/internal/store/internal/core/scalar_quantization.go:201.61,202.24 1 1
github.com/23skdu/longbow/internal/store/internal/core/scalar_quantization.go:202.24,204.26 1 1
github.com/23skdu/longbow/internal/store/internal/core/scalar_quantization.go:204.26,206.4 1 1
github.com/23skdu/longbow/internal/store/internal/core/scalar_quantization.go:206.9,206.33 1 1
github.com/23skdu/longbow/internal/store/internal/core/scalar_quantization.go:206.33,208.4 1 1
github.com/23skdu/longbow/internal/store/internal/core/scalar_quantization.go:211.3,214.29 2 1
github.com/23skdu/longbow/internal/store/internal/core/scalar_quantization.go:219.58,223.2 3 1
github.com/23skdu/longbow/internal/store/internal/core/scalar_quantization.go:225.63,227.26 2 0
github.com/23skdu/longbow/internal/store/internal/core/scalar_quantization.go:227.26,229.3 1 0
github.com/23skdu/longbow/internal/store/internal/core/scalar_quantization.go:230.2,230.22 1 0
github.com/23skdu/longbow/internal/store/internal/core/scalar_quantization.go:233.53,235.26 2 0
github.com/23skdu/longbow/internal/store/internal/core/scalar_quantization.go:235.26,237.3 1 0
github.com/23skdu/longbow/internal/store/internal/core/scalar_quantization.go:238.2,238.22 1 0
github.com/23skdu/longbow/internal/store/internal/core/scalar_quantization.go:242.67,243.30 1 1
github.com/23skdu/longbow/internal/store/internal/core/scalar_quantization.go:243.30,245.3 1 1
github.com/23skdu/longbow/internal/store/internal/core/scalar_quantization.go:254.68,256.20 2 1
github.com/23skdu/longbow/internal/store/internal/core/scalar_quantization.go:256.20,263.3 4 1
github.com/23skdu/longbow/internal/store/internal/core/scalar_quantization.go:264.2,264.41 1 1
github.com/23skdu/longbow/internal/store/internal/core/scalar_quantization.go:270.45,272.20 2 1
github.com/23skdu/longbow/internal/store/internal/core/scalar_quantization.go:272.20,276.3 2 1
github.com/23skdu/longbow/internal/store/internal/core/scalar_quantization.go:277.2,277.12 1 1
github.com/23skdu/longbow/internal/store/internal/core/scalar_quantization.go:281.65,284.20 2 0
github.com/23skdu/longbow/internal/store/internal/core/scalar_quantization.go:284.20,291.3 5 0
github.com/23skdu/longbow/internal/store/internal/core/scalar_quantization.go:293.2,293.30 1 0
github.com/23skdu/longbow/internal/store/internal/core/scalar_quantization.go:293.30,295.3 1 0
github.com/23skdu/longbow/internal/store/internal/core/scalar_quantization.go:297.2,298.21 2 0
github.com/23skdu/longbow/internal/store/internal/core/search_arena.go:22.48,27.2 1 1
github.com/23skdu/longbow/internal/store/internal/core/search_arena.go:32.46,33.15 1 1
github.com/23skdu/longbow/internal/store/internal/core/search_arena.go:33.15,35.3 1 1
github.com/23skdu/longbow/internal/store/internal/core/search_arena.go:36.2,36.32 1 1
github.com/23skdu/longbow/internal/store/internal/core/search_arena.go:36.32,38.3 1 1
github.com/23skdu/longbow/internal/store/internal/core/search_arena.go:39.2,41.15 3 1
github.com/23skdu/longbow/internal/store/internal/core/search_arena.go:46.31,48.2 1 1
github.com/23skdu/longbow/internal/store/internal/core/search_arena.go:51.33,53.2 1 1
github.com/23skdu/longbow/internal/store/internal/core/search_arena.go:56.36,58.2 1 1
github.com/23skdu/longbow/internal/store/internal/core/search_arena.go:61.39,63.2 1 1
github.com/23skdu/longbow/internal/store/internal/core/search_arena.go:68.62,69.16 1 1
github.com/23skdu/longbow/internal/store/internal/core/search_arena.go:69.16,71.3 1 0
github.com/23skdu/longbow/internal/store/internal/core/search_arena.go:74.2,81.44 5 1
github.com/23skdu/longbow/internal/store/internal/core/search_arena.go:81.44,83.3 1 1
github.com/23skdu/longbow/internal/store/internal/core/search_arena.go:86.2,90.45 3 1
github.com/23skdu/longbow/internal/store/internal/core/search_arena.go:96.70,97.16 1 1
github.com/23skdu/longbow/internal/store/internal/core/search_arena.go:97.16,99.3 1 1
github.com/23skdu/longbow/internal/store/internal/core/search_arena.go:102.2,109.44 5 1
github.com/23skdu/longbow/internal/store/internal/core/search_arena.go:109.44,111.3 1 1
github.com/23skdu/longbow/internal/store/internal/core/search_arena.go:114.2,118.52 3 1
github.com/23skdu/longbow/internal/store/internal/core/search_arena.go:127.18,129.3 1 0
github.com/23skdu/longbow/internal/store/internal/core/search_arena.go:135.30,138.2 2 0
github.com/23skdu/longbow/internal/store/internal/core/search_arena.go:142.35,144.18 2 0
github.com/23skdu/longbow/internal/store/internal/core/search_arena.go:144.18,146.3 1 0
github.com/23skdu/longbow/internal/store/internal/core/search_arena.go:147.2,148.22 2 0
github.com/23skdu/longbow/internal/store/internal/core/skip_list.go:27.50,33.2 1 1
github.com/23skdu/longbow/internal/store/internal/core/skip_list.go:36.50,44.6 3 1
github.com/23skdu/longbow/internal/store/internal/core/skip_list.go:44.6,47.45 2 1
github.com/23skdu/longbow/internal/store/internal/core/skip_list.go:47.45,49.4 1 1
github.com/23skdu/longbow/internal/store/internal/core/skip_list.go:51.3,51.31 1 1
github.com/23skdu/longbow/internal/store/internal/core/skip_list.go:51.31,53.4 1 1
github.com/23skdu/longbow/internal/store/internal/core/skip_list.go:56.3,58.50 3 1
github.com/23skdu/longbow/internal/store/internal/core/skip_list.go:58.50,59.12 1 0
github.com/23skdu/longbow/internal/store/internal/core/skip_list.go:63.3,63.31 1 1
github.com/23skdu/longbow/internal/store/internal/core/skip_list.go:63.31,64.8 1 1
github.com/23skdu/longbow/internal/store/internal/core/skip_list.go:64.8,67.51 3 1
github.com/23skdu/longbow/internal/store/internal/core/skip_list.go:67.51,68.11 1 1
github.com/23skdu/longbow/internal/store/internal/core/skip_list.go:71.5,71.32 1 0
github.com/23skdu/longbow/internal/store/internal/core/skip_list.go:74.3,74.9 1 1
github.com/23skdu/longbow/internal/store/internal/core/skip_list.go:79.57,81.45 2 0
github.com/23skdu/longbow/internal/store/internal/core/skip_list.go:81.45,82.7 1 0
github.com/23skdu/longbow/internal/store/internal/core/skip_list.go:82.7,84.38 2 0
github.com/23skdu/longbow/internal/store/internal/core/skip_list.go:84.38,85.39 1 0
github.com/23skdu/longbow/internal/store/internal/core/skip_list.go:85.39,87.6 1 0
github.com/23skdu/longbow/internal/store/internal/core/skip_list.go:88.5,88.10 1 0
github.com/23skdu/longbow/internal/store/internal/core/skip_list.go:90.4,90.15 1 0
github.com/23skdu/longbow/internal/store/internal/core/skip_list.go:93.2,93.14 1 0
github.com/23skdu/longbow/internal/store/internal/core/skip_list.go:97.95,101.45 4 1
github.com/23skdu/longbow/internal/store/internal/core/skip_list.go:101.45,102.7 1 1
github.com/23skdu/longbow/internal/store/internal/core/skip_list.go:102.7,104.38 2 1
github.com/23skdu/longbow/internal/store/internal/core/skip_list.go:104.38,107.10 3 1
github.com/23skdu/longbow/internal/store/internal/core/skip_list.go:109.4,109.15 1 1
github.com/23skdu/longbow/internal/store/internal/core/skip_list.go:112.2,112.21 1 1
github.com/23skdu/longbow/internal/store/internal/core/skip_list.go:115.49,117.61 2 1
github.com/23skdu/longbow/internal/store/internal/core/skip_list.go:117.61,119.3 1 1
github.com/23skdu/longbow/internal/store/internal/core/skip_list.go:120.2,120.12 1 1
github.com/23skdu/longbow/internal/store/internal/core/skip_list.go:124.58,127.17 2 0
github.com/23skdu/longbow/internal/store/internal/core/skip_list.go:127.17,129.3 1 0
github.com/23skdu/longbow/internal/store/internal/core/skip_list.go:130.2,131.29 2 0
github.com/23skdu/longbow/internal/store/internal/core/skip_list.go:131.29,133.18 2 0
github.com/23skdu/longbow/internal/store/internal/core/skip_list.go:133.18,134.9 1 0
github.com/23skdu/longbow/internal/store/internal/core/skip_list.go:136.3,136.14 1 0
github.com/23skdu/longbow/internal/store/internal/core/skip_list.go:138.2,138.23 1 0
github.com/23skdu/longbow/internal/store/internal/core/test_utils.go:11.51,13.25 2 1
github.com/23skdu/longbow/internal/store/internal/core/test_utils.go:13.25,15.29 2 1
github.com/23skdu/longbow/internal/store/internal/core/test_utils.go:15.29,17.4 1 1
github.com/23skdu/longbow/internal/store/internal/core/test_utils.go:19.2,19.16 1 1
github.com/23skdu/longbow/internal/store/internal/core/test_utils.go:23.97,36.30 6 1
github.com/23skdu/longbow/internal/store/internal/core/test_utils.go:36.30,38.25 2 1
github.com/23skdu/longbow/internal/store/internal/core/test_utils.go:38.25,40.4 1 1
github.com/23skdu/longbow/internal/store/internal/core/test_utils.go:43.2,43.33 1 1
github.com/23skdu/longbow/internal/store/internal/core/test_utils.go:47.62,52.2 4 1
github.com/23skdu/longbow/internal/store/internal/core/turboquant.go:24.86,26.18 2 1
github.com/23skdu/longbow/internal/store/internal/core/turboquant.go:26.18,28.3 1 1
github.com/23skdu/longbow/internal/store/internal/core/turboquant.go:29.2,33.3 1 1
github.com/23skdu/longbow/internal/store/internal/core/turboquant.go:37.67,43.65 3 1
github.com/23skdu/longbow/internal/store/internal/core/turboquant.go:43.65,45.3 1 0
github.com/23skdu/longbow/internal/store/internal/core/turboquant.go:51.2,53.16 3 1
github.com/23skdu/longbow/internal/store/internal/core/turboquant.go:53.16,55.3 1 0
github.com/23skdu/longbow/internal/store/internal/core/turboquant.go:58.2,64.30 4 1
github.com/23skdu/longbow/internal/store/internal/core/turboquant.go:64.30,65.25 1 1
github.com/23skdu/longbow/internal/store/internal/core/turboquant.go:65.25,67.4 1 1
github.com/23skdu/longbow/internal/store/internal/core/turboquant.go:72.2,84.20 6 1
github.com/23skdu/longbow/internal/store/internal/core/turboquant.go:88.103,90.12 2 1
github.com/23skdu/longbow/internal/store/internal/core/turboquant.go:90.12,92.3 1 1
github.com/23skdu/longbow/internal/store/internal/core/turboquant.go:94.2,99.27 2 1
github.com/23skdu/longbow/internal/store/internal/core/turboquant.go:99.27,109.3 6 1
github.com/23skdu/longbow/internal/store/internal/core/turboquant.go:112.2,112.57 1 1
github.com/23skdu/longbow/internal/store/internal/core/turboquant.go:116.104,118.12 2 1
github.com/23skdu/longbow/internal/store/internal/core/turboquant.go:118.12,121.3 2 1
github.com/23skdu/longbow/internal/store/internal/core/turboquant.go:124.2,128.27 3 1
github.com/23skdu/longbow/internal/store/internal/core/turboquant.go:128.27,134.3 5 1
github.com/23skdu/longbow/internal/store/internal/core/turboquant.go:137.70,143.31 4 1
github.com/23skdu/longbow/internal/store/internal/core/turboquant.go:143.31,146.15 2 1
github.com/23skdu/longbow/internal/store/internal/core/turboquant.go:146.15,148.4 1 0
github.com/23skdu/longbow/internal/store/internal/core/turboquant.go:149.3,149.15 1 1
github.com/23skdu/longbow/internal/store/internal/core/turboquant.go:149.15,151.4 1 0
github.com/23skdu/longbow/internal/store/internal/core/turboquant.go:154.3,157.29 2 1
github.com/23skdu/longbow/internal/store/internal/core/turboquant.go:157.29,158.35 1 1
github.com/23skdu/longbow/internal/store/internal/core/turboquant.go:158.35,160.5 1 1
github.com/23skdu/longbow/internal/store/internal/core/turboquant.go:161.4,161.16 1 1
github.com/23skdu/longbow/internal/store/internal/core/turboquant.go:168.68,189.30 10 1
github.com/23skdu/longbow/internal/store/internal/core/turboquant.go:189.30,190.49 1 1
github.com/23skdu/longbow/internal/store/internal/core/turboquant.go:190.49,195.4 2 1
github.com/23skdu/longbow/internal/store/internal/core/turboquant.go:195.9,197.4 1 1
github.com/23skdu/longbow/internal/store/internal/core/turboquant.go:200.2,200.19 1 1
github.com/23skdu/longbow/internal/store/internal/core/turboquant.go:203.69,208.21 4 1
github.com/23skdu/longbow/internal/store/internal/core/turboquant.go:208.21,210.29 2 1
github.com/23skdu/longbow/internal/store/internal/core/turboquant.go:210.29,211.64 1 1
github.com/23skdu/longbow/internal/store/internal/core/turboquant.go:211.64,213.5 1 1
github.com/23skdu/longbow/internal/store/internal/core/turboquant.go:214.4,214.16 1 1
github.com/23skdu/longbow/internal/store/internal/core/turboquant.go:218.3,219.36 2 1
github.com/23skdu/longbow/internal/store/internal/core/turboquant.go:224.49,225.15 1 0
github.com/23skdu/longbow/internal/store/internal/core/turboquant.go:225.15,227.3 1 0
github.com/23skdu/longbow/internal/store/internal/core/turboquant.go:228.2,231.34 4 0
github.com/23skdu/longbow/internal/store/internal/core/turboquant.go:235.46,237.2 1 0
