mode: set
github.com/23skdu/longbow/internal/onnx/onnx.go:22.19,23.17 1 1
github.com/23skdu/longbow/internal/onnx/onnx.go:23.17,26.20 2 1
github.com/23skdu/longbow/internal/onnx/onnx.go:26.20,27.32 1 1
github.com/23skdu/longbow/internal/onnx/onnx.go:27.32,29.47 2 1
github.com/23skdu/longbow/internal/onnx/onnx.go:29.47,31.6 1 1
github.com/23skdu/longbow/internal/onnx/onnx.go:32.10,32.38 1 0
github.com/23skdu/longbow/internal/onnx/onnx.go:32.38,34.47 2 0
github.com/23skdu/longbow/internal/onnx/onnx.go:34.47,36.6 1 0
github.com/23skdu/longbow/internal/onnx/onnx.go:37.10,39.5 1 0
github.com/23skdu/longbow/internal/onnx/onnx.go:42.3,43.53 2 1
github.com/23skdu/longbow/internal/onnx/onnx.go:43.53,45.4 1 1
github.com/23skdu/longbow/internal/onnx/onnx.go:45.9,47.4 1 0
github.com/23skdu/longbow/internal/onnx/onnx.go:49.2,49.16 1 1
github.com/23skdu/longbow/internal/onnx/onnx.go:62.53,64.82 1 1
github.com/23skdu/longbow/internal/onnx/onnx.go:64.82,66.17 2 0
github.com/23skdu/longbow/internal/onnx/onnx.go:66.17,67.54 1 0
github.com/23skdu/longbow/internal/onnx/onnx.go:67.54,72.5 1 0
github.com/23skdu/longbow/internal/onnx/onnx.go:73.4,73.18 1 0
github.com/23skdu/longbow/internal/onnx/onnx.go:78.2,78.31 1 1
github.com/23skdu/longbow/internal/onnx/onnx.go:78.31,80.3 1 1
github.com/23skdu/longbow/internal/onnx/onnx.go:83.2,84.16 2 0
github.com/23skdu/longbow/internal/onnx/onnx.go:84.16,86.3 1 0
github.com/23skdu/longbow/internal/onnx/onnx.go:87.2,89.29 2 0
github.com/23skdu/longbow/internal/onnx/onnx.go:89.29,92.3 1 0
github.com/23skdu/longbow/internal/onnx/onnx.go:95.2,98.16 4 0
github.com/23skdu/longbow/internal/onnx/onnx.go:98.16,100.3 1 0
github.com/23skdu/longbow/internal/onnx/onnx.go:102.2,110.15 4 0
github.com/23skdu/longbow/internal/onnx/onnx.go:116.94,117.15 1 1
github.com/23skdu/longbow/internal/onnx/onnx.go:117.15,119.3 1 0
github.com/23skdu/longbow/internal/onnx/onnx.go:121.2,121.25 1 1
github.com/23skdu/longbow/internal/onnx/onnx.go:121.25,123.3 1 1
github.com/23skdu/longbow/internal/onnx/onnx.go:125.2,126.18 2 0
github.com/23skdu/longbow/internal/onnx/onnx.go:126.18,128.3 1 0
github.com/23skdu/longbow/internal/onnx/onnx.go:137.2,142.27 4 0
github.com/23skdu/longbow/internal/onnx/onnx.go:142.27,145.49 3 0
github.com/23skdu/longbow/internal/onnx/onnx.go:145.49,148.4 2 0
github.com/23skdu/longbow/internal/onnx/onnx.go:152.2,166.36 8 0
github.com/23skdu/longbow/internal/onnx/onnx.go:166.36,167.31 1 0
github.com/23skdu/longbow/internal/onnx/onnx.go:167.31,169.9 2 0
github.com/23skdu/longbow/internal/onnx/onnx.go:172.2,172.21 1 0
github.com/23skdu/longbow/internal/onnx/onnx.go:172.21,177.3 4 0
github.com/23skdu/longbow/internal/onnx/onnx.go:179.2,181.36 2 0
github.com/23skdu/longbow/internal/onnx/onnx.go:181.36,182.37 1 0
github.com/23skdu/longbow/internal/onnx/onnx.go:182.37,184.4 1 0
github.com/23skdu/longbow/internal/onnx/onnx.go:187.2,189.16 3 0
github.com/23skdu/longbow/internal/onnx/onnx.go:189.16,191.3 1 0
github.com/23skdu/longbow/internal/onnx/onnx.go:192.2,192.15 1 0
github.com/23skdu/longbow/internal/onnx/onnx.go:192.15,193.29 1 0
github.com/23skdu/longbow/internal/onnx/onnx.go:193.29,194.16 1 0
github.com/23skdu/longbow/internal/onnx/onnx.go:194.16,196.5 1 0
github.com/23skdu/longbow/internal/onnx/onnx.go:201.2,201.23 1 0
github.com/23skdu/longbow/internal/onnx/onnx.go:201.23,203.3 1 0
github.com/23skdu/longbow/internal/onnx/onnx.go:205.2,206.36 2 0
github.com/23skdu/longbow/internal/onnx/onnx.go:209.33,210.15 1 1
github.com/23skdu/longbow/internal/onnx/onnx.go:210.15,212.3 1 0
github.com/23skdu/longbow/internal/onnx/onnx.go:213.2,213.25 1 1
github.com/23skdu/longbow/internal/onnx/onnx.go:213.25,215.3 1 0
github.com/23skdu/longbow/internal/onnx/onnx.go:216.2,216.12 1 1
github.com/23skdu/longbow/internal/simd/batch_operations.go:17.103,18.34 1 1
github.com/23skdu/longbow/internal/simd/batch_operations.go:18.34,20.3 1 0
github.com/23skdu/longbow/internal/simd/batch_operations.go:21.2,21.23 1 1
github.com/23skdu/longbow/internal/simd/batch_operations.go:21.23,23.3 1 0
github.com/23skdu/longbow/internal/simd/batch_operations.go:24.2,24.63 1 1
github.com/23skdu/longbow/internal/simd/batch_operations.go:29.92,30.34 1 1
github.com/23skdu/longbow/internal/simd/batch_operations.go:30.34,32.3 1 0
github.com/23skdu/longbow/internal/simd/batch_operations.go:33.2,33.23 1 1
github.com/23skdu/longbow/internal/simd/batch_operations.go:33.23,35.3 1 0
github.com/23skdu/longbow/internal/simd/batch_operations.go:36.2,37.17 2 1
github.com/23skdu/longbow/internal/simd/batch_operations.go:37.17,38.29 1 0
github.com/23skdu/longbow/internal/simd/batch_operations.go:38.29,39.33 1 0
github.com/23skdu/longbow/internal/simd/batch_operations.go:39.33,41.13 2 0
github.com/23skdu/longbow/internal/simd/batch_operations.go:43.4,44.18 2 0
github.com/23skdu/longbow/internal/simd/batch_operations.go:46.3,46.13 1 0
github.com/23skdu/longbow/internal/simd/batch_operations.go:48.2,48.17 1 1
github.com/23skdu/longbow/internal/simd/batch_operations.go:48.17,49.29 1 1
github.com/23skdu/longbow/internal/simd/batch_operations.go:49.29,50.33 1 1
github.com/23skdu/longbow/internal/simd/batch_operations.go:50.33,52.13 2 0
github.com/23skdu/longbow/internal/simd/batch_operations.go:54.4,55.18 2 1
github.com/23skdu/longbow/internal/simd/batch_operations.go:57.3,57.13 1 1
github.com/23skdu/longbow/internal/simd/batch_operations.go:59.2,59.72 1 1
github.com/23skdu/longbow/internal/simd/batch_operations.go:64.110,65.21 1 1
github.com/23skdu/longbow/internal/simd/batch_operations.go:65.21,67.3 1 0
github.com/23skdu/longbow/internal/simd/batch_operations.go:68.2,68.17 1 1
github.com/23skdu/longbow/internal/simd/batch_operations.go:68.17,69.35 1 0
github.com/23skdu/longbow/internal/simd/batch_operations.go:69.35,74.4 4 0
github.com/23skdu/longbow/internal/simd/batch_operations.go:75.3,75.13 1 0
github.com/23skdu/longbow/internal/simd/batch_operations.go:77.2,77.17 1 1
github.com/23skdu/longbow/internal/simd/batch_operations.go:77.17,78.35 1 1
github.com/23skdu/longbow/internal/simd/batch_operations.go:78.35,83.4 4 1
github.com/23skdu/longbow/internal/simd/batch_operations.go:84.3,84.13 1 1
github.com/23skdu/longbow/internal/simd/batch_operations.go:86.2,86.98 1 0
github.com/23skdu/longbow/internal/simd/batch_operations.go:91.100,92.34 1 1
github.com/23skdu/longbow/internal/simd/batch_operations.go:92.34,94.3 1 0
github.com/23skdu/longbow/internal/simd/batch_operations.go:95.2,95.23 1 1
github.com/23skdu/longbow/internal/simd/batch_operations.go:95.23,97.3 1 0
github.com/23skdu/longbow/internal/simd/batch_operations.go:98.2,99.32 2 1
github.com/23skdu/longbow/internal/simd/batch_operations.go:99.32,102.3 1 1
github.com/23skdu/longbow/internal/simd/batch_operations.go:103.2,103.68 1 0
github.com/23skdu/longbow/internal/simd/batch_operations.go:107.89,108.34 1 1
github.com/23skdu/longbow/internal/simd/batch_operations.go:108.34,110.3 1 0
github.com/23skdu/longbow/internal/simd/batch_operations.go:111.2,111.23 1 1
github.com/23skdu/longbow/internal/simd/batch_operations.go:111.23,113.3 1 0
github.com/23skdu/longbow/internal/simd/batch_operations.go:114.2,114.63 1 1
github.com/23skdu/longbow/internal/simd/batch_operations.go:119.90,120.44 1 1
github.com/23skdu/longbow/internal/simd/batch_operations.go:120.44,122.3 1 0
github.com/23skdu/longbow/internal/simd/batch_operations.go:123.2,123.12 1 1
github.com/23skdu/longbow/internal/simd/batch_operations.go:123.12,125.3 1 0
github.com/23skdu/longbow/internal/simd/batch_operations.go:126.2,126.59 1 1
github.com/23skdu/longbow/internal/simd/batch_operations.go:131.89,132.23 1 1
github.com/23skdu/longbow/internal/simd/batch_operations.go:132.23,134.3 1 0
github.com/23skdu/longbow/internal/simd/batch_operations.go:135.2,135.33 1 1
github.com/23skdu/longbow/internal/simd/batch_operations.go:135.33,137.3 1 0
github.com/23skdu/longbow/internal/simd/batch_operations.go:138.2,141.12 4 1
github.com/23skdu/longbow/internal/simd/batch_operations.go:146.85,147.23 1 1
github.com/23skdu/longbow/internal/simd/batch_operations.go:147.23,149.3 1 0
github.com/23skdu/longbow/internal/simd/batch_operations.go:150.2,150.33 1 1
github.com/23skdu/longbow/internal/simd/batch_operations.go:150.33,152.3 1 0
github.com/23skdu/longbow/internal/simd/batch_operations.go:153.2,156.12 4 1
github.com/23skdu/longbow/internal/simd/batch_operations.go:160.39,162.24 2 1
github.com/23skdu/longbow/internal/simd/batch_operations.go:162.24,164.3 1 1
github.com/23skdu/longbow/internal/simd/batch_operations.go:165.2,165.12 1 1
github.com/23skdu/longbow/internal/simd/batch_operations.go:168.48,169.19 1 1
github.com/23skdu/longbow/internal/simd/batch_operations.go:169.19,171.3 1 0
github.com/23skdu/longbow/internal/simd/batch_operations.go:172.2,174.41 3 1
github.com/23skdu/longbow/internal/simd/bitops_arm64.go:9.13,12.2 1 1
github.com/23skdu/longbow/internal/simd/bitops_arm64.go:17.37,18.17 1 1
github.com/23skdu/longbow/internal/simd/bitops_arm64.go:18.17,20.3 1 1
github.com/23skdu/longbow/internal/simd/bitops_arm64.go:21.2,21.80 1 1
github.com/23skdu/longbow/internal/simd/cpu_detection.go:25.18,48.9 6 1
github.com/23skdu/longbow/internal/simd/cpu_detection.go:49.26,50.28 1 0
github.com/23skdu/longbow/internal/simd/cpu_detection.go:51.24,53.71 1 0
github.com/23skdu/longbow/internal/simd/cpu_detection.go:53.71,55.4 1 0
github.com/23skdu/longbow/internal/simd/cpu_detection.go:55.9,57.4 1 0
github.com/23skdu/longbow/internal/simd/cpu_detection.go:58.24,59.26 1 1
github.com/23skdu/longbow/internal/simd/cpu_detection.go:60.10,61.29 1 0
github.com/23skdu/longbow/internal/simd/cpu_detection.go:66.35,68.2 1 1
github.com/23skdu/longbow/internal/simd/cpu_detection.go:71.33,73.2 1 1
github.com/23skdu/longbow/internal/simd/dispatch.go:87.27,89.13 2 1
github.com/23skdu/longbow/internal/simd/dispatch.go:89.13,92.3 1 0
github.com/23skdu/longbow/internal/simd/dispatch.go:93.2,94.24 2 1
github.com/23skdu/longbow/internal/simd/dispatch.go:95.16,118.23 22 1
github.com/23skdu/longbow/internal/simd/dispatch.go:118.23,120.4 1 0
github.com/23skdu/longbow/internal/simd/dispatch.go:120.9,122.4 1 1
github.com/23skdu/longbow/internal/simd/dispatch.go:123.3,136.63 13 1
github.com/23skdu/longbow/internal/simd/dispatch.go:137.14,175.50 37 1
github.com/23skdu/longbow/internal/simd/dispatch.go:176.14,217.56 40 1
github.com/23skdu/longbow/internal/simd/dispatch.go:218.10,256.56 38 1
github.com/23skdu/longbow/internal/simd/dispatch.go:264.2,307.88 31 1
github.com/23skdu/longbow/internal/simd/dispatch.go:311.76,312.22 1 1
github.com/23skdu/longbow/internal/simd/dispatch.go:312.22,314.3 1 0
github.com/23skdu/longbow/internal/simd/dispatch.go:315.2,315.17 1 1
github.com/23skdu/longbow/internal/simd/dispatch.go:315.17,317.3 1 0
github.com/23skdu/longbow/internal/simd/dispatch.go:319.2,323.19 4 1
github.com/23skdu/longbow/internal/simd/dispatch.go:323.19,325.3 1 0
github.com/23skdu/longbow/internal/simd/dispatch.go:327.2,328.15 2 1
github.com/23skdu/longbow/internal/simd/dispatch.go:328.15,330.3 1 1
github.com/23skdu/longbow/internal/simd/dispatch.go:332.2,332.28 1 1
github.com/23skdu/longbow/internal/simd/dispatch.go:333.39,334.17 1 1
github.com/23skdu/longbow/internal/simd/dispatch.go:335.20,336.39 1 1
github.com/23skdu/longbow/internal/simd/dispatch.go:336.39,339.4 2 1
github.com/23skdu/longbow/internal/simd/dispatch.go:340.23,341.43 1 0
github.com/23skdu/longbow/internal/simd/dispatch.go:341.43,344.4 2 0
github.com/23skdu/longbow/internal/simd/dispatch.go:345.10,346.75 1 0
github.com/23skdu/longbow/internal/simd/dispatch.go:348.2,348.77 1 0
github.com/23skdu/longbow/internal/simd/dispatch.go:352.44,354.26 2 1
github.com/23skdu/longbow/internal/simd/dispatch.go:355.15,356.25 1 1
github.com/23skdu/longbow/internal/simd/dispatch.go:357.19,358.25 1 0
github.com/23skdu/longbow/internal/simd/dispatch.go:359.12,360.22 1 1
github.com/23skdu/longbow/internal/simd/dispatch.go:361.13,362.23 1 0
github.com/23skdu/longbow/internal/simd/dispatch.go:363.13,364.23 1 0
github.com/23skdu/longbow/internal/simd/dispatch.go:365.14,366.24 1 0
github.com/23skdu/longbow/internal/simd/dispatch.go:367.13,368.23 1 0
github.com/23skdu/longbow/internal/simd/dispatch.go:369.14,370.24 1 0
github.com/23skdu/longbow/internal/simd/dispatch.go:371.13,372.23 1 0
github.com/23skdu/longbow/internal/simd/dispatch.go:373.14,374.24 1 0
github.com/23skdu/longbow/internal/simd/dispatch.go:375.15,376.25 1 1
github.com/23skdu/longbow/internal/simd/dispatch.go:377.17,378.27 1 0
github.com/23skdu/longbow/internal/simd/dispatch.go:379.18,380.28 1 0
github.com/23skdu/longbow/internal/simd/dispatch.go:382.2,382.24 1 0
github.com/23skdu/longbow/internal/simd/distance_functions.go:16.57,17.22 1 1
github.com/23skdu/longbow/internal/simd/distance_functions.go:17.22,19.3 1 1
github.com/23skdu/longbow/internal/simd/distance_functions.go:20.2,20.17 1 1
github.com/23skdu/longbow/internal/simd/distance_functions.go:20.17,22.3 1 1
github.com/23skdu/longbow/internal/simd/distance_functions.go:24.2,26.22 2 1
github.com/23skdu/longbow/internal/simd/distance_functions.go:26.22,27.23 1 1
github.com/23skdu/longbow/internal/simd/distance_functions.go:27.23,29.4 1 0
github.com/23skdu/longbow/internal/simd/distance_functions.go:30.3,30.23 1 1
github.com/23skdu/longbow/internal/simd/distance_functions.go:30.23,32.4 1 1
github.com/23skdu/longbow/internal/simd/distance_functions.go:33.3,33.52 1 0
github.com/23skdu/longbow/internal/simd/distance_functions.go:35.2,35.22 1 1
github.com/23skdu/longbow/internal/simd/distance_functions.go:35.22,37.3 1 1
github.com/23skdu/longbow/internal/simd/distance_functions.go:39.2,39.22 1 1
github.com/23skdu/longbow/internal/simd/distance_functions.go:39.22,41.3 1 1
github.com/23skdu/longbow/internal/simd/distance_functions.go:42.2,42.48 1 1
github.com/23skdu/longbow/internal/simd/distance_functions.go:47.49,48.22 1 1
github.com/23skdu/longbow/internal/simd/distance_functions.go:48.22,50.3 1 0
github.com/23skdu/longbow/internal/simd/distance_functions.go:51.2,51.17 1 1
github.com/23skdu/longbow/internal/simd/distance_functions.go:51.17,53.3 1 0
github.com/23skdu/longbow/internal/simd/distance_functions.go:54.2,54.28 1 1
github.com/23skdu/longbow/internal/simd/distance_functions.go:59.54,60.22 1 1
github.com/23skdu/longbow/internal/simd/distance_functions.go:60.22,62.3 1 1
github.com/23skdu/longbow/internal/simd/distance_functions.go:63.2,63.17 1 1
github.com/23skdu/longbow/internal/simd/distance_functions.go:63.17,65.3 1 0
github.com/23skdu/longbow/internal/simd/distance_functions.go:66.2,66.45 1 1
github.com/23skdu/longbow/internal/simd/distance_functions.go:71.50,72.22 1 1
github.com/23skdu/longbow/internal/simd/distance_functions.go:72.22,74.3 1 0
github.com/23skdu/longbow/internal/simd/distance_functions.go:75.2,75.17 1 1
github.com/23skdu/longbow/internal/simd/distance_functions.go:75.17,77.3 1 0
github.com/23skdu/longbow/internal/simd/distance_functions.go:78.2,78.19 1 1
github.com/23skdu/longbow/internal/simd/distance_functions.go:78.19,80.3 1 1
github.com/23skdu/longbow/internal/simd/distance_functions.go:81.2,81.19 1 1
github.com/23skdu/longbow/internal/simd/distance_functions.go:81.19,83.3 1 1
github.com/23skdu/longbow/internal/simd/distance_functions.go:85.2,85.19 1 1
github.com/23skdu/longbow/internal/simd/distance_functions.go:85.19,87.3 1 1
github.com/23skdu/longbow/internal/simd/distance_functions.go:88.2,88.41 1 1
github.com/23skdu/longbow/internal/simd/distance_functions.go:92.64,93.22 1 1
github.com/23skdu/longbow/internal/simd/distance_functions.go:93.22,95.3 1 0
github.com/23skdu/longbow/internal/simd/distance_functions.go:96.2,96.17 1 1
github.com/23skdu/longbow/internal/simd/distance_functions.go:96.17,98.3 1 0
github.com/23skdu/longbow/internal/simd/distance_functions.go:99.2,99.39 1 1
github.com/23skdu/longbow/internal/simd/distance_functions.go:103.61,104.22 1 1
github.com/23skdu/longbow/internal/simd/distance_functions.go:104.22,106.3 1 0
github.com/23skdu/longbow/internal/simd/distance_functions.go:107.2,107.17 1 1
github.com/23skdu/longbow/internal/simd/distance_functions.go:107.17,109.3 1 0
github.com/23skdu/longbow/internal/simd/distance_functions.go:110.2,110.36 1 1
github.com/23skdu/longbow/internal/simd/distance_functions.go:114.57,115.22 1 1
github.com/23skdu/longbow/internal/simd/distance_functions.go:115.22,117.3 1 0
github.com/23skdu/longbow/internal/simd/distance_functions.go:118.2,118.17 1 1
github.com/23skdu/longbow/internal/simd/distance_functions.go:118.17,120.3 1 0
github.com/23skdu/longbow/internal/simd/distance_functions.go:121.2,121.32 1 1
github.com/23skdu/longbow/internal/simd/distance_functions.go:126.64,127.22 1 1
github.com/23skdu/longbow/internal/simd/distance_functions.go:127.22,129.3 1 0
github.com/23skdu/longbow/internal/simd/distance_functions.go:130.2,130.17 1 1
github.com/23skdu/longbow/internal/simd/distance_functions.go:130.17,132.3 1 0
github.com/23skdu/longbow/internal/simd/distance_functions.go:134.2,134.19 1 1
github.com/23skdu/longbow/internal/simd/distance_functions.go:134.19,136.3 1 0
github.com/23skdu/longbow/internal/simd/distance_functions.go:137.2,137.43 1 1
github.com/23skdu/longbow/internal/simd/distance_functions.go:142.61,143.22 1 1
github.com/23skdu/longbow/internal/simd/distance_functions.go:143.22,145.3 1 1
github.com/23skdu/longbow/internal/simd/distance_functions.go:146.2,146.17 1 1
github.com/23skdu/longbow/internal/simd/distance_functions.go:146.17,148.3 1 1
github.com/23skdu/longbow/internal/simd/distance_functions.go:149.2,149.40 1 1
github.com/23skdu/longbow/internal/simd/distance_functions.go:153.68,154.22 1 1
github.com/23skdu/longbow/internal/simd/distance_functions.go:154.22,156.3 1 0
github.com/23skdu/longbow/internal/simd/distance_functions.go:157.2,157.17 1 1
github.com/23skdu/longbow/internal/simd/distance_functions.go:157.17,159.3 1 0
github.com/23skdu/longbow/internal/simd/distance_functions.go:161.2,164.36 3 1
github.com/23skdu/longbow/internal/simd/distance_functions.go:168.70,169.22 1 1
github.com/23skdu/longbow/internal/simd/distance_functions.go:169.22,171.3 1 0
github.com/23skdu/longbow/internal/simd/distance_functions.go:172.2,172.17 1 1
github.com/23skdu/longbow/internal/simd/distance_functions.go:172.17,174.3 1 0
github.com/23skdu/longbow/internal/simd/distance_functions.go:183.2,186.43 3 1
github.com/23skdu/longbow/internal/simd/distance_functions.go:190.53,191.22 1 1
github.com/23skdu/longbow/internal/simd/distance_functions.go:191.22,193.3 1 0
github.com/23skdu/longbow/internal/simd/distance_functions.go:194.2,194.17 1 1
github.com/23skdu/longbow/internal/simd/distance_functions.go:194.17,196.3 1 0
github.com/23skdu/longbow/internal/simd/distance_functions.go:198.2,198.19 1 1
github.com/23skdu/longbow/internal/simd/distance_functions.go:198.19,200.3 1 0
github.com/23skdu/longbow/internal/simd/distance_functions.go:201.2,201.35 1 1
github.com/23skdu/longbow/internal/simd/distance_functions.go:205.61,206.22 1 1
github.com/23skdu/longbow/internal/simd/distance_functions.go:206.22,208.3 1 0
github.com/23skdu/longbow/internal/simd/distance_functions.go:209.2,209.17 1 1
github.com/23skdu/longbow/internal/simd/distance_functions.go:209.17,211.3 1 0
github.com/23skdu/longbow/internal/simd/distance_functions.go:213.2,213.19 1 1
github.com/23skdu/longbow/internal/simd/distance_functions.go:213.19,217.3 3 0
github.com/23skdu/longbow/internal/simd/distance_functions.go:218.2,218.35 1 1
github.com/23skdu/longbow/internal/simd/distance_functions.go:222.63,223.22 1 1
github.com/23skdu/longbow/internal/simd/distance_functions.go:223.22,225.3 1 0
github.com/23skdu/longbow/internal/simd/distance_functions.go:226.2,226.17 1 1
github.com/23skdu/longbow/internal/simd/distance_functions.go:226.17,228.3 1 0
github.com/23skdu/longbow/internal/simd/distance_functions.go:230.2,230.19 1 1
github.com/23skdu/longbow/internal/simd/distance_functions.go:230.19,234.3 3 0
github.com/23skdu/longbow/internal/simd/distance_functions.go:235.2,235.36 1 1
github.com/23skdu/longbow/internal/simd/distance_functions.go:240.56,241.22 1 1
github.com/23skdu/longbow/internal/simd/distance_functions.go:241.22,243.3 1 0
github.com/23skdu/longbow/internal/simd/distance_functions.go:244.2,244.17 1 1
github.com/23skdu/longbow/internal/simd/distance_functions.go:244.17,246.3 1 1
github.com/23skdu/longbow/internal/simd/distance_functions.go:248.2,253.24 4 1
github.com/23skdu/longbow/internal/simd/distance_functions.go:253.24,263.3 8 1
github.com/23skdu/longbow/internal/simd/distance_functions.go:266.2,266.19 1 1
github.com/23skdu/longbow/internal/simd/distance_functions.go:266.19,269.3 2 1
github.com/23skdu/longbow/internal/simd/distance_functions.go:271.2,271.39 1 1
github.com/23skdu/longbow/internal/simd/distance_functions.go:275.58,276.22 1 1
github.com/23skdu/longbow/internal/simd/distance_functions.go:276.22,278.3 1 0
github.com/23skdu/longbow/internal/simd/distance_functions.go:279.2,279.17 1 1
github.com/23skdu/longbow/internal/simd/distance_functions.go:279.17,281.3 1 0
github.com/23skdu/longbow/internal/simd/distance_functions.go:283.2,283.19 1 1
github.com/23skdu/longbow/internal/simd/distance_functions.go:283.19,285.3 1 0
github.com/23skdu/longbow/internal/simd/distance_functions.go:286.2,286.40 1 1
github.com/23skdu/longbow/internal/simd/distance_functions.go:290.51,291.22 1 1
github.com/23skdu/longbow/internal/simd/distance_functions.go:291.22,293.3 1 0
github.com/23skdu/longbow/internal/simd/distance_functions.go:294.2,294.17 1 1
github.com/23skdu/longbow/internal/simd/distance_functions.go:294.17,296.3 1 0
github.com/23skdu/longbow/internal/simd/distance_functions.go:298.2,298.19 1 1
github.com/23skdu/longbow/internal/simd/distance_functions.go:298.19,300.3 1 0
github.com/23skdu/longbow/internal/simd/distance_functions.go:301.2,301.32 1 1
github.com/23skdu/longbow/internal/simd/distance_functions.go:305.60,306.22 1 1
github.com/23skdu/longbow/internal/simd/distance_functions.go:306.22,308.3 1 0
github.com/23skdu/longbow/internal/simd/distance_functions.go:309.2,309.17 1 1
github.com/23skdu/longbow/internal/simd/distance_functions.go:309.17,311.3 1 0
github.com/23skdu/longbow/internal/simd/distance_functions.go:313.2,313.19 1 1
github.com/23skdu/longbow/internal/simd/distance_functions.go:313.19,315.3 1 0
github.com/23skdu/longbow/internal/simd/distance_functions.go:316.2,316.41 1 1
github.com/23skdu/longbow/internal/simd/distance_functions.go:320.53,321.22 1 1
github.com/23skdu/longbow/internal/simd/distance_functions.go:321.22,323.3 1 0
github.com/23skdu/longbow/internal/simd/distance_functions.go:324.2,324.17 1 1
github.com/23skdu/longbow/internal/simd/distance_functions.go:324.17,326.3 1 0
github.com/23skdu/longbow/internal/simd/distance_functions.go:328.2,328.19 1 1
github.com/23skdu/longbow/internal/simd/distance_functions.go:328.19,330.3 1 0
github.com/23skdu/longbow/internal/simd/distance_functions.go:331.2,331.33 1 1
github.com/23skdu/longbow/internal/simd/distance_functions.go:335.60,336.22 1 1
github.com/23skdu/longbow/internal/simd/distance_functions.go:336.22,338.3 1 0
github.com/23skdu/longbow/internal/simd/distance_functions.go:339.2,339.17 1 1
github.com/23skdu/longbow/internal/simd/distance_functions.go:339.17,341.3 1 0
github.com/23skdu/longbow/internal/simd/distance_functions.go:343.2,343.19 1 1
github.com/23skdu/longbow/internal/simd/distance_functions.go:343.19,345.3 1 0
github.com/23skdu/longbow/internal/simd/distance_functions.go:346.2,346.39 1 1
github.com/23skdu/longbow/internal/simd/distance_functions.go:350.53,351.22 1 1
github.com/23skdu/longbow/internal/simd/distance_functions.go:351.22,353.3 1 0
github.com/23skdu/longbow/internal/simd/distance_functions.go:354.2,354.17 1 1
github.com/23skdu/longbow/internal/simd/distance_functions.go:354.17,356.3 1 0
github.com/23skdu/longbow/internal/simd/distance_functions.go:358.2,358.19 1 1
github.com/23skdu/longbow/internal/simd/distance_functions.go:358.19,360.3 1 0
github.com/23skdu/longbow/internal/simd/distance_functions.go:361.2,361.33 1 1
github.com/23skdu/longbow/internal/simd/distance_functions.go:365.62,366.22 1 1
github.com/23skdu/longbow/internal/simd/distance_functions.go:366.22,368.3 1 0
github.com/23skdu/longbow/internal/simd/distance_functions.go:369.2,369.17 1 1
github.com/23skdu/longbow/internal/simd/distance_functions.go:369.17,371.3 1 0
github.com/23skdu/longbow/internal/simd/distance_functions.go:372.2,372.19 1 1
github.com/23skdu/longbow/internal/simd/distance_functions.go:372.19,374.3 1 0
github.com/23skdu/longbow/internal/simd/distance_functions.go:375.2,375.40 1 1
github.com/23skdu/longbow/internal/simd/distance_functions.go:379.55,380.22 1 1
github.com/23skdu/longbow/internal/simd/distance_functions.go:380.22,382.3 1 0
github.com/23skdu/longbow/internal/simd/distance_functions.go:383.2,383.17 1 1
github.com/23skdu/longbow/internal/simd/distance_functions.go:383.17,385.3 1 0
github.com/23skdu/longbow/internal/simd/distance_functions.go:386.2,386.19 1 1
github.com/23skdu/longbow/internal/simd/distance_functions.go:386.19,388.3 1 0
github.com/23skdu/longbow/internal/simd/distance_functions.go:389.2,389.34 1 1
github.com/23skdu/longbow/internal/simd/distance_functions.go:393.62,394.22 1 1
github.com/23skdu/longbow/internal/simd/distance_functions.go:394.22,396.3 1 0
github.com/23skdu/longbow/internal/simd/distance_functions.go:397.2,397.17 1 1
github.com/23skdu/longbow/internal/simd/distance_functions.go:397.17,399.3 1 0
github.com/23skdu/longbow/internal/simd/distance_functions.go:400.2,400.19 1 1
github.com/23skdu/longbow/internal/simd/distance_functions.go:400.19,402.3 1 0
github.com/23skdu/longbow/internal/simd/distance_functions.go:403.2,403.40 1 1
github.com/23skdu/longbow/internal/simd/distance_functions.go:407.55,408.22 1 1
github.com/23skdu/longbow/internal/simd/distance_functions.go:408.22,410.3 1 0
github.com/23skdu/longbow/internal/simd/distance_functions.go:411.2,411.17 1 1
github.com/23skdu/longbow/internal/simd/distance_functions.go:411.17,413.3 1 0
github.com/23skdu/longbow/internal/simd/distance_functions.go:414.2,414.19 1 1
github.com/23skdu/longbow/internal/simd/distance_functions.go:414.19,416.3 1 0
github.com/23skdu/longbow/internal/simd/distance_functions.go:417.2,417.34 1 1
github.com/23skdu/longbow/internal/simd/distance_functions.go:421.60,422.22 1 1
github.com/23skdu/longbow/internal/simd/distance_functions.go:422.22,424.3 1 0
github.com/23skdu/longbow/internal/simd/distance_functions.go:425.2,425.17 1 1
github.com/23skdu/longbow/internal/simd/distance_functions.go:425.17,427.3 1 0
github.com/23skdu/longbow/internal/simd/distance_functions.go:428.2,428.19 1 1
github.com/23skdu/longbow/internal/simd/distance_functions.go:428.19,430.3 1 0
github.com/23skdu/longbow/internal/simd/distance_functions.go:431.2,431.39 1 1
github.com/23skdu/longbow/internal/simd/distance_functions.go:435.53,436.22 1 1
github.com/23skdu/longbow/internal/simd/distance_functions.go:436.22,438.3 1 0
github.com/23skdu/longbow/internal/simd/distance_functions.go:439.2,439.17 1 1
github.com/23skdu/longbow/internal/simd/distance_functions.go:439.17,441.3 1 0
github.com/23skdu/longbow/internal/simd/distance_functions.go:442.2,442.19 1 1
github.com/23skdu/longbow/internal/simd/distance_functions.go:442.19,444.3 1 0
github.com/23skdu/longbow/internal/simd/distance_functions.go:445.2,445.33 1 1
github.com/23skdu/longbow/internal/simd/distance_functions.go:449.62,450.22 1 1
github.com/23skdu/longbow/internal/simd/distance_functions.go:450.22,452.3 1 0
github.com/23skdu/longbow/internal/simd/distance_functions.go:453.2,453.17 1 1
github.com/23skdu/longbow/internal/simd/distance_functions.go:453.17,455.3 1 0
github.com/23skdu/longbow/internal/simd/distance_functions.go:456.2,456.19 1 1
github.com/23skdu/longbow/internal/simd/distance_functions.go:456.19,458.3 1 0
github.com/23skdu/longbow/internal/simd/distance_functions.go:459.2,459.40 1 1
github.com/23skdu/longbow/internal/simd/distance_functions.go:463.55,464.22 1 1
github.com/23skdu/longbow/internal/simd/distance_functions.go:464.22,466.3 1 0
github.com/23skdu/longbow/internal/simd/distance_functions.go:467.2,467.17 1 1
github.com/23skdu/longbow/internal/simd/distance_functions.go:467.17,469.3 1 0
github.com/23skdu/longbow/internal/simd/distance_functions.go:470.2,470.19 1 1
github.com/23skdu/longbow/internal/simd/distance_functions.go:470.19,472.3 1 0
github.com/23skdu/longbow/internal/simd/distance_functions.go:473.2,473.34 1 1
github.com/23skdu/longbow/internal/simd/distance_functions.go:478.33,480.2 1 1
github.com/23skdu/longbow/internal/simd/hadamard.go:9.54,10.22 1 0
github.com/23skdu/longbow/internal/simd/hadamard.go:10.22,12.3 1 0
github.com/23skdu/longbow/internal/simd/hadamard.go:13.2,13.47 1 0
github.com/23skdu/longbow/internal/simd/hadamard.go:16.61,18.30 2 1
github.com/23skdu/longbow/internal/simd/hadamard.go:18.30,20.3 1 0
github.com/23skdu/longbow/internal/simd/hadamard.go:22.2,22.29 1 1
github.com/23skdu/longbow/internal/simd/hadamard.go:22.29,23.34 1 1
github.com/23skdu/longbow/internal/simd/hadamard.go:23.34,24.29 1 1
github.com/23skdu/longbow/internal/simd/hadamard.go:24.29,29.5 4 1
github.com/23skdu/longbow/internal/simd/hadamard.go:41.2,41.12 1 1
github.com/23skdu/longbow/internal/simd/hadamard.go:47.52,48.22 1 0
github.com/23skdu/longbow/internal/simd/hadamard.go:48.22,50.3 1 0
github.com/23skdu/longbow/internal/simd/hadamard.go:51.2,51.39 1 0
github.com/23skdu/longbow/internal/simd/hadamard.go:54.59,57.19 1 1
github.com/23skdu/longbow/internal/simd/hadamard.go:57.19,59.65 1 1
github.com/23skdu/longbow/internal/simd/hadamard.go:59.65,61.4 1 1
github.com/23skdu/longbow/internal/simd/hadamard.go:66.2,66.47 1 1
github.com/23skdu/longbow/internal/simd/hadamard.go:70.43,72.12 2 0
github.com/23skdu/longbow/internal/simd/hadamard.go:72.12,74.3 1 0
github.com/23skdu/longbow/internal/simd/hadamard.go:75.2,75.24 1 0
github.com/23skdu/longbow/internal/simd/hadamard.go:75.24,77.3 1 0
github.com/23skdu/longbow/internal/simd/hadamard.go:78.2,79.15 2 0
github.com/23skdu/longbow/internal/simd/hadamard.go:79.15,81.3 1 0
github.com/23skdu/longbow/internal/simd/hadamard.go:82.2,84.15 3 0
github.com/23skdu/longbow/internal/simd/jit_codegen.go:44.37,46.2 1 1
github.com/23skdu/longbow/internal/simd/jit_codegen.go:48.38,52.2 3 1
github.com/23skdu/longbow/internal/simd/jit_codegen.go:54.33,56.2 1 1
github.com/23skdu/longbow/internal/simd/jit_codegen.go:58.57,61.2 2 1
github.com/23skdu/longbow/internal/simd/jit_codegen.go:64.43,158.13 58 1
github.com/23skdu/longbow/internal/simd/jit_codegen.go:158.13,160.3 1 1
github.com/23skdu/longbow/internal/simd/jit_codegen.go:160.8,162.3 1 0
github.com/23skdu/longbow/internal/simd/jit_codegen.go:163.2,168.14 4 1
github.com/23skdu/longbow/internal/simd/jit_codegen.go:171.34,229.2 7 1
github.com/23skdu/longbow/internal/simd/jit_codegen.go:231.33,331.2 7 1
github.com/23skdu/longbow/internal/simd/jit_codegen.go:333.37,524.2 7 1
github.com/23skdu/longbow/internal/simd/jit_runtime.go:32.22,42.16 6 1
github.com/23skdu/longbow/internal/simd/jit_runtime.go:42.16,44.3 1 0
github.com/23skdu/longbow/internal/simd/jit_runtime.go:45.2,55.12 4 1
github.com/23skdu/longbow/internal/simd/jit_runtime.go:58.57,60.12 2 1
github.com/23skdu/longbow/internal/simd/jit_runtime.go:60.12,62.3 1 0
github.com/23skdu/longbow/internal/simd/jit_runtime.go:64.2,73.25 7 1
github.com/23skdu/longbow/internal/simd/jit_runtime.go:73.25,75.3 1 0
github.com/23skdu/longbow/internal/simd/jit_runtime.go:77.2,81.16 4 1
github.com/23skdu/longbow/internal/simd/jit_runtime.go:81.16,84.3 2 0
github.com/23skdu/longbow/internal/simd/jit_runtime.go:85.2,87.34 2 1
github.com/23skdu/longbow/internal/simd/jit_runtime.go:91.46,92.17 1 1
github.com/23skdu/longbow/internal/simd/jit_runtime.go:92.17,94.3 1 0
github.com/23skdu/longbow/internal/simd/jit_runtime.go:95.2,97.25 3 1
github.com/23skdu/longbow/internal/simd/jit_runtime.go:97.25,99.3 1 1
github.com/23skdu/longbow/internal/simd/jit_runtime.go:100.2,100.12 1 1
github.com/23skdu/longbow/internal/simd/jit_runtime.go:103.95,104.23 1 1
github.com/23skdu/longbow/internal/simd/jit_runtime.go:104.23,106.3 1 0
github.com/23skdu/longbow/internal/simd/jit_runtime.go:107.2,124.28 13 1
github.com/23skdu/longbow/internal/simd/jit_runtime.go:124.28,126.37 2 0
github.com/23skdu/longbow/internal/simd/jit_runtime.go:126.37,128.28 2 0
github.com/23skdu/longbow/internal/simd/jit_runtime.go:128.28,130.5 1 0
github.com/23skdu/longbow/internal/simd/jit_runtime.go:134.2,134.36 1 1
github.com/23skdu/longbow/internal/simd/jit_runtime.go:134.36,136.3 1 0
github.com/23skdu/longbow/internal/simd/jit_runtime.go:138.2,140.28 2 1
github.com/23skdu/longbow/internal/simd/jit_runtime.go:140.28,142.3 1 1
github.com/23skdu/longbow/internal/simd/jit_runtime.go:144.2,145.16 2 1
github.com/23skdu/longbow/internal/simd/jit_runtime.go:145.16,148.3 2 0
github.com/23skdu/longbow/internal/simd/jit_runtime.go:149.2,152.43 3 1
github.com/23skdu/longbow/internal/simd/jit_runtime.go:155.105,156.23 1 0
github.com/23skdu/longbow/internal/simd/jit_runtime.go:156.23,158.3 1 0
github.com/23skdu/longbow/internal/simd/jit_runtime.go:159.2,159.33 1 0
github.com/23skdu/longbow/internal/simd/jit_runtime.go:159.33,161.3 1 0
github.com/23skdu/longbow/internal/simd/jit_runtime.go:163.2,180.36 13 0
github.com/23skdu/longbow/internal/simd/jit_runtime.go:180.36,182.40 2 0
github.com/23skdu/longbow/internal/simd/jit_runtime.go:182.40,185.4 2 0
github.com/23skdu/longbow/internal/simd/jit_runtime.go:188.2,190.28 2 0
github.com/23skdu/longbow/internal/simd/jit_runtime.go:190.28,192.3 1 0
github.com/23skdu/longbow/internal/simd/jit_runtime.go:194.2,195.16 2 0
github.com/23skdu/longbow/internal/simd/jit_runtime.go:195.16,198.3 2 0
github.com/23skdu/longbow/internal/simd/jit_runtime.go:199.2,205.12 5 0
github.com/23skdu/longbow/internal/simd/registry.go:16.37,17.11 1 1
github.com/23skdu/longbow/internal/simd/registry.go:18.23,19.21 1 1
github.com/23skdu/longbow/internal/simd/registry.go:20.20,21.18 1 1
github.com/23skdu/longbow/internal/simd/registry.go:22.24,23.15 1 1
github.com/23skdu/longbow/internal/simd/registry.go:24.10,25.19 1 1
github.com/23skdu/longbow/internal/simd/registry.go:49.39,50.11 1 1
github.com/23skdu/longbow/internal/simd/registry.go:51.20,52.16 1 1
github.com/23skdu/longbow/internal/simd/registry.go:53.21,54.17 1 0
github.com/23skdu/longbow/internal/simd/registry.go:55.21,56.17 1 0
github.com/23skdu/longbow/internal/simd/registry.go:57.22,58.18 1 0
github.com/23skdu/longbow/internal/simd/registry.go:59.21,60.17 1 0
github.com/23skdu/longbow/internal/simd/registry.go:61.22,62.18 1 0
github.com/23skdu/longbow/internal/simd/registry.go:63.21,64.17 1 0
github.com/23skdu/longbow/internal/simd/registry.go:65.22,66.18 1 0
github.com/23skdu/longbow/internal/simd/registry.go:67.23,68.19 1 1
github.com/23skdu/longbow/internal/simd/registry.go:69.23,70.19 1 1
github.com/23skdu/longbow/internal/simd/registry.go:71.23,72.19 1 1
github.com/23skdu/longbow/internal/simd/registry.go:73.25,74.21 1 1
github.com/23skdu/longbow/internal/simd/registry.go:75.26,76.22 1 1
github.com/23skdu/longbow/internal/simd/registry.go:77.10,78.19 1 0
github.com/23skdu/longbow/internal/simd/registry.go:100.93,105.2 4 1
github.com/23skdu/longbow/internal/simd/registry.go:109.80,114.57 3 1
github.com/23skdu/longbow/internal/simd/registry.go:114.57,116.3 1 1
github.com/23skdu/longbow/internal/simd/registry.go:119.2,119.54 1 1
github.com/23skdu/longbow/internal/simd/registry.go:119.54,121.3 1 1
github.com/23skdu/longbow/internal/simd/registry.go:123.2,123.12 1 0
github.com/23skdu/longbow/internal/simd/simd.go:105.13,112.37 4 1
github.com/23skdu/longbow/internal/simd/simd.go:112.37,113.35 1 0
github.com/23skdu/longbow/internal/simd/simd.go:113.35,115.4 1 0
github.com/23skdu/longbow/internal/simd/simd.go:115.9,117.101 1 0
github.com/23skdu/longbow/internal/simd/simd.go:117.101,118.77 1 0
github.com/23skdu/longbow/internal/simd/simd.go:118.77,120.6 1 0
github.com/23skdu/longbow/internal/simd/simd.go:121.5,121.15 1 0
github.com/23skdu/longbow/internal/simd/simd.go:123.4,123.58 1 0
github.com/23skdu/longbow/internal/simd/simd.go:130.38,131.26 1 0
github.com/23skdu/longbow/internal/simd/simd.go:131.26,133.3 1 0
github.com/23skdu/longbow/internal/simd/simd.go:134.2,135.12 2 0
github.com/23skdu/longbow/internal/simd/simd.go:140.37,141.26 1 0
github.com/23skdu/longbow/internal/simd/simd.go:141.26,143.3 1 0
github.com/23skdu/longbow/internal/simd/simd.go:144.2,145.12 2 0
github.com/23skdu/longbow/internal/simd/simd.go:149.33,152.2 2 0
github.com/23skdu/longbow/internal/simd/simd.go:155.34,157.2 1 0
github.com/23skdu/longbow/internal/simd/simd.go:163.56,166.2 2 1
github.com/23skdu/longbow/internal/simd/simd.go:170.53,171.22 1 1
github.com/23skdu/longbow/internal/simd/simd.go:171.22,173.3 1 0
github.com/23skdu/longbow/internal/simd/simd.go:174.2,175.30 2 1
github.com/23skdu/longbow/internal/simd/simd.go:175.30,179.3 3 1
github.com/23skdu/longbow/internal/simd/simd.go:180.2,180.30 1 1
github.com/23skdu/longbow/internal/simd/simd.go:180.30,182.3 1 1
github.com/23skdu/longbow/internal/simd/simd.go:183.2,183.77 1 1
github.com/23skdu/longbow/internal/simd/simd.go:186.50,187.22 1 1
github.com/23skdu/longbow/internal/simd/simd.go:187.22,189.3 1 0
github.com/23skdu/longbow/internal/simd/simd.go:190.2,191.30 2 1
github.com/23skdu/longbow/internal/simd/simd.go:191.30,193.3 1 1
github.com/23skdu/longbow/internal/simd/simd.go:194.2,194.17 1 1
github.com/23skdu/longbow/internal/simd/simd.go:202.88,203.28 1 1
github.com/23skdu/longbow/internal/simd/simd.go:203.28,204.15 1 1
github.com/23skdu/longbow/internal/simd/simd.go:204.15,205.12 1 0
github.com/23skdu/longbow/internal/simd/simd.go:207.3,208.17 2 1
github.com/23skdu/longbow/internal/simd/simd.go:208.17,210.4 1 0
github.com/23skdu/longbow/internal/simd/simd.go:211.3,211.26 1 1
github.com/23skdu/longbow/internal/simd/simd.go:213.2,213.12 1 1
github.com/23skdu/longbow/internal/simd/simd.go:217.91,218.28 1 1
github.com/23skdu/longbow/internal/simd/simd.go:218.28,219.15 1 1
github.com/23skdu/longbow/internal/simd/simd.go:219.15,220.12 1 0
github.com/23skdu/longbow/internal/simd/simd.go:222.3,223.17 2 1
github.com/23skdu/longbow/internal/simd/simd.go:223.17,225.4 1 0
github.com/23skdu/longbow/internal/simd/simd.go:226.3,226.17 1 1
github.com/23skdu/longbow/internal/simd/simd.go:228.2,228.12 1 1
github.com/23skdu/longbow/internal/simd/simd.go:235.109,236.32 1 0
github.com/23skdu/longbow/internal/simd/simd.go:236.32,238.3 1 0
github.com/23skdu/longbow/internal/simd/simd.go:239.2,239.40 1 0
github.com/23skdu/longbow/internal/simd/simd.go:239.40,241.3 1 0
github.com/23skdu/longbow/internal/simd/simd.go:242.2,242.21 1 0
github.com/23skdu/longbow/internal/simd/simd.go:242.21,244.3 1 0
github.com/23skdu/longbow/internal/simd/simd.go:246.2,247.22 2 0
github.com/23skdu/longbow/internal/simd/simd.go:247.22,249.3 1 0
github.com/23skdu/longbow/internal/simd/simd.go:251.2,251.34 1 0
github.com/23skdu/longbow/internal/simd/simd.go:251.34,255.17 4 0
github.com/23skdu/longbow/internal/simd/simd.go:255.17,257.4 1 0
github.com/23skdu/longbow/internal/simd/simd.go:258.3,258.17 1 0
github.com/23skdu/longbow/internal/simd/simd.go:260.2,260.12 1 0
github.com/23skdu/longbow/internal/simd/simd.go:264.106,266.2 1 0
github.com/23skdu/longbow/internal/simd/simd.go:269.108,271.2 1 0
github.com/23skdu/longbow/internal/simd/simd.go:273.85,274.28 1 1
github.com/23skdu/longbow/internal/simd/simd.go:274.28,275.15 1 1
github.com/23skdu/longbow/internal/simd/simd.go:275.15,276.12 1 0
github.com/23skdu/longbow/internal/simd/simd.go:278.3,279.17 2 1
github.com/23skdu/longbow/internal/simd/simd.go:279.17,281.4 1 0
github.com/23skdu/longbow/internal/simd/simd.go:282.3,282.17 1 1
github.com/23skdu/longbow/internal/simd/simd.go:284.2,284.12 1 1
github.com/23skdu/longbow/internal/simd/simd.go:287.88,288.28 1 1
github.com/23skdu/longbow/internal/simd/simd.go:288.28,289.15 1 1
github.com/23skdu/longbow/internal/simd/simd.go:289.15,290.12 1 0
github.com/23skdu/longbow/internal/simd/simd.go:292.3,293.17 2 1
github.com/23skdu/longbow/internal/simd/simd.go:293.17,295.4 1 0
github.com/23skdu/longbow/internal/simd/simd.go:296.3,296.17 1 1
github.com/23skdu/longbow/internal/simd/simd.go:298.2,298.12 1 1
github.com/23skdu/longbow/internal/simd/simd.go:310.84,311.31 1 0
github.com/23skdu/longbow/internal/simd/simd.go:311.31,313.3 1 0
github.com/23skdu/longbow/internal/simd/simd.go:315.2,315.12 1 0
github.com/23skdu/longbow/internal/simd/simd.go:315.12,319.26 3 0
github.com/23skdu/longbow/internal/simd/simd.go:319.26,323.20 4 0
github.com/23skdu/longbow/internal/simd/simd.go:323.20,326.5 2 0
github.com/23skdu/longbow/internal/simd/simd.go:328.3,328.27 1 0
github.com/23skdu/longbow/internal/simd/simd.go:332.2,333.89 2 0
github.com/23skdu/longbow/internal/simd/simd.go:333.89,337.26 3 0
github.com/23skdu/longbow/internal/simd/simd.go:337.26,340.23 3 0
github.com/23skdu/longbow/internal/simd/simd.go:340.23,343.5 2 0
github.com/23skdu/longbow/internal/simd/simd.go:345.3,345.27 1 0
github.com/23skdu/longbow/internal/simd/simd.go:349.2,351.25 3 0
github.com/23skdu/longbow/internal/simd/simd.go:351.25,352.28 1 0
github.com/23skdu/longbow/internal/simd/simd.go:352.28,355.4 2 0
github.com/23skdu/longbow/internal/simd/simd.go:357.2,357.26 1 0
github.com/23skdu/longbow/internal/simd/simd.go:366.100,368.25 2 0
github.com/23skdu/longbow/internal/simd/simd.go:368.25,373.3 4 0
github.com/23skdu/longbow/internal/simd/simd.go:374.2,374.14 1 0
github.com/23skdu/longbow/internal/simd/simd.go:377.89,378.36 1 1
github.com/23skdu/longbow/internal/simd/simd.go:378.36,381.31 3 1
github.com/23skdu/longbow/internal/simd/simd.go:381.31,383.4 1 1
github.com/23skdu/longbow/internal/simd/simd.go:384.3,384.48 1 1
github.com/23skdu/longbow/internal/simd/simd.go:386.2,386.12 1 1
github.com/23skdu/longbow/internal/simd/simd.go:397.59,398.22 1 1
github.com/23skdu/longbow/internal/simd/simd.go:398.22,400.3 1 0
github.com/23skdu/longbow/internal/simd/simd.go:401.2,401.17 1 1
github.com/23skdu/longbow/internal/simd/simd.go:401.17,403.3 1 1
github.com/23skdu/longbow/internal/simd/simd.go:405.2,410.25 4 1
github.com/23skdu/longbow/internal/simd/simd.go:410.25,419.3 8 1
github.com/23skdu/longbow/internal/simd/simd.go:422.2,422.19 1 1
github.com/23skdu/longbow/internal/simd/simd.go:422.19,425.3 2 1
github.com/23skdu/longbow/internal/simd/simd.go:427.2,427.68 1 1
github.com/23skdu/longbow/internal/simd/simd.go:431.56,432.22 1 1
github.com/23skdu/longbow/internal/simd/simd.go:432.22,434.3 1 0
github.com/23skdu/longbow/internal/simd/simd.go:435.2,435.17 1 1
github.com/23skdu/longbow/internal/simd/simd.go:435.17,437.3 1 1
github.com/23skdu/longbow/internal/simd/simd.go:439.2,446.25 6 1
github.com/23skdu/longbow/internal/simd/simd.go:446.25,464.3 14 1
github.com/23skdu/longbow/internal/simd/simd.go:467.2,467.19 1 1
github.com/23skdu/longbow/internal/simd/simd.go:467.19,471.3 3 1
github.com/23skdu/longbow/internal/simd/simd.go:474.2,478.30 4 1
github.com/23skdu/longbow/internal/simd/simd.go:478.30,480.3 1 0
github.com/23skdu/longbow/internal/simd/simd.go:481.2,481.77 1 1
github.com/23skdu/longbow/internal/simd/simd.go:485.53,486.22 1 1
github.com/23skdu/longbow/internal/simd/simd.go:486.22,488.3 1 0
github.com/23skdu/longbow/internal/simd/simd.go:489.2,489.17 1 1
github.com/23skdu/longbow/internal/simd/simd.go:489.17,491.3 1 1
github.com/23skdu/longbow/internal/simd/simd.go:493.2,498.25 4 1
github.com/23skdu/longbow/internal/simd/simd.go:498.25,503.3 4 1
github.com/23skdu/longbow/internal/simd/simd.go:506.2,506.19 1 1
github.com/23skdu/longbow/internal/simd/simd.go:506.19,508.3 1 1
github.com/23skdu/longbow/internal/simd/simd.go:510.2,510.39 1 1
github.com/23skdu/longbow/internal/simd/simd.go:514.94,515.28 1 1
github.com/23skdu/longbow/internal/simd/simd.go:515.28,517.17 2 1
github.com/23skdu/longbow/internal/simd/simd.go:517.17,519.4 1 0
github.com/23skdu/longbow/internal/simd/simd.go:520.3,520.17 1 1
github.com/23skdu/longbow/internal/simd/simd.go:522.2,522.12 1 1
github.com/23skdu/longbow/internal/simd/simd.go:527.91,528.28 1 1
github.com/23skdu/longbow/internal/simd/simd.go:528.28,530.17 2 1
github.com/23skdu/longbow/internal/simd/simd.go:530.17,532.4 1 0
github.com/23skdu/longbow/internal/simd/simd.go:533.3,533.17 1 1
github.com/23skdu/longbow/internal/simd/simd.go:535.2,535.12 1 1
github.com/23skdu/longbow/internal/simd/simd.go:540.88,541.28 1 1
github.com/23skdu/longbow/internal/simd/simd.go:541.28,543.17 2 1
github.com/23skdu/longbow/internal/simd/simd.go:543.17,545.4 1 0
github.com/23skdu/longbow/internal/simd/simd.go:546.3,546.17 1 1
github.com/23skdu/longbow/internal/simd/simd.go:548.2,548.12 1 1
github.com/23skdu/longbow/internal/simd/simd.go:553.62,554.36 1 1
github.com/23skdu/longbow/internal/simd/simd.go:554.36,556.3 1 0
github.com/23skdu/longbow/internal/simd/simd.go:558.2,563.30 4 1
github.com/23skdu/longbow/internal/simd/simd.go:563.30,572.3 8 1
github.com/23skdu/longbow/internal/simd/simd.go:573.2,573.68 1 1
github.com/23skdu/longbow/internal/simd/simd.go:578.62,579.36 1 1
github.com/23skdu/longbow/internal/simd/simd.go:579.36,581.3 1 0
github.com/23skdu/longbow/internal/simd/simd.go:582.2,586.30 4 1
github.com/23skdu/longbow/internal/simd/simd.go:586.30,595.3 8 1
github.com/23skdu/longbow/internal/simd/simd.go:596.2,596.68 1 1
github.com/23skdu/longbow/internal/simd/simd.go:601.62,602.36 1 1
github.com/23skdu/longbow/internal/simd/simd.go:602.36,604.3 1 0
github.com/23skdu/longbow/internal/simd/simd.go:605.2,609.30 4 1
github.com/23skdu/longbow/internal/simd/simd.go:609.30,618.3 8 1
github.com/23skdu/longbow/internal/simd/simd.go:619.2,619.68 1 1
github.com/23skdu/longbow/internal/simd/simd.go:624.63,625.38 1 1
github.com/23skdu/longbow/internal/simd/simd.go:625.38,627.3 1 0
github.com/23skdu/longbow/internal/simd/simd.go:628.2,632.31 4 1
github.com/23skdu/longbow/internal/simd/simd.go:632.31,641.3 8 1
github.com/23skdu/longbow/internal/simd/simd.go:642.2,642.68 1 1
github.com/23skdu/longbow/internal/simd/simd.go:645.56,646.36 1 0
github.com/23skdu/longbow/internal/simd/simd.go:646.36,648.3 1 0
github.com/23skdu/longbow/internal/simd/simd.go:649.2,653.30 4 0
github.com/23skdu/longbow/internal/simd/simd.go:653.30,658.3 4 0
github.com/23skdu/longbow/internal/simd/simd.go:659.2,659.39 1 0
github.com/23skdu/longbow/internal/simd/simd.go:673.73,674.26 1 1
github.com/23skdu/longbow/internal/simd/simd.go:674.26,676.3 1 0
github.com/23skdu/longbow/internal/simd/simd.go:677.2,677.42 1 1
github.com/23skdu/longbow/internal/simd/simd.go:682.79,683.26 1 1
github.com/23skdu/longbow/internal/simd/simd.go:683.26,685.3 1 0
github.com/23skdu/longbow/internal/simd/simd.go:687.2,688.12 2 1
github.com/23skdu/longbow/internal/simd/simd.go:693.79,694.26 1 0
github.com/23skdu/longbow/internal/simd/simd.go:694.26,696.3 1 0
github.com/23skdu/longbow/internal/simd/simd.go:697.2,697.44 1 0
github.com/23skdu/longbow/internal/simd/simd.go:700.80,701.12 1 1
github.com/23skdu/longbow/internal/simd/simd.go:702.17,703.25 1 1
github.com/23skdu/longbow/internal/simd/simd.go:703.25,713.16 1 1
github.com/23skdu/longbow/internal/simd/simd.go:713.16,715.5 1 1
github.com/23skdu/longbow/internal/simd/simd.go:715.10,717.5 1 1
github.com/23skdu/longbow/internal/simd/simd.go:749.4,749.16 1 1
github.com/23skdu/longbow/internal/simd/simd.go:749.16,751.5 1 1
github.com/23skdu/longbow/internal/simd/simd.go:751.10,753.5 1 1
github.com/23skdu/longbow/internal/simd/simd.go:755.18,756.25 1 1
github.com/23skdu/longbow/internal/simd/simd.go:756.25,760.4 3 1
github.com/23skdu/longbow/internal/simd/simd.go:761.17,762.25 1 1
github.com/23skdu/longbow/internal/simd/simd.go:762.25,763.15 1 1
github.com/23skdu/longbow/internal/simd/simd.go:763.15,765.5 1 1
github.com/23skdu/longbow/internal/simd/simd.go:765.10,767.5 1 1
github.com/23skdu/longbow/internal/simd/simd.go:769.17,770.25 1 1
github.com/23skdu/longbow/internal/simd/simd.go:770.25,771.16 1 1
github.com/23skdu/longbow/internal/simd/simd.go:771.16,773.5 1 1
github.com/23skdu/longbow/internal/simd/simd.go:773.10,775.5 1 1
github.com/23skdu/longbow/internal/simd/simd.go:777.17,778.25 1 1
github.com/23skdu/longbow/internal/simd/simd.go:778.25,779.15 1 1
github.com/23skdu/longbow/internal/simd/simd.go:779.15,781.5 1 1
github.com/23skdu/longbow/internal/simd/simd.go:781.10,783.5 1 1
github.com/23skdu/longbow/internal/simd/simd.go:785.17,786.25 1 1
github.com/23skdu/longbow/internal/simd/simd.go:786.25,787.16 1 1
github.com/23skdu/longbow/internal/simd/simd.go:787.16,789.5 1 1
github.com/23skdu/longbow/internal/simd/simd.go:789.10,791.5 1 1
github.com/23skdu/longbow/internal/simd/simd.go:793.10,795.25 1 0
github.com/23skdu/longbow/internal/simd/simd.go:795.25,796.16 1 0
github.com/23skdu/longbow/internal/simd/simd.go:796.16,798.5 1 0
github.com/23skdu/longbow/internal/simd/simd.go:798.10,800.5 1 0
github.com/23skdu/longbow/internal/simd/simd.go:803.2,803.12 1 1
github.com/23skdu/longbow/internal/simd/simd.go:807.86,812.12 1 1
github.com/23skdu/longbow/internal/simd/simd.go:813.17,814.25 1 1
github.com/23skdu/longbow/internal/simd/simd.go:814.25,815.16 1 1
github.com/23skdu/longbow/internal/simd/simd.go:815.16,817.5 1 1
github.com/23skdu/longbow/internal/simd/simd.go:817.10,819.5 1 1
github.com/23skdu/longbow/internal/simd/simd.go:821.18,822.25 1 1
github.com/23skdu/longbow/internal/simd/simd.go:822.25,823.16 1 1
github.com/23skdu/longbow/internal/simd/simd.go:823.16,825.5 1 1
github.com/23skdu/longbow/internal/simd/simd.go:825.10,827.5 1 1
github.com/23skdu/longbow/internal/simd/simd.go:829.17,830.25 1 1
github.com/23skdu/longbow/internal/simd/simd.go:830.25,831.15 1 1
github.com/23skdu/longbow/internal/simd/simd.go:831.15,833.5 1 1
github.com/23skdu/longbow/internal/simd/simd.go:833.10,835.5 1 1
github.com/23skdu/longbow/internal/simd/simd.go:837.17,838.25 1 1
github.com/23skdu/longbow/internal/simd/simd.go:838.25,839.16 1 1
github.com/23skdu/longbow/internal/simd/simd.go:839.16,841.5 1 1
github.com/23skdu/longbow/internal/simd/simd.go:841.10,843.5 1 1
github.com/23skdu/longbow/internal/simd/simd.go:845.17,846.25 1 1
github.com/23skdu/longbow/internal/simd/simd.go:846.25,847.15 1 1
github.com/23skdu/longbow/internal/simd/simd.go:847.15,849.5 1 1
github.com/23skdu/longbow/internal/simd/simd.go:849.10,851.5 1 1
github.com/23skdu/longbow/internal/simd/simd.go:853.17,854.25 1 1
github.com/23skdu/longbow/internal/simd/simd.go:854.25,855.16 1 1
github.com/23skdu/longbow/internal/simd/simd.go:855.16,857.5 1 1
github.com/23skdu/longbow/internal/simd/simd.go:857.10,859.5 1 1
github.com/23skdu/longbow/internal/simd/simd.go:861.10,863.25 1 0
github.com/23skdu/longbow/internal/simd/simd.go:863.25,864.16 1 0
github.com/23skdu/longbow/internal/simd/simd.go:864.16,866.5 1 0
github.com/23skdu/longbow/internal/simd/simd.go:866.10,868.5 1 0
github.com/23skdu/longbow/internal/simd/simd.go:871.2,871.12 1 1
github.com/23skdu/longbow/internal/simd/simd.go:875.86,876.12 1 1
github.com/23skdu/longbow/internal/simd/simd.go:877.17,878.25 1 1
github.com/23skdu/longbow/internal/simd/simd.go:878.25,879.16 1 1
github.com/23skdu/longbow/internal/simd/simd.go:879.16,881.5 1 1
github.com/23skdu/longbow/internal/simd/simd.go:881.10,883.5 1 0
github.com/23skdu/longbow/internal/simd/simd.go:885.18,886.25 1 0
github.com/23skdu/longbow/internal/simd/simd.go:886.25,887.16 1 0
github.com/23skdu/longbow/internal/simd/simd.go:887.16,889.5 1 0
github.com/23skdu/longbow/internal/simd/simd.go:889.10,891.5 1 0
github.com/23skdu/longbow/internal/simd/simd.go:893.17,894.25 1 0
github.com/23skdu/longbow/internal/simd/simd.go:894.25,895.15 1 0
github.com/23skdu/longbow/internal/simd/simd.go:895.15,897.5 1 0
github.com/23skdu/longbow/internal/simd/simd.go:897.10,899.5 1 0
github.com/23skdu/longbow/internal/simd/simd.go:901.17,902.25 1 0
github.com/23skdu/longbow/internal/simd/simd.go:902.25,903.16 1 0
github.com/23skdu/longbow/internal/simd/simd.go:903.16,905.5 1 0
github.com/23skdu/longbow/internal/simd/simd.go:905.10,907.5 1 0
github.com/23skdu/longbow/internal/simd/simd.go:909.17,910.25 1 0
github.com/23skdu/longbow/internal/simd/simd.go:910.25,911.15 1 0
github.com/23skdu/longbow/internal/simd/simd.go:911.15,913.5 1 0
github.com/23skdu/longbow/internal/simd/simd.go:913.10,915.5 1 0
github.com/23skdu/longbow/internal/simd/simd.go:917.17,918.25 1 0
github.com/23skdu/longbow/internal/simd/simd.go:918.25,919.16 1 0
github.com/23skdu/longbow/internal/simd/simd.go:919.16,921.5 1 0
github.com/23skdu/longbow/internal/simd/simd.go:921.10,923.5 1 0
github.com/23skdu/longbow/internal/simd/simd.go:925.10,927.25 1 0
github.com/23skdu/longbow/internal/simd/simd.go:927.25,928.16 1 0
github.com/23skdu/longbow/internal/simd/simd.go:928.16,930.5 1 0
github.com/23skdu/longbow/internal/simd/simd.go:930.10,932.5 1 0
github.com/23skdu/longbow/internal/simd/simd.go:935.2,935.12 1 1
github.com/23skdu/longbow/internal/simd/simd.go:942.66,943.22 1 1
github.com/23skdu/longbow/internal/simd/simd.go:943.22,945.3 1 0
github.com/23skdu/longbow/internal/simd/simd.go:946.2,949.25 4 1
github.com/23skdu/longbow/internal/simd/simd.go:949.25,958.3 8 1
github.com/23skdu/longbow/internal/simd/simd.go:959.2,959.19 1 1
github.com/23skdu/longbow/internal/simd/simd.go:959.19,962.3 2 1
github.com/23skdu/longbow/internal/simd/simd.go:963.2,963.68 1 1
github.com/23skdu/longbow/internal/simd/simd.go:966.60,967.22 1 1
github.com/23skdu/longbow/internal/simd/simd.go:967.22,969.3 1 0
github.com/23skdu/longbow/internal/simd/simd.go:970.2,973.25 4 1
github.com/23skdu/longbow/internal/simd/simd.go:973.25,978.3 4 1
github.com/23skdu/longbow/internal/simd/simd.go:979.2,979.19 1 1
github.com/23skdu/longbow/internal/simd/simd.go:979.19,981.3 1 1
github.com/23skdu/longbow/internal/simd/simd.go:982.2,982.39 1 1
github.com/23skdu/longbow/internal/simd/simd.go:985.63,986.22 1 1
github.com/23skdu/longbow/internal/simd/simd.go:986.22,988.3 1 0
github.com/23skdu/longbow/internal/simd/simd.go:989.2,994.25 6 1
github.com/23skdu/longbow/internal/simd/simd.go:994.25,1009.3 14 1
github.com/23skdu/longbow/internal/simd/simd.go:1010.2,1010.19 1 1
github.com/23skdu/longbow/internal/simd/simd.go:1010.19,1015.3 4 1
github.com/23skdu/longbow/internal/simd/simd.go:1016.2,1019.30 4 1
github.com/23skdu/longbow/internal/simd/simd.go:1019.30,1021.3 1 1
github.com/23skdu/longbow/internal/simd/simd.go:1022.2,1022.77 1 1
github.com/23skdu/longbow/internal/simd/simd_arm64.go:49.53,50.22 1 1
github.com/23skdu/longbow/internal/simd/simd_arm64.go:50.22,52.3 1 0
github.com/23skdu/longbow/internal/simd/simd_arm64.go:53.2,53.17 1 1
github.com/23skdu/longbow/internal/simd/simd_arm64.go:53.17,55.3 1 0
github.com/23skdu/longbow/internal/simd/simd_arm64.go:56.2,56.39 1 1
github.com/23skdu/longbow/internal/simd/simd_arm64.go:59.47,60.22 1 1
github.com/23skdu/longbow/internal/simd/simd_arm64.go:60.22,62.3 1 0
github.com/23skdu/longbow/internal/simd/simd_arm64.go:63.2,63.17 1 1
github.com/23skdu/longbow/internal/simd/simd_arm64.go:63.17,65.3 1 0
github.com/23skdu/longbow/internal/simd/simd_arm64.go:66.2,66.33 1 1
github.com/23skdu/longbow/internal/simd/simd_arm64.go:70.56,72.2 1 0
github.com/23skdu/longbow/internal/simd/simd_arm64.go:75.56,77.2 1 0
github.com/23skdu/longbow/internal/simd/simd_arm64.go:80.57,82.2 1 0
github.com/23skdu/longbow/internal/simd/simd_arm64.go:84.56,86.2 1 1
github.com/23skdu/longbow/internal/simd/simd_arm64.go:88.50,90.2 1 1
github.com/23skdu/longbow/internal/simd/simd_arm64.go:92.50,94.2 1 0
github.com/23skdu/longbow/internal/simd/simd_arm64.go:96.51,98.2 1 0
github.com/23skdu/longbow/internal/simd/simd_arm64.go:100.50,102.2 1 1
github.com/23skdu/longbow/internal/simd/simd_arm64.go:105.50,106.23 1 1
github.com/23skdu/longbow/internal/simd/simd_arm64.go:106.23,108.3 1 0
github.com/23skdu/longbow/internal/simd/simd_arm64.go:110.2,110.22 1 1
github.com/23skdu/longbow/internal/simd/simd_arm64.go:110.22,112.3 1 0
github.com/23skdu/longbow/internal/simd/simd_arm64.go:114.2,118.25 4 1
github.com/23skdu/longbow/internal/simd/simd_arm64.go:118.25,122.3 3 1
github.com/23skdu/longbow/internal/simd/simd_arm64.go:124.2,124.19 1 1
github.com/23skdu/longbow/internal/simd/simd_arm64.go:124.19,128.3 3 1
github.com/23skdu/longbow/internal/simd/simd_arm64.go:130.2,130.30 1 1
github.com/23skdu/longbow/internal/simd/simd_arm64.go:130.30,132.3 1 1
github.com/23skdu/longbow/internal/simd/simd_arm64.go:133.2,133.77 1 1
github.com/23skdu/longbow/internal/simd/simd_arm64.go:136.86,138.2 1 0
github.com/23skdu/longbow/internal/simd/simd_arm64.go:139.88,140.28 1 1
github.com/23skdu/longbow/internal/simd/simd_arm64.go:140.28,142.17 2 1
github.com/23skdu/longbow/internal/simd/simd_arm64.go:142.17,144.4 1 0
github.com/23skdu/longbow/internal/simd/simd_arm64.go:145.3,145.17 1 1
github.com/23skdu/longbow/internal/simd/simd_arm64.go:147.2,147.12 1 1
github.com/23skdu/longbow/internal/simd/simd_arm64.go:150.82,151.28 1 1
github.com/23skdu/longbow/internal/simd/simd_arm64.go:151.28,153.17 2 1
github.com/23skdu/longbow/internal/simd/simd_arm64.go:153.17,155.4 1 0
github.com/23skdu/longbow/internal/simd/simd_arm64.go:156.3,156.17 1 1
github.com/23skdu/longbow/internal/simd/simd_arm64.go:158.2,158.12 1 1
github.com/23skdu/longbow/internal/simd/simd_arm64.go:161.85,162.28 1 1
github.com/23skdu/longbow/internal/simd/simd_arm64.go:162.28,164.17 2 1
github.com/23skdu/longbow/internal/simd/simd_arm64.go:164.17,166.4 1 0
github.com/23skdu/longbow/internal/simd/simd_arm64.go:167.3,167.17 1 1
github.com/23skdu/longbow/internal/simd/simd_arm64.go:169.2,169.12 1 1
github.com/23skdu/longbow/internal/simd/simd_arm64.go:172.96,174.2 1 0
github.com/23skdu/longbow/internal/simd/simd_arm64.go:176.53,177.22 1 1
github.com/23skdu/longbow/internal/simd/simd_arm64.go:177.22,179.3 1 0
github.com/23skdu/longbow/internal/simd/simd_arm64.go:180.2,180.17 1 1
github.com/23skdu/longbow/internal/simd/simd_arm64.go:180.17,182.3 1 0
github.com/23skdu/longbow/internal/simd/simd_arm64.go:183.2,183.39 1 1
github.com/23skdu/longbow/internal/simd/simd_arm64.go:186.58,188.30 2 1
github.com/23skdu/longbow/internal/simd/simd_arm64.go:188.30,190.3 1 0
github.com/23skdu/longbow/internal/simd/simd_arm64.go:193.2,193.12 1 1
github.com/23skdu/longbow/internal/simd/simd_arm64.go:193.12,195.3 1 1
github.com/23skdu/longbow/internal/simd/simd_arm64.go:198.2,198.29 1 1
github.com/23skdu/longbow/internal/simd/simd_arm64.go:198.29,200.3 1 1
github.com/23skdu/longbow/internal/simd/simd_arm64.go:203.2,203.12 1 1
github.com/23skdu/longbow/internal/simd/simd_arm64.go:203.12,204.31 1 1
github.com/23skdu/longbow/internal/simd/simd_arm64.go:204.31,205.35 1 1
github.com/23skdu/longbow/internal/simd/simd_arm64.go:205.35,208.32 2 1
github.com/23skdu/longbow/internal/simd/simd_arm64.go:208.32,210.6 1 1
github.com/23skdu/longbow/internal/simd/simd_arm64.go:212.5,212.30 1 1
github.com/23skdu/longbow/internal/simd/simd_arm64.go:212.30,214.6 1 0
github.com/23skdu/longbow/internal/simd/simd_arm64.go:216.5,216.24 1 1
github.com/23skdu/longbow/internal/simd/simd_arm64.go:216.24,221.6 4 0
github.com/23skdu/longbow/internal/simd/simd_arm64.go:226.2,226.12 1 1
github.com/23skdu/longbow/internal/simd/simd_arm64.go:229.56,232.13 2 1
github.com/23skdu/longbow/internal/simd/simd_arm64.go:232.13,234.3 1 1
github.com/23skdu/longbow/internal/simd/simd_arm64.go:234.8,235.20 1 0
github.com/23skdu/longbow/internal/simd/simd_arm64.go:235.20,237.66 1 0
github.com/23skdu/longbow/internal/simd/simd_arm64.go:237.66,239.5 1 0
github.com/23skdu/longbow/internal/simd/simd_arm64.go:244.2,244.44 1 1
github.com/23skdu/longbow/internal/simd/simd_baseline.go:13.60,14.22 1 1
github.com/23skdu/longbow/internal/simd/simd_baseline.go:14.22,16.3 1 0
github.com/23skdu/longbow/internal/simd/simd_baseline.go:17.2,20.25 4 1
github.com/23skdu/longbow/internal/simd/simd_baseline.go:20.25,29.3 8 0
github.com/23skdu/longbow/internal/simd/simd_baseline.go:30.2,30.19 1 1
github.com/23skdu/longbow/internal/simd/simd_baseline.go:30.19,33.3 2 1
github.com/23skdu/longbow/internal/simd/simd_baseline.go:34.2,34.68 1 1
github.com/23skdu/longbow/internal/simd/simd_baseline.go:37.54,38.22 1 1
github.com/23skdu/longbow/internal/simd/simd_baseline.go:38.22,40.3 1 0
github.com/23skdu/longbow/internal/simd/simd_baseline.go:41.2,44.25 4 1
github.com/23skdu/longbow/internal/simd/simd_baseline.go:44.25,49.3 4 0
github.com/23skdu/longbow/internal/simd/simd_baseline.go:50.2,50.19 1 1
github.com/23skdu/longbow/internal/simd/simd_baseline.go:50.19,52.3 1 1
github.com/23skdu/longbow/internal/simd/simd_baseline.go:53.2,53.39 1 1
github.com/23skdu/longbow/internal/simd/simd_baseline.go:59.62,60.22 1 1
github.com/23skdu/longbow/internal/simd/simd_baseline.go:60.22,62.3 1 0
github.com/23skdu/longbow/internal/simd/simd_baseline.go:63.2,66.25 4 1
github.com/23skdu/longbow/internal/simd/simd_baseline.go:66.25,75.3 8 0
github.com/23skdu/longbow/internal/simd/simd_baseline.go:76.2,76.19 1 1
github.com/23skdu/longbow/internal/simd/simd_baseline.go:76.19,79.3 2 1
github.com/23skdu/longbow/internal/simd/simd_baseline.go:80.2,80.68 1 1
github.com/23skdu/longbow/internal/simd/simd_baseline.go:83.56,84.22 1 1
github.com/23skdu/longbow/internal/simd/simd_baseline.go:84.22,86.3 1 0
github.com/23skdu/longbow/internal/simd/simd_baseline.go:87.2,90.25 4 1
github.com/23skdu/longbow/internal/simd/simd_baseline.go:90.25,95.3 4 0
github.com/23skdu/longbow/internal/simd/simd_baseline.go:96.2,96.19 1 1
github.com/23skdu/longbow/internal/simd/simd_baseline.go:96.19,98.3 1 1
github.com/23skdu/longbow/internal/simd/simd_baseline.go:99.2,99.39 1 1
github.com/23skdu/longbow/internal/simd/simd_baseline.go:103.62,104.22 1 1
github.com/23skdu/longbow/internal/simd/simd_baseline.go:104.22,106.3 1 0
github.com/23skdu/longbow/internal/simd/simd_baseline.go:107.2,110.25 4 1
github.com/23skdu/longbow/internal/simd/simd_baseline.go:110.25,119.3 8 0
github.com/23skdu/longbow/internal/simd/simd_baseline.go:120.2,120.19 1 1
github.com/23skdu/longbow/internal/simd/simd_baseline.go:120.19,123.3 2 1
github.com/23skdu/longbow/internal/simd/simd_baseline.go:124.2,124.68 1 1
github.com/23skdu/longbow/internal/simd/simd_baseline.go:127.56,128.22 1 1
github.com/23skdu/longbow/internal/simd/simd_baseline.go:128.22,130.3 1 0
github.com/23skdu/longbow/internal/simd/simd_baseline.go:131.2,134.25 4 1
github.com/23skdu/longbow/internal/simd/simd_baseline.go:134.25,139.3 4 0
github.com/23skdu/longbow/internal/simd/simd_baseline.go:140.2,140.19 1 1
github.com/23skdu/longbow/internal/simd/simd_baseline.go:140.19,142.3 1 1
github.com/23skdu/longbow/internal/simd/simd_baseline.go:143.2,143.48 1 1
github.com/23skdu/longbow/internal/simd/simd_baseline.go:147.62,148.22 1 1
github.com/23skdu/longbow/internal/simd/simd_baseline.go:148.22,150.3 1 0
github.com/23skdu/longbow/internal/simd/simd_baseline.go:151.2,154.25 4 1
github.com/23skdu/longbow/internal/simd/simd_baseline.go:154.25,163.3 8 0
github.com/23skdu/longbow/internal/simd/simd_baseline.go:164.2,164.19 1 1
github.com/23skdu/longbow/internal/simd/simd_baseline.go:164.19,167.3 2 1
github.com/23skdu/longbow/internal/simd/simd_baseline.go:168.2,168.59 1 1
github.com/23skdu/longbow/internal/simd/simd_baseline.go:172.68,173.22 1 0
github.com/23skdu/longbow/internal/simd/simd_baseline.go:173.22,175.3 1 0
github.com/23skdu/longbow/internal/simd/simd_baseline.go:176.2,179.25 4 0
github.com/23skdu/longbow/internal/simd/simd_baseline.go:179.25,189.3 8 0
github.com/23skdu/longbow/internal/simd/simd_baseline.go:190.2,190.19 1 0
github.com/23skdu/longbow/internal/simd/simd_baseline.go:190.19,193.3 2 0
github.com/23skdu/longbow/internal/simd/simd_baseline.go:194.2,194.68 1 0
github.com/23skdu/longbow/internal/simd/simd_baseline.go:197.62,198.22 1 1
github.com/23skdu/longbow/internal/simd/simd_baseline.go:198.22,200.3 1 0
github.com/23skdu/longbow/internal/simd/simd_baseline.go:201.2,204.25 4 1
github.com/23skdu/longbow/internal/simd/simd_baseline.go:204.25,209.3 4 0
github.com/23skdu/longbow/internal/simd/simd_baseline.go:210.2,210.19 1 1
github.com/23skdu/longbow/internal/simd/simd_baseline.go:210.19,212.3 1 1
github.com/23skdu/longbow/internal/simd/simd_baseline.go:213.2,213.45 1 1
github.com/23skdu/longbow/internal/simd/simd_baseline.go:217.62,218.22 1 0
github.com/23skdu/longbow/internal/simd/simd_baseline.go:218.22,220.3 1 0
github.com/23skdu/longbow/internal/simd/simd_baseline.go:221.2,224.25 4 0
github.com/23skdu/longbow/internal/simd/simd_baseline.go:224.25,233.3 8 0
github.com/23skdu/longbow/internal/simd/simd_baseline.go:234.2,234.19 1 0
github.com/23skdu/longbow/internal/simd/simd_baseline.go:234.19,237.3 2 0
github.com/23skdu/longbow/internal/simd/simd_baseline.go:238.2,238.68 1 0
github.com/23skdu/longbow/internal/simd/simd_baseline.go:241.64,242.22 1 1
github.com/23skdu/longbow/internal/simd/simd_baseline.go:242.22,244.3 1 0
github.com/23skdu/longbow/internal/simd/simd_baseline.go:245.2,248.25 4 1
github.com/23skdu/longbow/internal/simd/simd_baseline.go:248.25,257.3 8 0
github.com/23skdu/longbow/internal/simd/simd_baseline.go:258.2,258.19 1 1
github.com/23skdu/longbow/internal/simd/simd_baseline.go:258.19,261.3 2 1
github.com/23skdu/longbow/internal/simd/simd_baseline.go:262.2,262.68 1 1
github.com/23skdu/longbow/internal/simd/simd_baseline.go:265.64,266.22 1 1
github.com/23skdu/longbow/internal/simd/simd_baseline.go:266.22,268.3 1 0
github.com/23skdu/longbow/internal/simd/simd_baseline.go:269.2,272.25 4 1
github.com/23skdu/longbow/internal/simd/simd_baseline.go:272.25,281.3 8 0
github.com/23skdu/longbow/internal/simd/simd_baseline.go:282.2,282.19 1 1
github.com/23skdu/longbow/internal/simd/simd_baseline.go:282.19,285.3 2 1
github.com/23skdu/longbow/internal/simd/simd_baseline.go:286.2,286.59 1 1
github.com/23skdu/longbow/internal/simd/simd_baseline.go:289.64,290.22 1 1
github.com/23skdu/longbow/internal/simd/simd_baseline.go:290.22,292.3 1 0
github.com/23skdu/longbow/internal/simd/simd_baseline.go:293.2,296.25 4 1
github.com/23skdu/longbow/internal/simd/simd_baseline.go:296.25,305.3 8 0
github.com/23skdu/longbow/internal/simd/simd_baseline.go:306.2,306.19 1 1
github.com/23skdu/longbow/internal/simd/simd_baseline.go:306.19,309.3 2 1
github.com/23skdu/longbow/internal/simd/simd_baseline.go:310.2,310.59 1 1
github.com/23skdu/longbow/internal/simd/simd_baseline.go:314.70,315.22 1 0
github.com/23skdu/longbow/internal/simd/simd_baseline.go:315.22,317.3 1 0
github.com/23skdu/longbow/internal/simd/simd_baseline.go:318.2,321.25 4 0
github.com/23skdu/longbow/internal/simd/simd_baseline.go:321.25,331.3 8 0
github.com/23skdu/longbow/internal/simd/simd_baseline.go:332.2,332.19 1 0
github.com/23skdu/longbow/internal/simd/simd_baseline.go:332.19,335.3 2 0
github.com/23skdu/longbow/internal/simd/simd_baseline.go:336.2,336.59 1 0
github.com/23skdu/longbow/internal/simd/simd_baseline.go:340.66,341.22 1 1
github.com/23skdu/longbow/internal/simd/simd_baseline.go:341.22,343.3 1 0
github.com/23skdu/longbow/internal/simd/simd_baseline.go:344.2,347.25 4 1
github.com/23skdu/longbow/internal/simd/simd_baseline.go:347.25,356.3 8 1
github.com/23skdu/longbow/internal/simd/simd_baseline.go:357.2,357.19 1 1
github.com/23skdu/longbow/internal/simd/simd_baseline.go:357.19,360.3 2 1
github.com/23skdu/longbow/internal/simd/simd_baseline.go:361.2,361.59 1 1
github.com/23skdu/longbow/internal/simd/simd_baseline.go:364.60,365.22 1 1
github.com/23skdu/longbow/internal/simd/simd_baseline.go:365.22,367.3 1 0
github.com/23skdu/longbow/internal/simd/simd_baseline.go:368.2,371.25 4 1
github.com/23skdu/longbow/internal/simd/simd_baseline.go:371.25,376.3 4 1
github.com/23skdu/longbow/internal/simd/simd_baseline.go:377.2,377.19 1 1
github.com/23skdu/longbow/internal/simd/simd_baseline.go:377.19,379.3 1 1
github.com/23skdu/longbow/internal/simd/simd_baseline.go:380.2,380.48 1 1
github.com/23skdu/longbow/internal/simd/simd_baseline.go:383.58,384.22 1 1
github.com/23skdu/longbow/internal/simd/simd_baseline.go:384.22,386.3 1 0
github.com/23skdu/longbow/internal/simd/simd_baseline.go:387.2,390.25 4 1
github.com/23skdu/longbow/internal/simd/simd_baseline.go:390.25,395.3 4 0
github.com/23skdu/longbow/internal/simd/simd_baseline.go:396.2,396.19 1 1
github.com/23skdu/longbow/internal/simd/simd_baseline.go:396.19,398.3 1 1
github.com/23skdu/longbow/internal/simd/simd_baseline.go:399.2,399.48 1 1
github.com/23skdu/longbow/internal/simd/simd_baseline.go:402.58,403.22 1 1
github.com/23skdu/longbow/internal/simd/simd_baseline.go:403.22,405.3 1 0
github.com/23skdu/longbow/internal/simd/simd_baseline.go:406.2,409.25 4 1
github.com/23skdu/longbow/internal/simd/simd_baseline.go:409.25,414.3 4 0
github.com/23skdu/longbow/internal/simd/simd_baseline.go:415.2,415.19 1 1
github.com/23skdu/longbow/internal/simd/simd_baseline.go:415.19,417.3 1 1
github.com/23skdu/longbow/internal/simd/simd_baseline.go:418.2,418.48 1 1
github.com/23skdu/longbow/internal/simd/simd_baseline.go:421.56,422.22 1 1
github.com/23skdu/longbow/internal/simd/simd_baseline.go:422.22,424.3 1 0
github.com/23skdu/longbow/internal/simd/simd_baseline.go:425.2,428.25 4 1
github.com/23skdu/longbow/internal/simd/simd_baseline.go:428.25,433.3 4 0
github.com/23skdu/longbow/internal/simd/simd_baseline.go:434.2,434.19 1 1
github.com/23skdu/longbow/internal/simd/simd_baseline.go:434.19,436.3 1 1
github.com/23skdu/longbow/internal/simd/simd_baseline.go:437.2,437.48 1 1
github.com/23skdu/longbow/internal/simd/simd_baseline.go:440.58,441.22 1 1
github.com/23skdu/longbow/internal/simd/simd_baseline.go:441.22,443.3 1 0
github.com/23skdu/longbow/internal/simd/simd_baseline.go:444.2,447.25 4 1
github.com/23skdu/longbow/internal/simd/simd_baseline.go:447.25,452.3 4 0
github.com/23skdu/longbow/internal/simd/simd_baseline.go:453.2,453.19 1 1
github.com/23skdu/longbow/internal/simd/simd_baseline.go:453.19,455.3 1 1
github.com/23skdu/longbow/internal/simd/simd_baseline.go:456.2,456.48 1 1
github.com/23skdu/longbow/internal/simd/simd_baseline.go:459.64,460.22 1 1
github.com/23skdu/longbow/internal/simd/simd_baseline.go:460.22,462.3 1 0
github.com/23skdu/longbow/internal/simd/simd_baseline.go:463.2,467.25 5 1
github.com/23skdu/longbow/internal/simd/simd_baseline.go:467.25,478.3 10 0
github.com/23skdu/longbow/internal/simd/simd_baseline.go:479.2,479.19 1 1
github.com/23skdu/longbow/internal/simd/simd_baseline.go:479.19,482.3 2 1
github.com/23skdu/longbow/internal/simd/simd_baseline.go:483.2,483.88 1 1
github.com/23skdu/longbow/internal/simd/simd_baseline.go:487.63,488.22 1 1
github.com/23skdu/longbow/internal/simd/simd_baseline.go:488.22,490.3 1 0
github.com/23skdu/longbow/internal/simd/simd_baseline.go:491.2,491.17 1 1
github.com/23skdu/longbow/internal/simd/simd_baseline.go:491.17,493.3 1 0
github.com/23skdu/longbow/internal/simd/simd_baseline.go:495.2,500.25 4 1
github.com/23skdu/longbow/internal/simd/simd_baseline.go:500.25,504.3 3 1
github.com/23skdu/longbow/internal/simd/simd_baseline.go:507.2,507.19 1 1
github.com/23skdu/longbow/internal/simd/simd_baseline.go:507.19,511.3 3 1
github.com/23skdu/longbow/internal/simd/simd_baseline.go:514.2,514.36 1 1
github.com/23skdu/longbow/internal/simd/simd_baseline.go:514.36,516.3 1 1
github.com/23skdu/longbow/internal/simd/simd_baseline.go:518.2,520.22 2 1
github.com/23skdu/longbow/internal/simd/simd_baseline.go:520.22,522.3 1 0
github.com/23skdu/longbow/internal/simd/simd_baseline.go:522.8,522.30 1 1
github.com/23skdu/longbow/internal/simd/simd_baseline.go:522.30,524.3 1 0
github.com/23skdu/longbow/internal/simd/simd_baseline.go:527.2,527.39 1 1
github.com/23skdu/longbow/internal/simd/simd_batch_baseline.go:8.102,9.28 1 1
github.com/23skdu/longbow/internal/simd/simd_batch_baseline.go:9.28,10.15 1 1
github.com/23skdu/longbow/internal/simd/simd_batch_baseline.go:10.15,11.12 1 0
github.com/23skdu/longbow/internal/simd/simd_batch_baseline.go:13.3,14.17 2 1
github.com/23skdu/longbow/internal/simd/simd_batch_baseline.go:14.17,16.4 1 0
github.com/23skdu/longbow/internal/simd/simd_batch_baseline.go:17.3,17.17 1 1
github.com/23skdu/longbow/internal/simd/simd_batch_baseline.go:19.2,19.12 1 1
github.com/23skdu/longbow/internal/simd/simd_bitops.go:3.39,4.21 1 1
github.com/23skdu/longbow/internal/simd/simd_bitops.go:4.21,6.3 1 1
github.com/23skdu/longbow/internal/simd/simd_bitops.go:9.38,10.21 1 1
github.com/23skdu/longbow/internal/simd/simd_bitops.go:10.21,12.3 1 1
github.com/23skdu/longbow/internal/simd/simd_bitops.go:15.34,16.21 1 0
github.com/23skdu/longbow/internal/simd/simd_bitops.go:16.21,17.18 1 0
github.com/23skdu/longbow/internal/simd/simd_bitops.go:17.18,19.4 1 0
github.com/23skdu/longbow/internal/simd/simd_bitops.go:19.9,21.4 1 0
github.com/23skdu/longbow/internal/simd/simd_bitops.go:25.41,26.24 1 1
github.com/23skdu/longbow/internal/simd/simd_bitops.go:26.24,27.13 1 1
github.com/23skdu/longbow/internal/simd/simd_bitops.go:27.13,29.4 1 0
github.com/23skdu/longbow/internal/simd/simd_bitops.go:31.2,31.13 1 1
github.com/23skdu/longbow/internal/simd/simd_bitops.go:37.29,44.2 1 0
github.com/23skdu/longbow/internal/simd/simd_bitops.go:50.41,52.2 1 1
github.com/23skdu/longbow/internal/simd/simd_bitops.go:55.48,57.30 2 0
github.com/23skdu/longbow/internal/simd/simd_bitops.go:57.30,59.3 1 0
github.com/23skdu/longbow/internal/simd/simd_bitops.go:60.2,60.13 1 0
github.com/23skdu/longbow/internal/simd/simd_bitops.go:67.32,80.2 10 0
github.com/23skdu/longbow/internal/simd/simd_blocked.go:22.64,23.35 1 1
github.com/23skdu/longbow/internal/simd/simd_blocked.go:23.35,25.3 1 1
github.com/23skdu/longbow/internal/simd/simd_blocked.go:27.2,30.17 3 1
github.com/23skdu/longbow/internal/simd/simd_blocked.go:30.17,32.3 1 0
github.com/23skdu/longbow/internal/simd/simd_blocked.go:34.2,35.68 2 1
github.com/23skdu/longbow/internal/simd/simd_blocked.go:35.68,39.17 4 1
github.com/23skdu/longbow/internal/simd/simd_blocked.go:39.17,41.4 1 0
github.com/23skdu/longbow/internal/simd/simd_blocked.go:42.3,42.11 1 1
github.com/23skdu/longbow/internal/simd/simd_blocked.go:46.2,46.16 1 1
github.com/23skdu/longbow/internal/simd/simd_blocked.go:46.16,48.17 2 1
github.com/23skdu/longbow/internal/simd/simd_blocked.go:48.17,50.4 1 0
github.com/23skdu/longbow/internal/simd/simd_blocked.go:51.3,51.11 1 1
github.com/23skdu/longbow/internal/simd/simd_blocked.go:54.2,54.17 1 1
github.com/23skdu/longbow/internal/simd/simd_blocked.go:58.56,59.35 1 1
github.com/23skdu/longbow/internal/simd/simd_blocked.go:59.35,61.3 1 0
github.com/23skdu/longbow/internal/simd/simd_blocked.go:63.2,65.68 3 1
github.com/23skdu/longbow/internal/simd/simd_blocked.go:65.68,67.17 2 1
github.com/23skdu/longbow/internal/simd/simd_blocked.go:67.17,69.4 1 0
github.com/23skdu/longbow/internal/simd/simd_blocked.go:70.3,70.11 1 1
github.com/23skdu/longbow/internal/simd/simd_blocked.go:74.2,74.16 1 1
github.com/23skdu/longbow/internal/simd/simd_blocked.go:74.16,76.17 2 1
github.com/23skdu/longbow/internal/simd/simd_blocked.go:76.17,78.4 1 0
github.com/23skdu/longbow/internal/simd/simd_blocked.go:79.3,79.11 1 1
github.com/23skdu/longbow/internal/simd/simd_blocked.go:82.2,82.46 1 1
github.com/23skdu/longbow/internal/simd/simd_blocked.go:87.97,88.40 1 1
github.com/23skdu/longbow/internal/simd/simd_blocked.go:88.40,90.3 1 0
github.com/23skdu/longbow/internal/simd/simd_blocked.go:92.2,95.25 2 1
github.com/23skdu/longbow/internal/simd/simd_blocked.go:95.25,97.3 1 1
github.com/23skdu/longbow/internal/simd/simd_blocked.go:99.2,103.50 3 1
github.com/23skdu/longbow/internal/simd/simd_blocked.go:103.50,105.17 2 1
github.com/23skdu/longbow/internal/simd/simd_blocked.go:105.17,107.4 1 0
github.com/23skdu/longbow/internal/simd/simd_blocked.go:108.3,111.32 2 1
github.com/23skdu/longbow/internal/simd/simd_blocked.go:111.32,114.18 3 1
github.com/23skdu/longbow/internal/simd/simd_blocked.go:114.18,116.5 1 0
github.com/23skdu/longbow/internal/simd/simd_blocked.go:117.4,117.19 1 1
github.com/23skdu/longbow/internal/simd/simd_blocked.go:122.2,122.25 1 1
github.com/23skdu/longbow/internal/simd/simd_blocked.go:122.25,124.3 1 1
github.com/23skdu/longbow/internal/simd/simd_blocked.go:125.2,125.12 1 1
github.com/23skdu/longbow/internal/simd/simd_blocked.go:129.90,130.40 1 0
github.com/23skdu/longbow/internal/simd/simd_blocked.go:130.40,132.3 1 0
github.com/23skdu/longbow/internal/simd/simd_blocked.go:135.2,135.25 1 0
github.com/23skdu/longbow/internal/simd/simd_blocked.go:135.25,137.3 1 0
github.com/23skdu/longbow/internal/simd/simd_blocked.go:139.2,144.50 4 0
github.com/23skdu/longbow/internal/simd/simd_blocked.go:144.50,146.17 2 0
github.com/23skdu/longbow/internal/simd/simd_blocked.go:146.17,148.4 1 0
github.com/23skdu/longbow/internal/simd/simd_blocked.go:149.3,152.32 2 0
github.com/23skdu/longbow/internal/simd/simd_blocked.go:152.32,154.18 2 0
github.com/23skdu/longbow/internal/simd/simd_blocked.go:154.18,156.5 1 0
github.com/23skdu/longbow/internal/simd/simd_blocked.go:157.4,157.19 1 0
github.com/23skdu/longbow/internal/simd/simd_blocked.go:160.2,160.12 1 0
github.com/23skdu/longbow/internal/simd/simd_blocked.go:166.72,167.22 1 1
github.com/23skdu/longbow/internal/simd/simd_blocked.go:167.22,169.3 1 0
github.com/23skdu/longbow/internal/simd/simd_blocked.go:170.2,170.39 1 1
github.com/23skdu/longbow/internal/simd/simd_blocked.go:170.39,172.3 1 0
github.com/23skdu/longbow/internal/simd/simd_blocked.go:174.2,176.17 3 1
github.com/23skdu/longbow/internal/simd/simd_blocked.go:176.17,178.3 1 0
github.com/23skdu/longbow/internal/simd/simd_blocked.go:180.2,184.46 4 1
github.com/23skdu/longbow/internal/simd/simd_blocked.go:184.46,187.23 2 1
github.com/23skdu/longbow/internal/simd/simd_blocked.go:187.23,190.4 2 1
github.com/23skdu/longbow/internal/simd/simd_blocked.go:192.3,195.17 4 1
github.com/23skdu/longbow/internal/simd/simd_blocked.go:195.17,197.4 1 0
github.com/23skdu/longbow/internal/simd/simd_blocked.go:198.3,198.11 1 1
github.com/23skdu/longbow/internal/simd/simd_blocked.go:202.2,202.16 1 1
github.com/23skdu/longbow/internal/simd/simd_blocked.go:202.16,204.17 2 0
github.com/23skdu/longbow/internal/simd/simd_blocked.go:204.17,206.4 1 0
github.com/23skdu/longbow/internal/simd/simd_blocked.go:207.3,207.11 1 0
github.com/23skdu/longbow/internal/simd/simd_blocked.go:210.2,210.17 1 1
github.com/23skdu/longbow/internal/simd/simd_blocked.go:215.71,216.22 1 1
github.com/23skdu/longbow/internal/simd/simd_blocked.go:216.22,218.3 1 0
github.com/23skdu/longbow/internal/simd/simd_blocked.go:219.2,219.39 1 1
github.com/23skdu/longbow/internal/simd/simd_blocked.go:219.39,221.3 1 0
github.com/23skdu/longbow/internal/simd/simd_blocked.go:223.2,228.46 5 1
github.com/23skdu/longbow/internal/simd/simd_blocked.go:228.46,231.23 2 1
github.com/23skdu/longbow/internal/simd/simd_blocked.go:231.23,234.4 2 1
github.com/23skdu/longbow/internal/simd/simd_blocked.go:236.3,237.17 2 1
github.com/23skdu/longbow/internal/simd/simd_blocked.go:237.17,239.4 1 0
github.com/23skdu/longbow/internal/simd/simd_blocked.go:240.3,240.11 1 1
github.com/23skdu/longbow/internal/simd/simd_blocked.go:244.2,244.16 1 1
github.com/23skdu/longbow/internal/simd/simd_blocked.go:244.16,246.17 2 0
github.com/23skdu/longbow/internal/simd/simd_blocked.go:246.17,248.4 1 0
github.com/23skdu/longbow/internal/simd/simd_blocked.go:249.3,249.11 1 0
github.com/23skdu/longbow/internal/simd/simd_blocked.go:252.2,252.46 1 1
github.com/23skdu/longbow/internal/simd/simd_blocked.go:255.59,257.2 1 1
github.com/23skdu/longbow/internal/simd/simd_blocked.go:259.59,261.2 1 1
github.com/23skdu/longbow/internal/simd/simd_blocked.go:263.60,265.2 1 1
github.com/23skdu/longbow/internal/simd/simd_blocked.go:267.60,269.2 1 1
github.com/23skdu/longbow/internal/simd/simd_blocked.go:271.60,273.2 1 1
github.com/23skdu/longbow/internal/simd/simd_blocked.go:275.60,277.2 1 1
github.com/23skdu/longbow/internal/simd/simd_blocked.go:279.78,280.22 1 1
github.com/23skdu/longbow/internal/simd/simd_blocked.go:280.22,282.3 1 0
github.com/23skdu/longbow/internal/simd/simd_blocked.go:283.2,283.17 1 1
github.com/23skdu/longbow/internal/simd/simd_blocked.go:283.17,285.3 1 0
github.com/23skdu/longbow/internal/simd/simd_blocked.go:286.2,286.25 1 1
github.com/23skdu/longbow/internal/simd/simd_blocked.go:286.25,288.17 2 0
github.com/23skdu/longbow/internal/simd/simd_blocked.go:288.17,290.4 1 0
github.com/23skdu/longbow/internal/simd/simd_blocked.go:291.3,291.47 1 0
github.com/23skdu/longbow/internal/simd/simd_blocked.go:294.2,297.38 3 1
github.com/23skdu/longbow/internal/simd/simd_blocked.go:297.38,299.16 2 1
github.com/23skdu/longbow/internal/simd/simd_blocked.go:299.16,301.4 1 1
github.com/23skdu/longbow/internal/simd/simd_blocked.go:302.3,305.17 4 1
github.com/23skdu/longbow/internal/simd/simd_blocked.go:305.17,307.4 1 0
github.com/23skdu/longbow/internal/simd/simd_blocked.go:308.3,308.23 1 1
github.com/23skdu/longbow/internal/simd/simd_blocked.go:311.2,311.51 1 1
github.com/23skdu/longbow/internal/simd/simd_blocked.go:314.56,316.17 2 1
github.com/23skdu/longbow/internal/simd/simd_blocked.go:316.17,318.3 1 1
github.com/23skdu/longbow/internal/simd/simd_blocked.go:319.2,319.17 1 1
github.com/23skdu/longbow/internal/simd/simd_blocked.go:319.17,321.3 1 1
github.com/23skdu/longbow/internal/simd/simd_blocked.go:322.2,322.17 1 1
github.com/23skdu/longbow/internal/simd/simd_blocked.go:322.17,324.3 1 0
github.com/23skdu/longbow/internal/simd/simd_blocked.go:325.2,326.16 2 1
github.com/23skdu/longbow/internal/simd/simd_blocked.go:326.16,328.3 1 0
github.com/23skdu/longbow/internal/simd/simd_blocked.go:329.2,329.46 1 1
github.com/23skdu/longbow/internal/simd/simd_blocked.go:338.64,339.22 1 0
github.com/23skdu/longbow/internal/simd/simd_blocked.go:339.22,341.3 1 0
github.com/23skdu/longbow/internal/simd/simd_blocked.go:342.2,342.17 1 0
github.com/23skdu/longbow/internal/simd/simd_blocked.go:342.17,344.3 1 0
github.com/23skdu/longbow/internal/simd/simd_blocked.go:345.2,345.35 1 0
github.com/23skdu/longbow/internal/simd/simd_blocked.go:345.35,347.3 1 0
github.com/23skdu/longbow/internal/simd/simd_blocked.go:349.2,351.20 3 0
github.com/23skdu/longbow/internal/simd/simd_blocked.go:351.20,353.3 1 0
github.com/23skdu/longbow/internal/simd/simd_blocked.go:355.2,356.46 2 0
github.com/23skdu/longbow/internal/simd/simd_blocked.go:356.46,360.17 4 0
github.com/23skdu/longbow/internal/simd/simd_blocked.go:360.17,362.4 1 0
github.com/23skdu/longbow/internal/simd/simd_blocked.go:363.3,363.20 1 0
github.com/23skdu/longbow/internal/simd/simd_blocked.go:367.2,367.16 1 0
github.com/23skdu/longbow/internal/simd/simd_blocked.go:367.16,369.17 2 0
github.com/23skdu/longbow/internal/simd/simd_blocked.go:369.17,371.4 1 0
github.com/23skdu/longbow/internal/simd/simd_blocked.go:372.3,372.20 1 0
github.com/23skdu/longbow/internal/simd/simd_blocked.go:375.2,375.26 1 0
github.com/23skdu/longbow/internal/simd/simd_blocked.go:379.63,380.22 1 0
github.com/23skdu/longbow/internal/simd/simd_blocked.go:380.22,382.3 1 0
github.com/23skdu/longbow/internal/simd/simd_blocked.go:383.2,383.17 1 0
github.com/23skdu/longbow/internal/simd/simd_blocked.go:383.17,385.3 1 0
github.com/23skdu/longbow/internal/simd/simd_blocked.go:386.2,386.35 1 0
github.com/23skdu/longbow/internal/simd/simd_blocked.go:386.35,388.3 1 0
github.com/23skdu/longbow/internal/simd/simd_blocked.go:390.2,392.20 3 0
github.com/23skdu/longbow/internal/simd/simd_blocked.go:392.20,394.3 1 0
github.com/23skdu/longbow/internal/simd/simd_blocked.go:396.2,397.46 2 0
github.com/23skdu/longbow/internal/simd/simd_blocked.go:397.46,401.17 4 0
github.com/23skdu/longbow/internal/simd/simd_blocked.go:401.17,403.4 1 0
github.com/23skdu/longbow/internal/simd/simd_blocked.go:404.3,404.33 1 0
github.com/23skdu/longbow/internal/simd/simd_blocked.go:408.2,408.16 1 0
github.com/23skdu/longbow/internal/simd/simd_blocked.go:408.16,410.17 2 0
github.com/23skdu/longbow/internal/simd/simd_blocked.go:410.17,412.4 1 0
github.com/23skdu/longbow/internal/simd/simd_blocked.go:413.3,413.33 1 0
github.com/23skdu/longbow/internal/simd/simd_blocked.go:416.2,416.37 1 0
github.com/23skdu/longbow/internal/simd/simd_blocked.go:424.60,425.22 1 1
github.com/23skdu/longbow/internal/simd/simd_blocked.go:425.22,427.3 1 0
github.com/23skdu/longbow/internal/simd/simd_blocked.go:428.2,428.17 1 1
github.com/23skdu/longbow/internal/simd/simd_blocked.go:428.17,430.3 1 0
github.com/23skdu/longbow/internal/simd/simd_blocked.go:431.2,431.35 1 1
github.com/23skdu/longbow/internal/simd/simd_blocked.go:431.35,433.3 1 0
github.com/23skdu/longbow/internal/simd/simd_blocked.go:435.2,437.20 3 1
github.com/23skdu/longbow/internal/simd/simd_blocked.go:437.20,439.3 1 1
github.com/23skdu/longbow/internal/simd/simd_blocked.go:441.2,442.46 2 1
github.com/23skdu/longbow/internal/simd/simd_blocked.go:442.46,443.36 1 1
github.com/23skdu/longbow/internal/simd/simd_blocked.go:443.36,445.4 1 1
github.com/23skdu/longbow/internal/simd/simd_blocked.go:449.2,449.24 1 1
github.com/23skdu/longbow/internal/simd/simd_blocked.go:449.24,451.3 1 0
github.com/23skdu/longbow/internal/simd/simd_blocked.go:453.2,453.26 1 1
github.com/23skdu/longbow/internal/simd/simd_blocked.go:457.59,458.22 1 1
github.com/23skdu/longbow/internal/simd/simd_blocked.go:458.22,460.3 1 0
github.com/23skdu/longbow/internal/simd/simd_blocked.go:461.2,461.17 1 1
github.com/23skdu/longbow/internal/simd/simd_blocked.go:461.17,463.3 1 0
github.com/23skdu/longbow/internal/simd/simd_blocked.go:464.2,464.35 1 1
github.com/23skdu/longbow/internal/simd/simd_blocked.go:464.35,466.3 1 0
github.com/23skdu/longbow/internal/simd/simd_blocked.go:468.2,470.20 3 1
github.com/23skdu/longbow/internal/simd/simd_blocked.go:470.20,472.3 1 1
github.com/23skdu/longbow/internal/simd/simd_blocked.go:474.2,475.46 2 1
github.com/23skdu/longbow/internal/simd/simd_blocked.go:475.46,476.36 1 1
github.com/23skdu/longbow/internal/simd/simd_blocked.go:476.36,479.4 2 1
github.com/23skdu/longbow/internal/simd/simd_blocked.go:483.2,483.24 1 1
github.com/23skdu/longbow/internal/simd/simd_blocked.go:483.24,486.3 2 0
github.com/23skdu/longbow/internal/simd/simd_blocked.go:488.2,488.37 1 1
github.com/23skdu/longbow/internal/simd/simd_blocked.go:496.60,497.22 1 1
github.com/23skdu/longbow/internal/simd/simd_blocked.go:497.22,499.3 1 0
github.com/23skdu/longbow/internal/simd/simd_blocked.go:500.2,500.17 1 1
github.com/23skdu/longbow/internal/simd/simd_blocked.go:500.17,502.3 1 0
github.com/23skdu/longbow/internal/simd/simd_blocked.go:503.2,503.35 1 1
github.com/23skdu/longbow/internal/simd/simd_blocked.go:503.35,505.3 1 0
github.com/23skdu/longbow/internal/simd/simd_blocked.go:507.2,509.20 3 1
github.com/23skdu/longbow/internal/simd/simd_blocked.go:509.20,511.3 1 1
github.com/23skdu/longbow/internal/simd/simd_blocked.go:513.2,514.46 2 1
github.com/23skdu/longbow/internal/simd/simd_blocked.go:514.46,515.36 1 1
github.com/23skdu/longbow/internal/simd/simd_blocked.go:515.36,517.4 1 1
github.com/23skdu/longbow/internal/simd/simd_blocked.go:521.2,521.24 1 1
github.com/23skdu/longbow/internal/simd/simd_blocked.go:521.24,523.3 1 0
github.com/23skdu/longbow/internal/simd/simd_blocked.go:525.2,525.26 1 1
github.com/23skdu/longbow/internal/simd/simd_blocked.go:529.59,530.22 1 1
github.com/23skdu/longbow/internal/simd/simd_blocked.go:530.22,532.3 1 0
github.com/23skdu/longbow/internal/simd/simd_blocked.go:533.2,533.17 1 1
github.com/23skdu/longbow/internal/simd/simd_blocked.go:533.17,535.3 1 0
github.com/23skdu/longbow/internal/simd/simd_blocked.go:536.2,536.35 1 1
github.com/23skdu/longbow/internal/simd/simd_blocked.go:536.35,538.3 1 0
github.com/23skdu/longbow/internal/simd/simd_blocked.go:540.2,542.20 3 1
github.com/23skdu/longbow/internal/simd/simd_blocked.go:542.20,544.3 1 1
github.com/23skdu/longbow/internal/simd/simd_blocked.go:546.2,547.46 2 1
github.com/23skdu/longbow/internal/simd/simd_blocked.go:547.46,548.36 1 1
github.com/23skdu/longbow/internal/simd/simd_blocked.go:548.36,551.4 2 1
github.com/23skdu/longbow/internal/simd/simd_blocked.go:555.2,555.24 1 1
github.com/23skdu/longbow/internal/simd/simd_blocked.go:555.24,558.3 2 0
github.com/23skdu/longbow/internal/simd/simd_blocked.go:560.2,560.37 1 1
github.com/23skdu/longbow/internal/simd/simd_blocked.go:568.58,569.22 1 1
github.com/23skdu/longbow/internal/simd/simd_blocked.go:569.22,571.3 1 0
github.com/23skdu/longbow/internal/simd/simd_blocked.go:572.2,572.17 1 1
github.com/23skdu/longbow/internal/simd/simd_blocked.go:572.17,574.3 1 0
github.com/23skdu/longbow/internal/simd/simd_blocked.go:575.2,575.35 1 1
github.com/23skdu/longbow/internal/simd/simd_blocked.go:575.35,577.3 1 0
github.com/23skdu/longbow/internal/simd/simd_blocked.go:579.2,581.20 3 1
github.com/23skdu/longbow/internal/simd/simd_blocked.go:581.20,583.3 1 1
github.com/23skdu/longbow/internal/simd/simd_blocked.go:585.2,586.46 2 1
github.com/23skdu/longbow/internal/simd/simd_blocked.go:586.46,587.36 1 1
github.com/23skdu/longbow/internal/simd/simd_blocked.go:587.36,589.4 1 1
github.com/23skdu/longbow/internal/simd/simd_blocked.go:593.2,593.24 1 1
github.com/23skdu/longbow/internal/simd/simd_blocked.go:593.24,595.3 1 0
github.com/23skdu/longbow/internal/simd/simd_blocked.go:597.2,597.26 1 1
github.com/23skdu/longbow/internal/simd/simd_blocked.go:601.57,602.22 1 1
github.com/23skdu/longbow/internal/simd/simd_blocked.go:602.22,604.3 1 0
github.com/23skdu/longbow/internal/simd/simd_blocked.go:605.2,605.17 1 1
github.com/23skdu/longbow/internal/simd/simd_blocked.go:605.17,607.3 1 0
github.com/23skdu/longbow/internal/simd/simd_blocked.go:608.2,608.35 1 1
github.com/23skdu/longbow/internal/simd/simd_blocked.go:608.35,610.3 1 0
github.com/23skdu/longbow/internal/simd/simd_blocked.go:612.2,614.20 3 1
github.com/23skdu/longbow/internal/simd/simd_blocked.go:614.20,616.3 1 1
github.com/23skdu/longbow/internal/simd/simd_blocked.go:618.2,619.46 2 1
github.com/23skdu/longbow/internal/simd/simd_blocked.go:619.46,620.36 1 1
github.com/23skdu/longbow/internal/simd/simd_blocked.go:620.36,623.4 2 1
github.com/23skdu/longbow/internal/simd/simd_blocked.go:627.2,627.24 1 1
github.com/23skdu/longbow/internal/simd/simd_blocked.go:627.24,630.3 2 0
github.com/23skdu/longbow/internal/simd/simd_blocked.go:632.2,632.37 1 1
github.com/23skdu/longbow/internal/simd/simd_blocked.go:640.61,641.22 1 1
github.com/23skdu/longbow/internal/simd/simd_blocked.go:641.22,643.3 1 0
github.com/23skdu/longbow/internal/simd/simd_blocked.go:644.2,644.17 1 1
github.com/23skdu/longbow/internal/simd/simd_blocked.go:644.17,646.3 1 0
github.com/23skdu/longbow/internal/simd/simd_blocked.go:648.2,650.20 3 1
github.com/23skdu/longbow/internal/simd/simd_blocked.go:650.20,652.3 1 1
github.com/23skdu/longbow/internal/simd/simd_blocked.go:654.2,655.46 2 1
github.com/23skdu/longbow/internal/simd/simd_blocked.go:655.46,656.36 1 1
github.com/23skdu/longbow/internal/simd/simd_blocked.go:656.36,659.4 2 1
github.com/23skdu/longbow/internal/simd/simd_blocked.go:662.2,662.24 1 1
github.com/23skdu/longbow/internal/simd/simd_blocked.go:662.24,665.3 2 0
github.com/23skdu/longbow/internal/simd/simd_blocked.go:667.2,667.37 1 1
github.com/23skdu/longbow/internal/simd/simd_blocked.go:671.62,672.22 1 1
github.com/23skdu/longbow/internal/simd/simd_blocked.go:672.22,674.3 1 0
github.com/23skdu/longbow/internal/simd/simd_blocked.go:675.2,675.17 1 1
github.com/23skdu/longbow/internal/simd/simd_blocked.go:675.17,677.3 1 0
github.com/23skdu/longbow/internal/simd/simd_blocked.go:679.2,683.46 4 1
github.com/23skdu/longbow/internal/simd/simd_blocked.go:683.46,684.36 1 1
github.com/23skdu/longbow/internal/simd/simd_blocked.go:684.36,686.4 1 1
github.com/23skdu/longbow/internal/simd/simd_blocked.go:689.2,689.24 1 1
github.com/23skdu/longbow/internal/simd/simd_blocked.go:689.24,691.3 1 0
github.com/23skdu/longbow/internal/simd/simd_blocked.go:693.2,693.26 1 1
github.com/23skdu/longbow/internal/simd/simd_blocked.go:701.61,702.22 1 1
github.com/23skdu/longbow/internal/simd/simd_blocked.go:702.22,704.3 1 0
github.com/23skdu/longbow/internal/simd/simd_blocked.go:705.2,705.17 1 1
github.com/23skdu/longbow/internal/simd/simd_blocked.go:705.17,707.3 1 0
github.com/23skdu/longbow/internal/simd/simd_blocked.go:709.2,711.20 3 1
github.com/23skdu/longbow/internal/simd/simd_blocked.go:711.20,713.3 1 1
github.com/23skdu/longbow/internal/simd/simd_blocked.go:715.2,716.46 2 1
github.com/23skdu/longbow/internal/simd/simd_blocked.go:716.46,717.36 1 1
github.com/23skdu/longbow/internal/simd/simd_blocked.go:717.36,720.4 2 1
github.com/23skdu/longbow/internal/simd/simd_blocked.go:723.2,723.24 1 1
github.com/23skdu/longbow/internal/simd/simd_blocked.go:723.24,726.3 2 0
github.com/23skdu/longbow/internal/simd/simd_blocked.go:728.2,728.37 1 1
github.com/23skdu/longbow/internal/simd/simd_blocked.go:732.62,733.22 1 1
github.com/23skdu/longbow/internal/simd/simd_blocked.go:733.22,735.3 1 0
github.com/23skdu/longbow/internal/simd/simd_blocked.go:736.2,736.17 1 1
github.com/23skdu/longbow/internal/simd/simd_blocked.go:736.17,738.3 1 0
github.com/23skdu/longbow/internal/simd/simd_blocked.go:740.2,744.46 4 1
github.com/23skdu/longbow/internal/simd/simd_blocked.go:744.46,745.36 1 1
github.com/23skdu/longbow/internal/simd/simd_blocked.go:745.36,747.4 1 1
github.com/23skdu/longbow/internal/simd/simd_blocked.go:750.2,750.24 1 1
github.com/23skdu/longbow/internal/simd/simd_blocked.go:750.24,752.3 1 0
github.com/23skdu/longbow/internal/simd/simd_blocked.go:754.2,754.26 1 1
github.com/23skdu/longbow/internal/simd/simd_blocked.go:762.59,763.22 1 1
github.com/23skdu/longbow/internal/simd/simd_blocked.go:763.22,765.3 1 0
github.com/23skdu/longbow/internal/simd/simd_blocked.go:766.2,766.17 1 1
github.com/23skdu/longbow/internal/simd/simd_blocked.go:766.17,768.3 1 0
github.com/23skdu/longbow/internal/simd/simd_blocked.go:770.2,772.20 3 1
github.com/23skdu/longbow/internal/simd/simd_blocked.go:772.20,774.3 1 1
github.com/23skdu/longbow/internal/simd/simd_blocked.go:776.2,777.46 2 1
github.com/23skdu/longbow/internal/simd/simd_blocked.go:777.46,778.36 1 1
github.com/23skdu/longbow/internal/simd/simd_blocked.go:778.36,781.4 2 1
github.com/23skdu/longbow/internal/simd/simd_blocked.go:784.2,784.24 1 1
github.com/23skdu/longbow/internal/simd/simd_blocked.go:784.24,787.3 2 0
github.com/23skdu/longbow/internal/simd/simd_blocked.go:789.2,789.37 1 1
github.com/23skdu/longbow/internal/simd/simd_blocked.go:793.60,794.22 1 1
github.com/23skdu/longbow/internal/simd/simd_blocked.go:794.22,796.3 1 0
github.com/23skdu/longbow/internal/simd/simd_blocked.go:797.2,797.17 1 1
github.com/23skdu/longbow/internal/simd/simd_blocked.go:797.17,799.3 1 0
github.com/23skdu/longbow/internal/simd/simd_blocked.go:801.2,805.46 4 1
github.com/23skdu/longbow/internal/simd/simd_blocked.go:805.46,806.36 1 1
github.com/23skdu/longbow/internal/simd/simd_blocked.go:806.36,808.4 1 1
github.com/23skdu/longbow/internal/simd/simd_blocked.go:811.2,811.24 1 1
github.com/23skdu/longbow/internal/simd/simd_blocked.go:811.24,813.3 1 0
github.com/23skdu/longbow/internal/simd/simd_blocked.go:815.2,815.26 1 1
github.com/23skdu/longbow/internal/simd/simd_blocked.go:823.61,824.22 1 1
github.com/23skdu/longbow/internal/simd/simd_blocked.go:824.22,826.3 1 0
github.com/23skdu/longbow/internal/simd/simd_blocked.go:827.2,827.17 1 1
github.com/23skdu/longbow/internal/simd/simd_blocked.go:827.17,829.3 1 0
github.com/23skdu/longbow/internal/simd/simd_blocked.go:831.2,833.20 3 1
github.com/23skdu/longbow/internal/simd/simd_blocked.go:833.20,835.3 1 1
github.com/23skdu/longbow/internal/simd/simd_blocked.go:837.2,838.46 2 1
github.com/23skdu/longbow/internal/simd/simd_blocked.go:838.46,839.36 1 1
github.com/23skdu/longbow/internal/simd/simd_blocked.go:839.36,842.4 2 1
github.com/23skdu/longbow/internal/simd/simd_blocked.go:845.2,845.24 1 1
github.com/23skdu/longbow/internal/simd/simd_blocked.go:845.24,848.3 2 0
github.com/23skdu/longbow/internal/simd/simd_blocked.go:850.2,850.37 1 1
github.com/23skdu/longbow/internal/simd/simd_blocked.go:854.62,855.22 1 1
github.com/23skdu/longbow/internal/simd/simd_blocked.go:855.22,857.3 1 0
github.com/23skdu/longbow/internal/simd/simd_blocked.go:858.2,858.17 1 1
github.com/23skdu/longbow/internal/simd/simd_blocked.go:858.17,860.3 1 0
github.com/23skdu/longbow/internal/simd/simd_blocked.go:862.2,866.46 4 1
github.com/23skdu/longbow/internal/simd/simd_blocked.go:866.46,867.36 1 1
github.com/23skdu/longbow/internal/simd/simd_blocked.go:867.36,869.4 1 1
github.com/23skdu/longbow/internal/simd/simd_blocked.go:872.2,872.24 1 1
github.com/23skdu/longbow/internal/simd/simd_blocked.go:872.24,874.3 1 0
github.com/23skdu/longbow/internal/simd/simd_blocked.go:876.2,876.26 1 1
github.com/23skdu/longbow/internal/simd/simd_fma_other.go:11.53,12.22 1 0
github.com/23skdu/longbow/internal/simd/simd_fma_other.go:12.22,14.3 1 0
github.com/23skdu/longbow/internal/simd/simd_fma_other.go:15.2,16.19 2 0
github.com/23skdu/longbow/internal/simd/simd_fma_other.go:16.19,18.3 1 0
github.com/23skdu/longbow/internal/simd/simd_fma_other.go:19.2,19.17 1 0
github.com/23skdu/longbow/internal/simd/simd_fma_other.go:23.60,24.22 1 0
github.com/23skdu/longbow/internal/simd/simd_fma_other.go:24.22,26.3 1 0
github.com/23skdu/longbow/internal/simd/simd_fma_other.go:27.2,28.19 2 0
github.com/23skdu/longbow/internal/simd/simd_fma_other.go:28.19,31.3 2 0
github.com/23skdu/longbow/internal/simd/simd_fma_other.go:32.2,32.17 1 0
github.com/23skdu/longbow/internal/simd/simd_fma_other.go:36.57,37.22 1 0
github.com/23skdu/longbow/internal/simd/simd_fma_other.go:37.22,39.3 1 0
github.com/23skdu/longbow/internal/simd/simd_fma_other.go:40.2,40.17 1 0
github.com/23skdu/longbow/internal/simd/simd_fma_other.go:40.17,42.3 1 0
github.com/23skdu/longbow/internal/simd/simd_fma_other.go:43.2,44.19 2 0
github.com/23skdu/longbow/internal/simd/simd_fma_other.go:44.19,48.3 3 0
github.com/23skdu/longbow/internal/simd/simd_fma_other.go:49.2,49.30 1 0
github.com/23skdu/longbow/internal/simd/simd_fma_other.go:49.30,51.3 1 0
github.com/23skdu/longbow/internal/simd/simd_fma_other.go:52.2,52.55 1 0
github.com/23skdu/longbow/internal/simd/simd_generic.go:5.41,5.42 0 1
github.com/23skdu/longbow/internal/simd/simd_optimized.go:8.69,9.22 1 0
github.com/23skdu/longbow/internal/simd/simd_optimized.go:9.22,11.3 1 0
github.com/23skdu/longbow/internal/simd/simd_optimized.go:12.2,12.17 1 0
github.com/23skdu/longbow/internal/simd/simd_optimized.go:12.17,14.3 1 0
github.com/23skdu/longbow/internal/simd/simd_optimized.go:16.2,20.40 3 0
github.com/23skdu/longbow/internal/simd/simd_stubs.go:14.77,16.2 1 1
github.com/23skdu/longbow/internal/simd/simd_stubs.go:18.83,20.2 1 1
github.com/23skdu/longbow/internal/simd/simd_stubs.go:22.83,24.2 1 1
github.com/23skdu/longbow/internal/simd/simd_stubs.go:26.85,28.2 1 1
github.com/23skdu/longbow/internal/simd/simd_stubs.go:30.79,32.2 1 1
github.com/23skdu/longbow/internal/simd/simd_stubs.go:34.85,36.2 1 1
github.com/23skdu/longbow/internal/simd/simd_stubs.go:38.86,40.2 1 1
github.com/23skdu/longbow/internal/simd/simd_stubs.go:42.88,44.2 1 1
github.com/23skdu/longbow/internal/simd/simd_stubs.go:46.86,48.2 1 1
github.com/23skdu/longbow/internal/simd/simd_stubs.go:50.59,50.92 1 1
github.com/23skdu/longbow/internal/simd/simd_stubs.go:51.59,51.92 1 1
github.com/23skdu/longbow/internal/simd/simd_stubs.go:52.59,52.89 1 1
github.com/23skdu/longbow/internal/simd/simd_stubs.go:53.59,53.89 1 1
github.com/23skdu/longbow/internal/simd/simd_stubs.go:54.59,54.86 1 1
github.com/23skdu/longbow/internal/simd/simd_stubs.go:55.59,55.86 1 1
github.com/23skdu/longbow/internal/simd/simd_stubs.go:56.59,56.92 1 1
github.com/23skdu/longbow/internal/simd/simd_stubs.go:57.59,57.92 1 1
github.com/23skdu/longbow/internal/simd/simd_stubs.go:58.59,58.92 1 1
github.com/23skdu/longbow/internal/simd/simd_stubs.go:60.57,60.90 1 1
github.com/23skdu/longbow/internal/simd/simd_stubs.go:61.57,61.90 1 1
github.com/23skdu/longbow/internal/simd/simd_stubs.go:62.57,62.90 1 1
github.com/23skdu/longbow/internal/simd/simd_stubs.go:64.53,64.80 1 1
github.com/23skdu/longbow/internal/simd/simd_stubs.go:65.53,65.80 1 1
github.com/23skdu/longbow/internal/simd/simd_stubs.go:66.53,66.80 1 1
github.com/23skdu/longbow/internal/simd/simd_stubs.go:68.88,70.2 1 1
github.com/23skdu/longbow/internal/simd/simd_stubs.go:71.90,73.2 1 1
github.com/23skdu/longbow/internal/simd/simd_stubs.go:74.82,76.2 1 1
github.com/23skdu/longbow/internal/simd/simd_stubs.go:77.84,79.2 1 1
github.com/23skdu/longbow/internal/simd/simd_stubs.go:80.85,82.2 1 1
github.com/23skdu/longbow/internal/simd/simd_stubs.go:83.87,85.2 1 1
github.com/23skdu/longbow/internal/simd/simd_stubs.go:87.96,89.2 1 1
github.com/23skdu/longbow/internal/simd/simd_stubs.go:91.98,93.2 1 1
github.com/23skdu/longbow/internal/simd/simd_stubs.go:95.37,95.38 0 1
github.com/23skdu/longbow/internal/simd/simd_stubs.go:97.60,99.2 1 1
github.com/23skdu/longbow/internal/simd/simd_stubs.go:100.62,102.2 1 1
github.com/23skdu/longbow/internal/simd/simd_stubs.go:103.56,103.102 1 1
github.com/23skdu/longbow/internal/simd/simd_stubs.go:104.56,104.102 1 1
github.com/23skdu/longbow/internal/simd/simd_stubs.go:106.55,106.88 1 1
github.com/23skdu/longbow/internal/simd/simd_stubs.go:107.55,107.88 1 1
github.com/23skdu/longbow/internal/simd/simd_stubs.go:109.85,111.2 1 1
github.com/23skdu/longbow/internal/simd/simd_stubs.go:113.87,115.2 1 1
github.com/23skdu/longbow/internal/simd/simd_stubs.go:117.99,119.2 1 1
github.com/23skdu/longbow/internal/simd/simd_stubs.go:121.101,123.2 1 1
github.com/23skdu/longbow/internal/simd/simd_stubs.go:125.36,125.65 1 1
github.com/23skdu/longbow/internal/simd/simd_stubs.go:126.36,126.64 1 1
github.com/23skdu/longbow/internal/simd/simd_stubs.go:127.38,127.71 1 1
github.com/23skdu/longbow/internal/simd/simd_stubs.go:129.56,129.93 1 1
github.com/23skdu/longbow/internal/simd/simd_stubs.go:130.56,130.93 1 1
github.com/23skdu/longbow/internal/simd/simd_stubs.go:132.64,132.97 1 1
github.com/23skdu/longbow/internal/simd/simd_stubs.go:133.64,133.94 1 1
github.com/23skdu/longbow/internal/simd/simd_stubs_amd64_f16.go:9.62,9.101 1 1
github.com/23skdu/longbow/internal/simd/simd_stubs_amd64_f16.go:10.62,10.101 1 1
github.com/23skdu/longbow/internal/simd/simd_stubs_amd64_f16.go:11.62,11.95 1 1
github.com/23skdu/longbow/internal/simd/simd_stubs_amd64_f16.go:12.62,12.95 1 1
github.com/23skdu/longbow/internal/simd/simd_stubs_amd64_f16.go:13.62,13.98 1 1
github.com/23skdu/longbow/internal/simd/simd_stubs_amd64_f16.go:14.62,14.98 1 1
github.com/23skdu/longbow/internal/simd/simd_v23_compatibility.go:11.58,15.2 1 1
github.com/23skdu/longbow/internal/simd/simd_v23_compatibility.go:17.61,19.2 1 1
github.com/23skdu/longbow/internal/simd/simd_v23_compatibility.go:21.56,23.2 1 1
github.com/23skdu/longbow/internal/simd/simd_v23_compatibility.go:25.66,26.26 1 1
github.com/23skdu/longbow/internal/simd/simd_v23_compatibility.go:26.26,28.3 1 1
github.com/23skdu/longbow/internal/simd/simd_v23_compatibility.go:29.2,29.16 1 1
github.com/23skdu/longbow/internal/simd/simd_v23_compatibility.go:32.73,33.27 1 1
github.com/23skdu/longbow/internal/simd/simd_v23_compatibility.go:33.27,35.3 1 1
github.com/23skdu/longbow/internal/simd/simd_v23_compatibility.go:36.2,36.12 1 1
github.com/23skdu/longbow/internal/simd/simd_v23_compatibility.go:39.74,40.27 1 1
github.com/23skdu/longbow/internal/simd/simd_v23_compatibility.go:40.27,42.3 1 0
github.com/23skdu/longbow/internal/simd/simd_v23_compatibility.go:43.2,43.12 1 1
github.com/23skdu/longbow/internal/simd/simd_v23_compatibility.go:46.69,47.27 1 1
github.com/23skdu/longbow/internal/simd/simd_v23_compatibility.go:47.27,49.3 1 0
github.com/23skdu/longbow/internal/simd/simd_v23_compatibility.go:50.2,50.12 1 1
github.com/23skdu/longbow/internal/simd/simd_v23_compatibility.go:53.68,54.27 1 1
github.com/23skdu/longbow/internal/simd/simd_v23_compatibility.go:54.27,56.3 1 0
github.com/23skdu/longbow/internal/simd/simd_v23_compatibility.go:57.2,57.12 1 1
github.com/23skdu/longbow/internal/simd/simd_v23_compatibility.go:60.68,61.27 1 1
github.com/23skdu/longbow/internal/simd/simd_v23_compatibility.go:61.27,63.3 1 0
github.com/23skdu/longbow/internal/simd/simd_v23_compatibility.go:64.2,64.12 1 1
github.com/23skdu/longbow/internal/simd/simd_v23_compatibility.go:67.58,69.2 1 1
github.com/23skdu/longbow/internal/simd/simd_v23_compatibility.go:71.67,79.2 1 1
github.com/23skdu/longbow/internal/simd/simd_v23_compatibility.go:81.64,83.2 1 1
github.com/23skdu/longbow/internal/simd/simd_v23_compatibility.go:89.67,91.2 1 1
github.com/23skdu/longbow/internal/simd/simd_v23_compatibility.go:93.55,95.2 1 1
github.com/23skdu/longbow/internal/simd/simd_v23_compatibility.go:97.65,99.2 1 1
github.com/23skdu/longbow/internal/simd/simd_v23_compatibility.go:107.79,113.2 1 1
github.com/23skdu/longbow/internal/simd/simd_v23_compatibility.go:115.81,116.2 0 1
github.com/23skdu/longbow/internal/simd/sq8.go:10.13,25.2 1 1
github.com/23skdu/longbow/internal/simd/sq8.go:37.55,38.22 1 1
github.com/23skdu/longbow/internal/simd/sq8.go:38.22,40.3 1 0
github.com/23skdu/longbow/internal/simd/sq8.go:42.2,42.31 1 1
github.com/23skdu/longbow/internal/simd/sq8.go:45.54,49.30 3 1
github.com/23skdu/longbow/internal/simd/sq8.go:49.30,59.3 9 1
github.com/23skdu/longbow/internal/simd/sq8.go:61.2,61.24 1 1
github.com/23skdu/longbow/internal/simd/sq8.go:61.24,64.3 2 1
github.com/23skdu/longbow/internal/simd/sq8.go:65.2,65.17 1 1
github.com/23skdu/longbow/internal/simd/sq8.go:70.69,72.22 2 1
github.com/23skdu/longbow/internal/simd/sq8.go:72.22,74.3 1 0
github.com/23skdu/longbow/internal/simd/sq8.go:76.2,76.24 1 1
github.com/23skdu/longbow/internal/simd/sq8.go:76.24,78.14 2 1
github.com/23skdu/longbow/internal/simd/sq8.go:78.14,80.4 1 1
github.com/23skdu/longbow/internal/simd/sq8.go:81.3,81.16 1 1
github.com/23skdu/longbow/internal/simd/sq8.go:81.16,83.4 1 1
github.com/23skdu/longbow/internal/simd/sq8.go:84.3,84.21 1 1
github.com/23skdu/longbow/internal/simd/sq8.go:89.60,90.19 1 1
github.com/23skdu/longbow/internal/simd/sq8.go:90.19,92.3 1 1
github.com/23skdu/longbow/internal/simd/sq8.go:93.2,95.28 3 1
github.com/23skdu/longbow/internal/simd/sq8.go:95.28,96.17 1 1
github.com/23skdu/longbow/internal/simd/sq8.go:96.17,98.4 1 1
github.com/23skdu/longbow/internal/simd/sq8.go:99.3,99.17 1 1
github.com/23skdu/longbow/internal/simd/sq8.go:99.17,101.4 1 1
github.com/23skdu/longbow/internal/simd/sq8.go:103.2,103.23 1 1
github.com/23skdu/longbow/internal/simd/sq8_arm64.go:10.13,11.22 1 1
github.com/23skdu/longbow/internal/simd/sq8_arm64.go:11.22,13.3 1 1
github.com/23skdu/longbow/internal/simd/sq8_arm64.go:19.51,20.22 1 1
github.com/23skdu/longbow/internal/simd/sq8_arm64.go:20.22,22.3 1 0
github.com/23skdu/longbow/internal/simd/sq8_arm64.go:23.2,23.17 1 1
github.com/23skdu/longbow/internal/simd/sq8_arm64.go:23.17,25.3 1 1
github.com/23skdu/longbow/internal/simd/sq8_arm64.go:26.2,26.90 1 1
github.com/23skdu/longbow/internal/query/bitmap.go:18.46,19.14 1 0
github.com/23skdu/longbow/internal/query/bitmap.go:19.14,21.3 1 0
github.com/23skdu/longbow/internal/query/bitmap.go:22.2,24.17 3 0
github.com/23skdu/longbow/internal/query/bitmap.go:27.26,31.2 1 1
github.com/23skdu/longbow/internal/query/bitmap.go:33.55,37.2 1 0
github.com/23skdu/longbow/internal/query/bitmap.go:39.45,42.37 3 0
github.com/23skdu/longbow/internal/query/bitmap.go:42.37,44.3 1 0
github.com/23skdu/longbow/internal/query/bitmap.go:47.29,50.21 3 1
github.com/23skdu/longbow/internal/query/bitmap.go:50.21,52.3 1 1
github.com/23skdu/longbow/internal/query/bitmap.go:55.31,58.21 3 1
github.com/23skdu/longbow/internal/query/bitmap.go:58.21,60.3 1 1
github.com/23skdu/longbow/internal/query/bitmap.go:63.39,66.21 3 1
github.com/23skdu/longbow/internal/query/bitmap.go:66.21,68.3 1 0
github.com/23skdu/longbow/internal/query/bitmap.go:69.2,69.37 1 1
github.com/23skdu/longbow/internal/query/bitmap.go:73.34,76.21 3 1
github.com/23skdu/longbow/internal/query/bitmap.go:76.21,78.3 1 0
github.com/23skdu/longbow/internal/query/bitmap.go:79.2,81.3 1 1
github.com/23skdu/longbow/internal/query/bitmap.go:85.33,88.21 3 1
github.com/23skdu/longbow/internal/query/bitmap.go:88.21,90.3 1 0
github.com/23skdu/longbow/internal/query/bitmap.go:91.2,91.34 1 1
github.com/23skdu/longbow/internal/query/bitmap.go:95.43,99.2 3 0
github.com/23skdu/longbow/internal/query/bitmap.go:102.28,105.21 3 0
github.com/23skdu/longbow/internal/query/bitmap.go:105.21,108.3 2 0
github.com/23skdu/longbow/internal/query/bitmap.go:113.52,118.21 4 1
github.com/23skdu/longbow/internal/query/bitmap.go:118.21,120.3 1 0
github.com/23skdu/longbow/internal/query/bitmap.go:123.2,126.21 3 1
github.com/23skdu/longbow/internal/query/bitmap.go:126.21,128.35 2 1
github.com/23skdu/longbow/internal/query/bitmap.go:128.35,129.9 1 1
github.com/23skdu/longbow/internal/query/bitmap.go:131.3,131.31 1 1
github.com/23skdu/longbow/internal/query/bitmap.go:134.2,134.14 1 1
github.com/23skdu/longbow/internal/query/bitmap.go:148.38,153.2 3 1
github.com/23skdu/longbow/internal/query/bitmap.go:155.45,157.15 2 1
github.com/23skdu/longbow/internal/query/bitmap.go:157.15,159.3 1 0
github.com/23skdu/longbow/internal/query/bitmap.go:160.2,160.31 1 1
github.com/23skdu/longbow/internal/query/bitmap.go:163.35,169.18 5 1
github.com/23skdu/longbow/internal/query/bitmap.go:169.18,171.3 1 0
github.com/23skdu/longbow/internal/query/bitmap.go:171.8,173.3 1 1
github.com/23skdu/longbow/internal/query/bitmap.go:174.2,175.23 2 1
github.com/23skdu/longbow/internal/query/bitmap.go:178.37,183.18 4 1
github.com/23skdu/longbow/internal/query/bitmap.go:183.18,185.3 1 0
github.com/23skdu/longbow/internal/query/bitmap.go:186.2,186.32 1 1
github.com/23skdu/longbow/internal/query/bitmap.go:186.32,188.3 1 1
github.com/23skdu/longbow/internal/query/bitmap.go:190.2,192.23 3 1
github.com/23skdu/longbow/internal/query/bitmap.go:195.39,197.15 2 1
github.com/23skdu/longbow/internal/query/bitmap.go:197.15,199.3 1 0
github.com/23skdu/longbow/internal/query/bitmap.go:200.2,200.28 1 1
github.com/23skdu/longbow/internal/query/bitmap.go:203.49,205.15 2 1
github.com/23skdu/longbow/internal/query/bitmap.go:205.15,207.3 1 0
github.com/23skdu/longbow/internal/query/bitmap.go:208.2,208.21 1 1
github.com/23skdu/longbow/internal/query/bitmap.go:211.32,215.2 3 0
github.com/23skdu/longbow/internal/query/bitmap.go:217.46,220.15 3 1
github.com/23skdu/longbow/internal/query/bitmap.go:220.15,222.3 1 1
github.com/23skdu/longbow/internal/query/bitmap.go:223.2,223.14 1 1
github.com/23skdu/longbow/internal/query/bitmap.go:226.34,233.2 3 0
github.com/23skdu/longbow/internal/query/fast_path_filter.go:20.69,22.12 1 1
github.com/23skdu/longbow/internal/query/fast_path_filter.go:23.39,23.39 0 1
github.com/23skdu/longbow/internal/query/fast_path_filter.go:25.78,27.18 1 1
github.com/23skdu/longbow/internal/query/fast_path_filter.go:28.53,29.16 1 0
github.com/23skdu/longbow/internal/query/fast_path_filter.go:31.10,32.15 1 1
github.com/23skdu/longbow/internal/query/fast_path_filter.go:36.2,36.17 1 1
github.com/23skdu/longbow/internal/query/fast_path_filter.go:37.57,38.14 1 1
github.com/23skdu/longbow/internal/query/fast_path_filter.go:39.61,40.14 1 1
github.com/23skdu/longbow/internal/query/fast_path_filter.go:41.36,42.14 1 1
github.com/23skdu/longbow/internal/query/fast_path_filter.go:43.18,44.14 1 1
github.com/23skdu/longbow/internal/query/fast_path_filter.go:45.40,46.14 1 1
github.com/23skdu/longbow/internal/query/fast_path_filter.go:47.10,48.15 1 1
github.com/23skdu/longbow/internal/query/fast_path_filter.go:54.93,56.2 1 1
github.com/23skdu/longbow/internal/query/fast_path_filter.go:60.96,62.2 1 1
github.com/23skdu/longbow/internal/query/fast_path_filter.go:65.92,67.2 1 1
github.com/23skdu/longbow/internal/query/fast_path_filter.go:70.95,72.2 1 1
github.com/23skdu/longbow/internal/query/fast_path_filter.go:75.97,77.2 1 0
github.com/23skdu/longbow/internal/query/fast_path_filter.go:80.100,82.2 1 0
github.com/23skdu/longbow/internal/query/fast_path_filter.go:87.105,95.32 6 1
github.com/23skdu/longbow/internal/query/fast_path_filter.go:96.20,98.17 2 1
github.com/23skdu/longbow/internal/query/fast_path_filter.go:98.17,100.4 1 0
github.com/23skdu/longbow/internal/query/fast_path_filter.go:101.3,101.47 1 1
github.com/23skdu/longbow/internal/query/fast_path_filter.go:103.20,105.17 2 1
github.com/23skdu/longbow/internal/query/fast_path_filter.go:105.17,107.4 1 0
github.com/23skdu/longbow/internal/query/fast_path_filter.go:108.3,108.54 1 1
github.com/23skdu/longbow/internal/query/fast_path_filter.go:110.21,112.17 2 1
github.com/23skdu/longbow/internal/query/fast_path_filter.go:112.17,114.4 1 0
github.com/23skdu/longbow/internal/query/fast_path_filter.go:115.3,115.48 1 1
github.com/23skdu/longbow/internal/query/fast_path_filter.go:117.21,119.17 2 0
github.com/23skdu/longbow/internal/query/fast_path_filter.go:119.17,121.4 1 0
github.com/23skdu/longbow/internal/query/fast_path_filter.go:122.3,122.56 1 0
github.com/23skdu/longbow/internal/query/fast_path_filter.go:124.22,126.17 2 1
github.com/23skdu/longbow/internal/query/fast_path_filter.go:126.17,128.4 1 0
github.com/23skdu/longbow/internal/query/fast_path_filter.go:129.3,129.49 1 1
github.com/23skdu/longbow/internal/query/fast_path_filter.go:131.22,133.17 2 1
github.com/23skdu/longbow/internal/query/fast_path_filter.go:133.17,135.4 1 0
github.com/23skdu/longbow/internal/query/fast_path_filter.go:136.3,136.58 1 1
github.com/23skdu/longbow/internal/query/fast_path_filter.go:138.20,140.17 2 0
github.com/23skdu/longbow/internal/query/fast_path_filter.go:140.17,142.4 1 0
github.com/23skdu/longbow/internal/query/fast_path_filter.go:143.3,143.54 1 0
github.com/23skdu/longbow/internal/query/fast_path_filter.go:145.19,147.17 2 1
github.com/23skdu/longbow/internal/query/fast_path_filter.go:147.17,149.4 1 0
github.com/23skdu/longbow/internal/query/fast_path_filter.go:150.3,150.52 1 1
github.com/23skdu/longbow/internal/query/fast_path_filter.go:152.21,154.17 2 0
github.com/23skdu/longbow/internal/query/fast_path_filter.go:154.17,156.4 1 0
github.com/23skdu/longbow/internal/query/fast_path_filter.go:157.3,157.56 1 0
github.com/23skdu/longbow/internal/query/fast_path_filter.go:159.20,161.17 2 0
github.com/23skdu/longbow/internal/query/fast_path_filter.go:161.17,163.4 1 0
github.com/23skdu/longbow/internal/query/fast_path_filter.go:164.3,164.54 1 0
github.com/23skdu/longbow/internal/query/fast_path_filter.go:166.22,168.46 2 1
github.com/23skdu/longbow/internal/query/fast_path_filter.go:170.21,171.50 1 1
github.com/23skdu/longbow/internal/query/fast_path_filter.go:173.10,174.81 1 0
github.com/23skdu/longbow/internal/query/fast_path_filter.go:177.2,177.32 1 1
github.com/23skdu/longbow/internal/query/fast_path_filter.go:181.119,189.32 6 1
github.com/23skdu/longbow/internal/query/fast_path_filter.go:190.20,192.17 2 1
github.com/23skdu/longbow/internal/query/fast_path_filter.go:192.17,194.4 1 0
github.com/23skdu/longbow/internal/query/fast_path_filter.go:195.3,195.51 1 1
github.com/23skdu/longbow/internal/query/fast_path_filter.go:197.20,199.17 2 0
github.com/23skdu/longbow/internal/query/fast_path_filter.go:199.17,201.4 1 0
github.com/23skdu/longbow/internal/query/fast_path_filter.go:202.3,202.58 1 0
github.com/23skdu/longbow/internal/query/fast_path_filter.go:204.21,206.17 2 0
github.com/23skdu/longbow/internal/query/fast_path_filter.go:206.17,208.4 1 0
github.com/23skdu/longbow/internal/query/fast_path_filter.go:209.3,209.52 1 0
github.com/23skdu/longbow/internal/query/fast_path_filter.go:211.21,213.17 2 0
github.com/23skdu/longbow/internal/query/fast_path_filter.go:213.17,215.4 1 0
github.com/23skdu/longbow/internal/query/fast_path_filter.go:216.3,216.60 1 0
github.com/23skdu/longbow/internal/query/fast_path_filter.go:218.22,220.17 2 0
github.com/23skdu/longbow/internal/query/fast_path_filter.go:220.17,222.4 1 0
github.com/23skdu/longbow/internal/query/fast_path_filter.go:223.3,223.53 1 0
github.com/23skdu/longbow/internal/query/fast_path_filter.go:225.22,227.17 2 0
github.com/23skdu/longbow/internal/query/fast_path_filter.go:227.17,229.4 1 0
github.com/23skdu/longbow/internal/query/fast_path_filter.go:230.3,230.62 1 0
github.com/23skdu/longbow/internal/query/fast_path_filter.go:232.20,234.17 2 0
github.com/23skdu/longbow/internal/query/fast_path_filter.go:234.17,236.4 1 0
github.com/23skdu/longbow/internal/query/fast_path_filter.go:237.3,237.58 1 0
github.com/23skdu/longbow/internal/query/fast_path_filter.go:239.19,241.17 2 0
github.com/23skdu/longbow/internal/query/fast_path_filter.go:241.17,243.4 1 0
github.com/23skdu/longbow/internal/query/fast_path_filter.go:244.3,244.56 1 0
github.com/23skdu/longbow/internal/query/fast_path_filter.go:246.21,248.17 2 0
github.com/23skdu/longbow/internal/query/fast_path_filter.go:248.17,250.4 1 0
github.com/23skdu/longbow/internal/query/fast_path_filter.go:251.3,251.60 1 0
github.com/23skdu/longbow/internal/query/fast_path_filter.go:253.20,255.17 2 0
github.com/23skdu/longbow/internal/query/fast_path_filter.go:255.17,257.4 1 0
github.com/23skdu/longbow/internal/query/fast_path_filter.go:258.3,258.58 1 0
github.com/23skdu/longbow/internal/query/fast_path_filter.go:260.10,261.100 1 0
github.com/23skdu/longbow/internal/query/fast_path_filter.go:264.2,264.32 1 1
github.com/23skdu/longbow/internal/query/fast_path_filter.go:269.92,275.21 5 1
github.com/23skdu/longbow/internal/query/fast_path_filter.go:275.21,279.3 3 1
github.com/23skdu/longbow/internal/query/fast_path_filter.go:281.2,281.15 1 1
github.com/23skdu/longbow/internal/query/fast_path_filter.go:281.15,285.26 4 0
github.com/23skdu/longbow/internal/query/fast_path_filter.go:285.26,286.21 1 0
github.com/23skdu/longbow/internal/query/fast_path_filter.go:286.21,288.5 1 0
github.com/23skdu/longbow/internal/query/fast_path_filter.go:288.10,290.5 1 0
github.com/23skdu/longbow/internal/query/fast_path_filter.go:292.3,292.9 1 0
github.com/23skdu/longbow/internal/query/fast_path_filter.go:295.2,295.13 1 1
github.com/23skdu/longbow/internal/query/fast_path_filter.go:295.13,299.26 4 0
github.com/23skdu/longbow/internal/query/fast_path_filter.go:299.26,300.21 1 0
github.com/23skdu/longbow/internal/query/fast_path_filter.go:300.21,302.5 1 0
github.com/23skdu/longbow/internal/query/fast_path_filter.go:302.10,304.5 1 0
github.com/23skdu/longbow/internal/query/fast_path_filter.go:306.3,306.9 1 0
github.com/23skdu/longbow/internal/query/fast_path_filter.go:309.2,309.11 1 1
github.com/23skdu/longbow/internal/query/fast_path_filter.go:309.11,310.26 1 1
github.com/23skdu/longbow/internal/query/fast_path_filter.go:310.26,311.21 1 1
github.com/23skdu/longbow/internal/query/fast_path_filter.go:311.21,313.5 1 1
github.com/23skdu/longbow/internal/query/fast_path_filter.go:313.10,315.5 1 1
github.com/23skdu/longbow/internal/query/fast_path_filter.go:317.8,318.26 1 1
github.com/23skdu/longbow/internal/query/fast_path_filter.go:318.26,319.21 1 1
github.com/23skdu/longbow/internal/query/fast_path_filter.go:319.21,321.5 1 0
github.com/23skdu/longbow/internal/query/fast_path_filter.go:321.10,323.5 1 1
github.com/23skdu/longbow/internal/query/fast_path_filter.go:329.92,335.21 5 1
github.com/23skdu/longbow/internal/query/fast_path_filter.go:335.21,339.3 3 0
github.com/23skdu/longbow/internal/query/fast_path_filter.go:341.2,341.15 1 1
github.com/23skdu/longbow/internal/query/fast_path_filter.go:341.15,345.26 4 0
github.com/23skdu/longbow/internal/query/fast_path_filter.go:345.26,346.21 1 0
github.com/23skdu/longbow/internal/query/fast_path_filter.go:346.21,348.5 1 0
github.com/23skdu/longbow/internal/query/fast_path_filter.go:348.10,350.5 1 0
github.com/23skdu/longbow/internal/query/fast_path_filter.go:352.3,352.9 1 0
github.com/23skdu/longbow/internal/query/fast_path_filter.go:355.2,355.13 1 1
github.com/23skdu/longbow/internal/query/fast_path_filter.go:355.13,361.26 4 0
github.com/23skdu/longbow/internal/query/fast_path_filter.go:361.26,362.21 1 0
github.com/23skdu/longbow/internal/query/fast_path_filter.go:362.21,364.5 1 0
github.com/23skdu/longbow/internal/query/fast_path_filter.go:364.10,366.5 1 0
github.com/23skdu/longbow/internal/query/fast_path_filter.go:368.3,368.9 1 0
github.com/23skdu/longbow/internal/query/fast_path_filter.go:371.2,371.11 1 1
github.com/23skdu/longbow/internal/query/fast_path_filter.go:371.11,372.26 1 1
github.com/23skdu/longbow/internal/query/fast_path_filter.go:372.26,373.21 1 1
github.com/23skdu/longbow/internal/query/fast_path_filter.go:373.21,375.5 1 0
github.com/23skdu/longbow/internal/query/fast_path_filter.go:375.10,377.5 1 1
github.com/23skdu/longbow/internal/query/fast_path_filter.go:379.8,380.26 1 0
github.com/23skdu/longbow/internal/query/fast_path_filter.go:380.26,381.21 1 0
github.com/23skdu/longbow/internal/query/fast_path_filter.go:381.21,383.5 1 0
github.com/23skdu/longbow/internal/query/fast_path_filter.go:383.10,385.5 1 0
github.com/23skdu/longbow/internal/query/fast_path_filter.go:391.95,395.11 3 1
github.com/23skdu/longbow/internal/query/fast_path_filter.go:395.11,396.26 1 1
github.com/23skdu/longbow/internal/query/fast_path_filter.go:396.26,397.21 1 1
github.com/23skdu/longbow/internal/query/fast_path_filter.go:397.21,399.5 1 0
github.com/23skdu/longbow/internal/query/fast_path_filter.go:399.10,401.5 1 1
github.com/23skdu/longbow/internal/query/fast_path_filter.go:403.8,404.26 1 0
github.com/23skdu/longbow/internal/query/fast_path_filter.go:404.26,405.21 1 0
github.com/23skdu/longbow/internal/query/fast_path_filter.go:405.21,407.5 1 0
github.com/23skdu/longbow/internal/query/fast_path_filter.go:407.10,409.5 1 0
github.com/23skdu/longbow/internal/query/fast_path_filter.go:415.95,419.11 3 0
github.com/23skdu/longbow/internal/query/fast_path_filter.go:419.11,420.26 1 0
github.com/23skdu/longbow/internal/query/fast_path_filter.go:420.26,421.21 1 0
github.com/23skdu/longbow/internal/query/fast_path_filter.go:421.21,423.5 1 0
github.com/23skdu/longbow/internal/query/fast_path_filter.go:423.10,425.5 1 0
github.com/23skdu/longbow/internal/query/fast_path_filter.go:427.8,428.26 1 0
github.com/23skdu/longbow/internal/query/fast_path_filter.go:428.26,429.21 1 0
github.com/23skdu/longbow/internal/query/fast_path_filter.go:429.21,431.5 1 0
github.com/23skdu/longbow/internal/query/fast_path_filter.go:431.10,433.5 1 0
github.com/23skdu/longbow/internal/query/fast_path_filter.go:439.98,445.21 5 1
github.com/23skdu/longbow/internal/query/fast_path_filter.go:445.21,449.3 3 1
github.com/23skdu/longbow/internal/query/fast_path_filter.go:451.2,451.15 1 1
github.com/23skdu/longbow/internal/query/fast_path_filter.go:451.15,455.26 4 0
github.com/23skdu/longbow/internal/query/fast_path_filter.go:455.26,456.21 1 0
github.com/23skdu/longbow/internal/query/fast_path_filter.go:456.21,458.5 1 0
github.com/23skdu/longbow/internal/query/fast_path_filter.go:458.10,460.5 1 0
github.com/23skdu/longbow/internal/query/fast_path_filter.go:462.3,462.9 1 0
github.com/23skdu/longbow/internal/query/fast_path_filter.go:465.2,465.13 1 1
github.com/23skdu/longbow/internal/query/fast_path_filter.go:465.13,469.26 4 0
github.com/23skdu/longbow/internal/query/fast_path_filter.go:469.26,470.21 1 0
github.com/23skdu/longbow/internal/query/fast_path_filter.go:470.21,472.5 1 0
github.com/23skdu/longbow/internal/query/fast_path_filter.go:472.10,474.5 1 0
github.com/23skdu/longbow/internal/query/fast_path_filter.go:476.3,476.9 1 0
github.com/23skdu/longbow/internal/query/fast_path_filter.go:479.2,479.11 1 1
github.com/23skdu/longbow/internal/query/fast_path_filter.go:479.11,480.26 1 1
github.com/23skdu/longbow/internal/query/fast_path_filter.go:480.26,481.21 1 1
github.com/23skdu/longbow/internal/query/fast_path_filter.go:481.21,483.5 1 0
github.com/23skdu/longbow/internal/query/fast_path_filter.go:483.10,485.5 1 1
github.com/23skdu/longbow/internal/query/fast_path_filter.go:487.8,488.26 1 0
github.com/23skdu/longbow/internal/query/fast_path_filter.go:488.26,489.21 1 0
github.com/23skdu/longbow/internal/query/fast_path_filter.go:489.21,491.5 1 0
github.com/23skdu/longbow/internal/query/fast_path_filter.go:491.10,493.5 1 0
github.com/23skdu/longbow/internal/query/fast_path_filter.go:499.98,505.21 5 1
github.com/23skdu/longbow/internal/query/fast_path_filter.go:505.21,509.3 3 0
github.com/23skdu/longbow/internal/query/fast_path_filter.go:511.2,511.15 1 1
github.com/23skdu/longbow/internal/query/fast_path_filter.go:511.15,515.26 4 0
github.com/23skdu/longbow/internal/query/fast_path_filter.go:515.26,516.21 1 0
github.com/23skdu/longbow/internal/query/fast_path_filter.go:516.21,518.5 1 0
github.com/23skdu/longbow/internal/query/fast_path_filter.go:518.10,520.5 1 0
github.com/23skdu/longbow/internal/query/fast_path_filter.go:522.3,522.9 1 0
github.com/23skdu/longbow/internal/query/fast_path_filter.go:525.2,525.13 1 1
github.com/23skdu/longbow/internal/query/fast_path_filter.go:525.13,532.26 4 0
github.com/23skdu/longbow/internal/query/fast_path_filter.go:532.26,533.21 1 0
github.com/23skdu/longbow/internal/query/fast_path_filter.go:533.21,535.5 1 0
github.com/23skdu/longbow/internal/query/fast_path_filter.go:535.10,538.5 1 0
github.com/23skdu/longbow/internal/query/fast_path_filter.go:540.3,540.9 1 0
github.com/23skdu/longbow/internal/query/fast_path_filter.go:543.2,543.11 1 1
github.com/23skdu/longbow/internal/query/fast_path_filter.go:543.11,544.26 1 1
github.com/23skdu/longbow/internal/query/fast_path_filter.go:544.26,545.21 1 1
github.com/23skdu/longbow/internal/query/fast_path_filter.go:545.21,547.5 1 0
github.com/23skdu/longbow/internal/query/fast_path_filter.go:547.10,549.5 1 1
github.com/23skdu/longbow/internal/query/fast_path_filter.go:551.8,552.26 1 0
github.com/23skdu/longbow/internal/query/fast_path_filter.go:552.26,553.21 1 0
github.com/23skdu/longbow/internal/query/fast_path_filter.go:553.21,555.5 1 0
github.com/23skdu/longbow/internal/query/fast_path_filter.go:555.10,557.5 1 0
github.com/23skdu/longbow/internal/query/fast_path_filter.go:563.92,566.11 3 0
github.com/23skdu/longbow/internal/query/fast_path_filter.go:566.11,567.26 1 0
github.com/23skdu/longbow/internal/query/fast_path_filter.go:567.26,568.21 1 0
github.com/23skdu/longbow/internal/query/fast_path_filter.go:568.21,570.5 1 0
github.com/23skdu/longbow/internal/query/fast_path_filter.go:570.10,572.5 1 0
github.com/23skdu/longbow/internal/query/fast_path_filter.go:574.8,575.26 1 0
github.com/23skdu/longbow/internal/query/fast_path_filter.go:575.26,576.21 1 0
github.com/23skdu/longbow/internal/query/fast_path_filter.go:576.21,578.5 1 0
github.com/23skdu/longbow/internal/query/fast_path_filter.go:578.10,580.5 1 0
github.com/23skdu/longbow/internal/query/fast_path_filter.go:586.89,589.11 3 1
github.com/23skdu/longbow/internal/query/fast_path_filter.go:589.11,590.26 1 1
github.com/23skdu/longbow/internal/query/fast_path_filter.go:590.26,591.21 1 1
github.com/23skdu/longbow/internal/query/fast_path_filter.go:591.21,593.5 1 0
github.com/23skdu/longbow/internal/query/fast_path_filter.go:593.10,595.5 1 1
github.com/23skdu/longbow/internal/query/fast_path_filter.go:597.8,598.26 1 0
github.com/23skdu/longbow/internal/query/fast_path_filter.go:598.26,599.21 1 0
github.com/23skdu/longbow/internal/query/fast_path_filter.go:599.21,601.5 1 0
github.com/23skdu/longbow/internal/query/fast_path_filter.go:601.10,603.5 1 0
github.com/23skdu/longbow/internal/query/fast_path_filter.go:609.95,612.11 3 0
github.com/23skdu/longbow/internal/query/fast_path_filter.go:612.11,613.26 1 0
github.com/23skdu/longbow/internal/query/fast_path_filter.go:613.26,614.21 1 0
github.com/23skdu/longbow/internal/query/fast_path_filter.go:614.21,616.5 1 0
github.com/23skdu/longbow/internal/query/fast_path_filter.go:616.10,618.5 1 0
github.com/23skdu/longbow/internal/query/fast_path_filter.go:620.8,621.26 1 0
github.com/23skdu/longbow/internal/query/fast_path_filter.go:621.26,622.21 1 0
github.com/23skdu/longbow/internal/query/fast_path_filter.go:622.21,624.5 1 0
github.com/23skdu/longbow/internal/query/fast_path_filter.go:624.10,626.5 1 0
github.com/23skdu/longbow/internal/query/fast_path_filter.go:632.92,635.11 3 0
github.com/23skdu/longbow/internal/query/fast_path_filter.go:635.11,636.26 1 0
github.com/23skdu/longbow/internal/query/fast_path_filter.go:636.26,637.21 1 0
github.com/23skdu/longbow/internal/query/fast_path_filter.go:637.21,639.5 1 0
github.com/23skdu/longbow/internal/query/fast_path_filter.go:639.10,641.5 1 0
github.com/23skdu/longbow/internal/query/fast_path_filter.go:643.8,644.26 1 0
github.com/23skdu/longbow/internal/query/fast_path_filter.go:644.26,645.21 1 0
github.com/23skdu/longbow/internal/query/fast_path_filter.go:645.21,647.5 1 0
github.com/23skdu/longbow/internal/query/fast_path_filter.go:647.10,649.5 1 0
github.com/23skdu/longbow/internal/query/fast_path_filter.go:655.87,660.13 4 1
github.com/23skdu/longbow/internal/query/fast_path_filter.go:660.13,663.3 2 0
github.com/23skdu/longbow/internal/query/fast_path_filter.go:665.2,665.13 1 1
github.com/23skdu/longbow/internal/query/fast_path_filter.go:665.13,677.26 6 0
github.com/23skdu/longbow/internal/query/fast_path_filter.go:677.26,678.21 1 0
github.com/23skdu/longbow/internal/query/fast_path_filter.go:678.21,680.5 1 0
github.com/23skdu/longbow/internal/query/fast_path_filter.go:680.10,685.5 4 0
github.com/23skdu/longbow/internal/query/fast_path_filter.go:687.3,687.9 1 0
github.com/23skdu/longbow/internal/query/fast_path_filter.go:690.2,690.11 1 1
github.com/23skdu/longbow/internal/query/fast_path_filter.go:690.11,691.26 1 1
github.com/23skdu/longbow/internal/query/fast_path_filter.go:691.26,692.21 1 1
github.com/23skdu/longbow/internal/query/fast_path_filter.go:692.21,694.5 1 0
github.com/23skdu/longbow/internal/query/fast_path_filter.go:694.10,696.5 1 1
github.com/23skdu/longbow/internal/query/fast_path_filter.go:698.8,699.26 1 0
github.com/23skdu/longbow/internal/query/fast_path_filter.go:699.26,700.21 1 0
github.com/23skdu/longbow/internal/query/fast_path_filter.go:700.21,702.5 1 0
github.com/23skdu/longbow/internal/query/fast_path_filter.go:702.10,704.5 1 0
github.com/23skdu/longbow/internal/query/fast_path_filter.go:710.95,714.21 3 1
github.com/23skdu/longbow/internal/query/fast_path_filter.go:714.21,717.3 2 0
github.com/23skdu/longbow/internal/query/fast_path_filter.go:719.2,719.13 1 1
github.com/23skdu/longbow/internal/query/fast_path_filter.go:719.13,727.19 6 0
github.com/23skdu/longbow/internal/query/fast_path_filter.go:727.19,729.4 1 0
github.com/23skdu/longbow/internal/query/fast_path_filter.go:731.3,740.26 2 0
github.com/23skdu/longbow/internal/query/fast_path_filter.go:740.26,741.21 1 0
github.com/23skdu/longbow/internal/query/fast_path_filter.go:741.21,743.5 1 0
github.com/23skdu/longbow/internal/query/fast_path_filter.go:743.10,745.5 1 0
github.com/23skdu/longbow/internal/query/fast_path_filter.go:747.3,747.9 1 0
github.com/23skdu/longbow/internal/query/fast_path_filter.go:750.2,750.11 1 1
github.com/23skdu/longbow/internal/query/fast_path_filter.go:750.11,751.26 1 1
github.com/23skdu/longbow/internal/query/fast_path_filter.go:751.26,752.21 1 1
github.com/23skdu/longbow/internal/query/fast_path_filter.go:752.21,754.5 1 0
github.com/23skdu/longbow/internal/query/fast_path_filter.go:754.10,756.5 1 1
github.com/23skdu/longbow/internal/query/fast_path_filter.go:758.8,759.26 1 0
github.com/23skdu/longbow/internal/query/fast_path_filter.go:759.26,760.21 1 0
github.com/23skdu/longbow/internal/query/fast_path_filter.go:760.21,762.5 1 0
github.com/23skdu/longbow/internal/query/fast_path_filter.go:762.10,764.5 1 0
github.com/23skdu/longbow/internal/query/fast_path_filter.go:769.106,772.25 3 1
github.com/23skdu/longbow/internal/query/fast_path_filter.go:772.25,773.20 1 1
github.com/23skdu/longbow/internal/query/fast_path_filter.go:773.20,775.12 2 0
github.com/23skdu/longbow/internal/query/fast_path_filter.go:777.3,778.13 2 1
github.com/23skdu/longbow/internal/query/fast_path_filter.go:779.21,780.27 1 1
github.com/23skdu/longbow/internal/query/fast_path_filter.go:781.24,782.27 1 1
github.com/23skdu/longbow/internal/query/fast_path_filter.go:783.26,784.28 1 0
github.com/23skdu/longbow/internal/query/fast_path_filter.go:785.29,786.28 1 0
github.com/23skdu/longbow/internal/query/fast_path_filter.go:787.11,788.25 1 0
github.com/23skdu/longbow/internal/query/fast_path_filter.go:793.106,796.25 3 0
github.com/23skdu/longbow/internal/query/fast_path_filter.go:796.25,797.20 1 0
github.com/23skdu/longbow/internal/query/fast_path_filter.go:797.20,799.12 2 0
github.com/23skdu/longbow/internal/query/fast_path_filter.go:801.3,802.13 2 0
github.com/23skdu/longbow/internal/query/fast_path_filter.go:803.21,804.27 1 0
github.com/23skdu/longbow/internal/query/fast_path_filter.go:805.24,806.27 1 0
github.com/23skdu/longbow/internal/query/fast_path_filter.go:807.26,808.28 1 0
github.com/23skdu/longbow/internal/query/fast_path_filter.go:809.29,810.28 1 0
github.com/23skdu/longbow/internal/query/fast_path_filter.go:811.11,812.25 1 0
github.com/23skdu/longbow/internal/query/fast_path_filter.go:817.109,820.25 3 0
github.com/23skdu/longbow/internal/query/fast_path_filter.go:820.25,821.20 1 0
github.com/23skdu/longbow/internal/query/fast_path_filter.go:821.20,823.12 2 0
github.com/23skdu/longbow/internal/query/fast_path_filter.go:825.3,826.13 2 0
github.com/23skdu/longbow/internal/query/fast_path_filter.go:827.21,828.27 1 0
github.com/23skdu/longbow/internal/query/fast_path_filter.go:829.24,830.27 1 0
github.com/23skdu/longbow/internal/query/fast_path_filter.go:831.26,832.28 1 0
github.com/23skdu/longbow/internal/query/fast_path_filter.go:833.29,834.28 1 0
github.com/23skdu/longbow/internal/query/fast_path_filter.go:835.11,836.25 1 0
github.com/23skdu/longbow/internal/query/fast_path_filter.go:841.109,844.25 3 0
github.com/23skdu/longbow/internal/query/fast_path_filter.go:844.25,845.20 1 0
github.com/23skdu/longbow/internal/query/fast_path_filter.go:845.20,847.12 2 0
github.com/23skdu/longbow/internal/query/fast_path_filter.go:849.3,850.13 2 0
github.com/23skdu/longbow/internal/query/fast_path_filter.go:851.21,852.27 1 0
github.com/23skdu/longbow/internal/query/fast_path_filter.go:853.24,854.27 1 0
github.com/23skdu/longbow/internal/query/fast_path_filter.go:855.26,856.28 1 0
github.com/23skdu/longbow/internal/query/fast_path_filter.go:857.29,858.28 1 0
github.com/23skdu/longbow/internal/query/fast_path_filter.go:859.11,860.25 1 0
github.com/23skdu/longbow/internal/query/fast_path_filter.go:865.112,868.25 3 0
github.com/23skdu/longbow/internal/query/fast_path_filter.go:868.25,869.20 1 0
github.com/23skdu/longbow/internal/query/fast_path_filter.go:869.20,871.12 2 0
github.com/23skdu/longbow/internal/query/fast_path_filter.go:873.3,874.13 2 0
github.com/23skdu/longbow/internal/query/fast_path_filter.go:875.21,876.27 1 0
github.com/23skdu/longbow/internal/query/fast_path_filter.go:877.24,878.27 1 0
github.com/23skdu/longbow/internal/query/fast_path_filter.go:879.26,880.28 1 0
github.com/23skdu/longbow/internal/query/fast_path_filter.go:881.29,882.28 1 0
github.com/23skdu/longbow/internal/query/fast_path_filter.go:883.11,884.25 1 0
github.com/23skdu/longbow/internal/query/fast_path_filter.go:889.112,892.25 3 0
github.com/23skdu/longbow/internal/query/fast_path_filter.go:892.25,893.20 1 0
github.com/23skdu/longbow/internal/query/fast_path_filter.go:893.20,895.12 2 0
github.com/23skdu/longbow/internal/query/fast_path_filter.go:897.3,898.13 2 0
github.com/23skdu/longbow/internal/query/fast_path_filter.go:899.21,900.27 1 0
github.com/23skdu/longbow/internal/query/fast_path_filter.go:901.24,902.27 1 0
github.com/23skdu/longbow/internal/query/fast_path_filter.go:903.26,904.28 1 0
github.com/23skdu/longbow/internal/query/fast_path_filter.go:905.29,906.28 1 0
github.com/23skdu/longbow/internal/query/fast_path_filter.go:907.11,908.25 1 0
github.com/23skdu/longbow/internal/query/fast_path_filter.go:913.106,916.25 3 0
github.com/23skdu/longbow/internal/query/fast_path_filter.go:916.25,917.20 1 0
github.com/23skdu/longbow/internal/query/fast_path_filter.go:917.20,919.12 2 0
github.com/23skdu/longbow/internal/query/fast_path_filter.go:921.3,922.13 2 0
github.com/23skdu/longbow/internal/query/fast_path_filter.go:923.21,924.27 1 0
github.com/23skdu/longbow/internal/query/fast_path_filter.go:925.24,926.27 1 0
github.com/23skdu/longbow/internal/query/fast_path_filter.go:927.26,928.28 1 0
github.com/23skdu/longbow/internal/query/fast_path_filter.go:929.29,930.28 1 0
github.com/23skdu/longbow/internal/query/fast_path_filter.go:931.11,932.25 1 0
github.com/23skdu/longbow/internal/query/fast_path_filter.go:937.103,940.25 3 0
github.com/23skdu/longbow/internal/query/fast_path_filter.go:940.25,941.20 1 0
github.com/23skdu/longbow/internal/query/fast_path_filter.go:941.20,943.12 2 0
github.com/23skdu/longbow/internal/query/fast_path_filter.go:945.3,946.13 2 0
github.com/23skdu/longbow/internal/query/fast_path_filter.go:947.21,948.27 1 0
github.com/23skdu/longbow/internal/query/fast_path_filter.go:949.24,950.27 1 0
github.com/23skdu/longbow/internal/query/fast_path_filter.go:951.26,952.28 1 0
github.com/23skdu/longbow/internal/query/fast_path_filter.go:953.29,954.28 1 0
github.com/23skdu/longbow/internal/query/fast_path_filter.go:955.11,956.25 1 0
github.com/23skdu/longbow/internal/query/fast_path_filter.go:961.109,964.25 3 0
github.com/23skdu/longbow/internal/query/fast_path_filter.go:964.25,965.20 1 0
github.com/23skdu/longbow/internal/query/fast_path_filter.go:965.20,967.12 2 0
github.com/23skdu/longbow/internal/query/fast_path_filter.go:969.3,970.13 2 0
github.com/23skdu/longbow/internal/query/fast_path_filter.go:971.21,972.27 1 0
github.com/23skdu/longbow/internal/query/fast_path_filter.go:973.24,974.27 1 0
github.com/23skdu/longbow/internal/query/fast_path_filter.go:975.26,976.28 1 0
github.com/23skdu/longbow/internal/query/fast_path_filter.go:977.29,978.28 1 0
github.com/23skdu/longbow/internal/query/fast_path_filter.go:979.11,980.25 1 0
github.com/23skdu/longbow/internal/query/fast_path_filter.go:985.106,988.25 3 0
github.com/23skdu/longbow/internal/query/fast_path_filter.go:988.25,989.20 1 0
github.com/23skdu/longbow/internal/query/fast_path_filter.go:989.20,991.12 2 0
github.com/23skdu/longbow/internal/query/fast_path_filter.go:993.3,994.13 2 0
github.com/23skdu/longbow/internal/query/fast_path_filter.go:995.21,996.27 1 0
github.com/23skdu/longbow/internal/query/fast_path_filter.go:997.24,998.27 1 0
github.com/23skdu/longbow/internal/query/fast_path_filter.go:999.26,1000.28 1 0
github.com/23skdu/longbow/internal/query/fast_path_filter.go:1001.29,1002.28 1 0
github.com/23skdu/longbow/internal/query/fast_path_filter.go:1003.11,1004.25 1 0
github.com/23skdu/longbow/internal/query/filter_evaluator.go:18.81,19.59 1 1
github.com/23skdu/longbow/internal/query/filter_evaluator.go:19.59,21.3 1 0
github.com/23skdu/longbow/internal/query/filter_evaluator.go:25.87,26.61 1 1
github.com/23skdu/longbow/internal/query/filter_evaluator.go:26.61,28.3 1 0
github.com/23skdu/longbow/internal/query/filter_evaluator.go:47.44,47.59 1 1
github.com/23skdu/longbow/internal/query/filter_evaluator.go:49.51,50.17 1 0
github.com/23skdu/longbow/internal/query/filter_evaluator.go:51.13,52.36 1 0
github.com/23skdu/longbow/internal/query/filter_evaluator.go:52.36,53.28 1 0
github.com/23skdu/longbow/internal/query/filter_evaluator.go:53.28,55.5 1 0
github.com/23skdu/longbow/internal/query/filter_evaluator.go:57.3,57.14 1 0
github.com/23skdu/longbow/internal/query/filter_evaluator.go:58.12,59.36 1 0
github.com/23skdu/longbow/internal/query/filter_evaluator.go:59.36,60.27 1 0
github.com/23skdu/longbow/internal/query/filter_evaluator.go:60.27,62.5 1 0
github.com/23skdu/longbow/internal/query/filter_evaluator.go:64.3,64.15 1 0
github.com/23skdu/longbow/internal/query/filter_evaluator.go:65.13,66.27 1 0
github.com/23skdu/longbow/internal/query/filter_evaluator.go:66.27,68.4 1 0
github.com/23skdu/longbow/internal/query/filter_evaluator.go:69.3,69.38 1 0
github.com/23skdu/longbow/internal/query/filter_evaluator.go:70.10,71.15 1 0
github.com/23skdu/longbow/internal/query/filter_evaluator.go:75.52,76.19 1 1
github.com/23skdu/longbow/internal/query/filter_evaluator.go:76.19,78.3 1 0
github.com/23skdu/longbow/internal/query/filter_evaluator.go:80.2,82.17 2 1
github.com/23skdu/longbow/internal/query/filter_evaluator.go:83.13,85.22 1 1
github.com/23skdu/longbow/internal/query/filter_evaluator.go:85.22,87.4 1 1
github.com/23skdu/longbow/internal/query/filter_evaluator.go:88.3,88.36 1 1
github.com/23skdu/longbow/internal/query/filter_evaluator.go:88.36,91.4 2 1
github.com/23skdu/longbow/internal/query/filter_evaluator.go:92.12,94.22 1 1
github.com/23skdu/longbow/internal/query/filter_evaluator.go:94.22,96.4 1 1
github.com/23skdu/longbow/internal/query/filter_evaluator.go:97.3,97.36 1 1
github.com/23skdu/longbow/internal/query/filter_evaluator.go:97.36,100.4 2 1
github.com/23skdu/longbow/internal/query/filter_evaluator.go:101.13,102.26 1 1
github.com/23skdu/longbow/internal/query/filter_evaluator.go:102.26,105.4 2 1
github.com/23skdu/longbow/internal/query/filter_evaluator.go:105.9,106.23 1 0
github.com/23skdu/longbow/internal/query/filter_evaluator.go:106.23,108.5 1 0
github.com/23skdu/longbow/internal/query/filter_evaluator.go:113.61,114.23 1 1
github.com/23skdu/longbow/internal/query/filter_evaluator.go:114.23,116.3 1 0
github.com/23skdu/longbow/internal/query/filter_evaluator.go:117.2,117.17 1 1
github.com/23skdu/longbow/internal/query/filter_evaluator.go:118.13,120.36 2 0
github.com/23skdu/longbow/internal/query/filter_evaluator.go:120.36,122.24 2 0
github.com/23skdu/longbow/internal/query/filter_evaluator.go:122.24,124.5 1 0
github.com/23skdu/longbow/internal/query/filter_evaluator.go:126.3,126.16 1 0
github.com/23skdu/longbow/internal/query/filter_evaluator.go:127.12,130.36 3 1
github.com/23skdu/longbow/internal/query/filter_evaluator.go:130.36,132.32 2 1
github.com/23skdu/longbow/internal/query/filter_evaluator.go:132.32,133.19 1 1
github.com/23skdu/longbow/internal/query/filter_evaluator.go:133.19,136.6 2 1
github.com/23skdu/longbow/internal/query/filter_evaluator.go:140.3,141.31 2 1
github.com/23skdu/longbow/internal/query/filter_evaluator.go:141.31,143.4 1 1
github.com/23skdu/longbow/internal/query/filter_evaluator.go:144.3,146.38 3 1
github.com/23skdu/longbow/internal/query/filter_evaluator.go:146.38,147.41 1 1
github.com/23skdu/longbow/internal/query/filter_evaluator.go:147.41,148.44 1 1
github.com/23skdu/longbow/internal/query/filter_evaluator.go:148.44,150.6 1 0
github.com/23skdu/longbow/internal/query/filter_evaluator.go:153.3,153.16 1 1
github.com/23skdu/longbow/internal/query/filter_evaluator.go:154.13,155.27 1 0
github.com/23skdu/longbow/internal/query/filter_evaluator.go:155.27,157.4 1 0
github.com/23skdu/longbow/internal/query/filter_evaluator.go:158.3,160.32 3 0
github.com/23skdu/longbow/internal/query/filter_evaluator.go:160.32,162.4 1 0
github.com/23skdu/longbow/internal/query/filter_evaluator.go:163.3,164.31 2 0
github.com/23skdu/longbow/internal/query/filter_evaluator.go:164.31,165.25 1 0
github.com/23skdu/longbow/internal/query/filter_evaluator.go:165.25,167.5 1 0
github.com/23skdu/longbow/internal/query/filter_evaluator.go:169.3,169.16 1 0
github.com/23skdu/longbow/internal/query/filter_evaluator.go:170.10,171.17 1 0
github.com/23skdu/longbow/internal/query/filter_evaluator.go:175.56,176.35 1 0
github.com/23skdu/longbow/internal/query/filter_evaluator.go:176.35,177.41 1 0
github.com/23skdu/longbow/internal/query/filter_evaluator.go:177.41,179.4 1 0
github.com/23skdu/longbow/internal/query/filter_evaluator.go:181.2,181.12 1 0
github.com/23skdu/longbow/internal/query/filter_evaluator.go:184.61,185.17 1 0
github.com/23skdu/longbow/internal/query/filter_evaluator.go:186.13,187.36 1 0
github.com/23skdu/longbow/internal/query/filter_evaluator.go:187.36,188.30 1 0
github.com/23skdu/longbow/internal/query/filter_evaluator.go:188.30,190.5 1 0
github.com/23skdu/longbow/internal/query/filter_evaluator.go:192.3,192.14 1 0
github.com/23skdu/longbow/internal/query/filter_evaluator.go:193.12,194.36 1 0
github.com/23skdu/longbow/internal/query/filter_evaluator.go:194.36,195.29 1 0
github.com/23skdu/longbow/internal/query/filter_evaluator.go:195.29,197.5 1 0
github.com/23skdu/longbow/internal/query/filter_evaluator.go:199.3,199.15 1 0
github.com/23skdu/longbow/internal/query/filter_evaluator.go:200.13,201.27 1 0
github.com/23skdu/longbow/internal/query/filter_evaluator.go:201.27,203.4 1 0
github.com/23skdu/longbow/internal/query/filter_evaluator.go:204.3,204.40 1 0
github.com/23skdu/longbow/internal/query/filter_evaluator.go:205.10,206.15 1 0
github.com/23skdu/longbow/internal/query/filter_evaluator.go:210.95,213.2 2 1
github.com/23skdu/longbow/internal/query/filter_evaluator.go:215.109,216.21 1 1
github.com/23skdu/longbow/internal/query/filter_evaluator.go:216.21,218.3 1 0
github.com/23skdu/longbow/internal/query/filter_evaluator.go:220.2,221.19 2 1
github.com/23skdu/longbow/internal/query/filter_evaluator.go:221.19,223.3 1 1
github.com/23skdu/longbow/internal/query/filter_evaluator.go:224.2,226.21 2 1
github.com/23skdu/longbow/internal/query/filter_evaluator.go:226.21,228.3 1 1
github.com/23skdu/longbow/internal/query/filter_evaluator.go:230.2,230.25 1 1
github.com/23skdu/longbow/internal/query/filter_evaluator.go:231.20,235.17 4 1
github.com/23skdu/longbow/internal/query/filter_evaluator.go:235.17,237.4 1 0
github.com/23skdu/longbow/internal/query/filter_evaluator.go:238.3,238.39 1 1
github.com/23skdu/longbow/internal/query/filter_evaluator.go:239.18,244.17 5 1
github.com/23skdu/longbow/internal/query/filter_evaluator.go:244.17,246.4 1 0
github.com/23skdu/longbow/internal/query/filter_evaluator.go:247.3,247.39 1 1
github.com/23skdu/longbow/internal/query/filter_evaluator.go:248.29,253.17 5 1
github.com/23skdu/longbow/internal/query/filter_evaluator.go:253.17,255.4 1 0
github.com/23skdu/longbow/internal/query/filter_evaluator.go:256.3,256.39 1 1
github.com/23skdu/longbow/internal/query/filter_evaluator.go:259.2,259.84 1 0
github.com/23skdu/longbow/internal/query/filter_evaluator.go:262.84,264.20 2 1
github.com/23skdu/longbow/internal/query/filter_evaluator.go:264.20,266.3 1 1
github.com/23skdu/longbow/internal/query/filter_evaluator.go:267.2,267.52 1 1
github.com/23skdu/longbow/internal/query/filter_evaluator.go:270.87,271.21 1 1
github.com/23skdu/longbow/internal/query/filter_evaluator.go:271.21,273.3 1 0
github.com/23skdu/longbow/internal/query/filter_evaluator.go:275.2,275.29 1 1
github.com/23skdu/longbow/internal/query/filter_evaluator.go:276.20,280.46 4 1
github.com/23skdu/longbow/internal/query/filter_evaluator.go:280.46,281.46 1 1
github.com/23skdu/longbow/internal/query/filter_evaluator.go:281.46,283.10 2 1
github.com/23skdu/longbow/internal/query/filter_evaluator.go:286.3,286.19 1 1
github.com/23skdu/longbow/internal/query/filter_evaluator.go:286.19,288.4 1 0
github.com/23skdu/longbow/internal/query/filter_evaluator.go:289.3,290.22 2 1
github.com/23skdu/longbow/internal/query/filter_evaluator.go:290.22,292.4 1 1
github.com/23skdu/longbow/internal/query/filter_evaluator.go:293.3,293.62 1 1
github.com/23skdu/longbow/internal/query/filter_evaluator.go:294.18,297.38 3 1
github.com/23skdu/longbow/internal/query/filter_evaluator.go:297.38,299.4 1 0
github.com/23skdu/longbow/internal/query/filter_evaluator.go:300.3,302.22 3 1
github.com/23skdu/longbow/internal/query/filter_evaluator.go:302.22,304.4 1 1
github.com/23skdu/longbow/internal/query/filter_evaluator.go:305.3,305.64 1 0
github.com/23skdu/longbow/internal/query/filter_evaluator.go:306.29,311.22 5 1
github.com/23skdu/longbow/internal/query/filter_evaluator.go:311.22,313.4 1 1
github.com/23skdu/longbow/internal/query/filter_evaluator.go:314.3,314.61 1 0
github.com/23skdu/longbow/internal/query/filter_evaluator.go:315.10,316.41 1 1
github.com/23skdu/longbow/internal/query/filter_evaluator.go:320.66,321.24 1 1
github.com/23skdu/longbow/internal/query/filter_evaluator.go:321.24,323.3 1 0
github.com/23skdu/longbow/internal/query/filter_evaluator.go:324.2,324.29 1 1
github.com/23skdu/longbow/internal/query/filter_evaluator.go:325.19,326.42 1 1
github.com/23skdu/longbow/internal/query/filter_evaluator.go:327.21,328.44 1 0
github.com/23skdu/longbow/internal/query/filter_evaluator.go:329.21,330.44 1 0
github.com/23skdu/longbow/internal/query/filter_evaluator.go:331.20,332.43 1 1
github.com/23skdu/longbow/internal/query/filter_evaluator.go:333.19,334.42 1 1
github.com/23skdu/longbow/internal/query/filter_evaluator.go:335.20,336.43 1 0
github.com/23skdu/longbow/internal/query/filter_evaluator.go:337.19,338.42 1 0
github.com/23skdu/longbow/internal/query/filter_evaluator.go:339.20,340.43 1 0
github.com/23skdu/longbow/internal/query/filter_evaluator.go:341.18,342.41 1 0
github.com/23skdu/longbow/internal/query/filter_evaluator.go:343.19,344.42 1 0
github.com/23skdu/longbow/internal/query/filter_evaluator.go:345.18,346.44 1 0
github.com/23skdu/longbow/internal/query/filter_evaluator.go:347.10,348.13 1 0
github.com/23skdu/longbow/internal/query/filter_evaluator.go:360.42,360.58 1 1
github.com/23skdu/longbow/internal/query/filter_evaluator.go:362.49,363.23 1 1
github.com/23skdu/longbow/internal/query/filter_evaluator.go:363.23,365.3 1 0
github.com/23skdu/longbow/internal/query/filter_evaluator.go:366.2,367.20 2 1
github.com/23skdu/longbow/internal/query/filter_evaluator.go:367.20,369.3 1 1
github.com/23skdu/longbow/internal/query/filter_evaluator.go:371.2,371.46 1 1
github.com/23skdu/longbow/internal/query/filter_evaluator.go:371.46,373.3 1 1
github.com/23skdu/longbow/internal/query/filter_evaluator.go:375.2,376.16 2 1
github.com/23skdu/longbow/internal/query/filter_evaluator.go:376.16,378.3 1 0
github.com/23skdu/longbow/internal/query/filter_evaluator.go:379.2,379.29 1 1
github.com/23skdu/longbow/internal/query/filter_evaluator.go:382.74,390.31 6 1
github.com/23skdu/longbow/internal/query/filter_evaluator.go:390.31,392.41 2 1
github.com/23skdu/longbow/internal/query/filter_evaluator.go:392.41,394.4 1 1
github.com/23skdu/longbow/internal/query/filter_evaluator.go:396.2,396.14 1 1
github.com/23skdu/longbow/internal/query/filter_evaluator.go:399.50,400.21 1 1
github.com/23skdu/longbow/internal/query/filter_evaluator.go:400.21,401.17 1 1
github.com/23skdu/longbow/internal/query/filter_evaluator.go:401.17,403.4 1 1
github.com/23skdu/longbow/internal/query/filter_evaluator.go:403.9,405.4 1 1
github.com/23skdu/longbow/internal/query/filter_evaluator.go:409.59,411.30 2 0
github.com/23skdu/longbow/internal/query/filter_evaluator.go:411.30,412.19 1 0
github.com/23skdu/longbow/internal/query/filter_evaluator.go:412.19,414.4 1 0
github.com/23skdu/longbow/internal/query/filter_evaluator.go:416.2,416.15 1 0
github.com/23skdu/longbow/internal/query/filter_evaluator.go:419.54,422.2 2 0
github.com/23skdu/longbow/internal/query/filter_evaluator.go:424.59,426.2 1 0
github.com/23skdu/longbow/internal/query/filter_evaluator.go:435.41,435.57 1 1
github.com/23skdu/longbow/internal/query/filter_evaluator.go:436.58,437.25 1 1
github.com/23skdu/longbow/internal/query/filter_evaluator.go:438.13,439.27 1 1
github.com/23skdu/longbow/internal/query/filter_evaluator.go:440.13,441.34 1 0
github.com/23skdu/longbow/internal/query/filter_evaluator.go:442.13,443.34 1 0
github.com/23skdu/longbow/internal/query/filter_evaluator.go:444.12,445.34 1 0
github.com/23skdu/longbow/internal/query/filter_evaluator.go:446.15,447.34 1 0
github.com/23skdu/longbow/internal/query/filter_evaluator.go:448.15,449.34 1 0
github.com/23skdu/longbow/internal/query/filter_evaluator.go:451.2,451.14 1 0
github.com/23skdu/longbow/internal/query/filter_evaluator.go:453.52,454.20 1 1
github.com/23skdu/longbow/internal/query/filter_evaluator.go:455.23,456.20 1 1
github.com/23skdu/longbow/internal/query/filter_evaluator.go:457.19,458.20 1 0
github.com/23skdu/longbow/internal/query/filter_evaluator.go:459.17,460.19 1 1
github.com/23skdu/longbow/internal/query/filter_evaluator.go:461.17,462.19 1 0
github.com/23skdu/longbow/internal/query/filter_evaluator.go:463.18,464.20 1 0
github.com/23skdu/longbow/internal/query/filter_evaluator.go:465.18,466.20 1 0
github.com/23skdu/longbow/internal/query/filter_evaluator.go:468.2,468.14 1 0
github.com/23skdu/longbow/internal/query/filter_evaluator.go:470.53,471.40 1 1
github.com/23skdu/longbow/internal/query/filter_evaluator.go:471.40,473.3 1 0
github.com/23skdu/longbow/internal/query/filter_evaluator.go:474.2,475.12 2 1
github.com/23skdu/longbow/internal/query/filter_evaluator.go:478.48,479.26 1 1
github.com/23skdu/longbow/internal/query/filter_evaluator.go:479.26,481.3 1 0
github.com/23skdu/longbow/internal/query/filter_evaluator.go:482.2,483.34 2 1
github.com/23skdu/longbow/internal/query/filter_evaluator.go:483.34,485.3 1 1
github.com/23skdu/longbow/internal/query/filter_evaluator.go:486.2,486.20 1 1
github.com/23skdu/longbow/internal/query/filter_evaluator.go:487.23,488.20 1 1
github.com/23skdu/longbow/internal/query/filter_evaluator.go:489.19,490.20 1 0
github.com/23skdu/longbow/internal/query/filter_evaluator.go:491.17,492.19 1 1
github.com/23skdu/longbow/internal/query/filter_evaluator.go:493.17,494.19 1 0
github.com/23skdu/longbow/internal/query/filter_evaluator.go:495.18,496.20 1 1
github.com/23skdu/longbow/internal/query/filter_evaluator.go:497.18,498.20 1 0
github.com/23skdu/longbow/internal/query/filter_evaluator.go:500.2,500.14 1 0
github.com/23skdu/longbow/internal/query/filter_evaluator.go:503.49,505.20 2 1
github.com/23skdu/longbow/internal/query/filter_evaluator.go:506.23,507.22 1 1
github.com/23skdu/longbow/internal/query/filter_evaluator.go:508.19,509.23 1 0
github.com/23skdu/longbow/internal/query/filter_evaluator.go:510.17,511.22 1 1
github.com/23skdu/longbow/internal/query/filter_evaluator.go:512.18,513.22 1 1
github.com/23skdu/longbow/internal/query/filter_evaluator.go:514.17,515.22 1 0
github.com/23skdu/longbow/internal/query/filter_evaluator.go:516.18,517.22 1 0
github.com/23skdu/longbow/internal/query/filter_evaluator.go:518.10,519.33 1 0
github.com/23skdu/longbow/internal/query/filter_evaluator.go:519.33,520.18 1 0
github.com/23skdu/longbow/internal/query/filter_evaluator.go:520.18,522.5 1 0
github.com/23skdu/longbow/internal/query/filter_evaluator.go:522.10,524.5 1 0
github.com/23skdu/longbow/internal/query/filter_evaluator.go:526.3,526.9 1 0
github.com/23skdu/longbow/internal/query/filter_evaluator.go:529.2,531.23 2 1
github.com/23skdu/longbow/internal/query/filter_evaluator.go:531.23,533.33 2 0
github.com/23skdu/longbow/internal/query/filter_evaluator.go:533.33,534.32 1 0
github.com/23skdu/longbow/internal/query/filter_evaluator.go:534.32,536.5 1 0
github.com/23skdu/longbow/internal/query/filter_evaluator.go:541.58,542.23 1 1
github.com/23skdu/longbow/internal/query/filter_evaluator.go:542.23,544.3 1 1
github.com/23skdu/longbow/internal/query/filter_evaluator.go:546.2,547.30 2 1
github.com/23skdu/longbow/internal/query/filter_evaluator.go:547.30,549.3 1 1
github.com/23skdu/longbow/internal/query/filter_evaluator.go:551.2,552.20 2 1
github.com/23skdu/longbow/internal/query/filter_evaluator.go:553.23,554.22 1 1
github.com/23skdu/longbow/internal/query/filter_evaluator.go:555.19,556.23 1 0
github.com/23skdu/longbow/internal/query/filter_evaluator.go:557.17,558.22 1 1
github.com/23skdu/longbow/internal/query/filter_evaluator.go:559.18,560.22 1 1
github.com/23skdu/longbow/internal/query/filter_evaluator.go:561.17,562.22 1 1
github.com/23skdu/longbow/internal/query/filter_evaluator.go:563.18,564.22 1 0
github.com/23skdu/longbow/internal/query/filter_evaluator.go:565.10,567.31 2 0
github.com/23skdu/longbow/internal/query/filter_evaluator.go:567.31,568.20 1 0
github.com/23skdu/longbow/internal/query/filter_evaluator.go:568.20,570.5 1 0
github.com/23skdu/longbow/internal/query/filter_evaluator.go:572.3,572.16 1 0
github.com/23skdu/longbow/internal/query/filter_evaluator.go:575.2,581.27 5 1
github.com/23skdu/longbow/internal/query/filter_evaluator.go:581.27,582.13 1 1
github.com/23skdu/longbow/internal/query/filter_evaluator.go:582.13,584.39 2 1
github.com/23skdu/longbow/internal/query/filter_evaluator.go:584.39,586.5 1 1
github.com/23skdu/longbow/internal/query/filter_evaluator.go:589.2,589.15 1 1
github.com/23skdu/longbow/internal/query/filter_evaluator.go:599.41,599.57 1 0
github.com/23skdu/longbow/internal/query/filter_evaluator.go:600.58,601.25 1 0
github.com/23skdu/longbow/internal/query/filter_evaluator.go:602.13,603.27 1 0
github.com/23skdu/longbow/internal/query/filter_evaluator.go:604.13,605.34 1 0
github.com/23skdu/longbow/internal/query/filter_evaluator.go:607.2,607.14 1 0
github.com/23skdu/longbow/internal/query/filter_evaluator.go:609.52,610.20 1 1
github.com/23skdu/longbow/internal/query/filter_evaluator.go:611.23,612.20 1 0
github.com/23skdu/longbow/internal/query/filter_evaluator.go:613.19,614.20 1 0
github.com/23skdu/longbow/internal/query/filter_evaluator.go:615.17,616.19 1 1
github.com/23skdu/longbow/internal/query/filter_evaluator.go:617.17,618.19 1 0
github.com/23skdu/longbow/internal/query/filter_evaluator.go:619.18,620.20 1 0
github.com/23skdu/longbow/internal/query/filter_evaluator.go:621.18,622.20 1 0
github.com/23skdu/longbow/internal/query/filter_evaluator.go:624.2,624.14 1 0
github.com/23skdu/longbow/internal/query/filter_evaluator.go:626.53,627.40 1 0
github.com/23skdu/longbow/internal/query/filter_evaluator.go:627.40,629.3 1 0
github.com/23skdu/longbow/internal/query/filter_evaluator.go:630.2,631.12 2 0
github.com/23skdu/longbow/internal/query/filter_evaluator.go:633.48,634.26 1 1
github.com/23skdu/longbow/internal/query/filter_evaluator.go:634.26,636.3 1 0
github.com/23skdu/longbow/internal/query/filter_evaluator.go:637.2,638.26 2 1
github.com/23skdu/longbow/internal/query/filter_evaluator.go:640.49,641.21 1 0
github.com/23skdu/longbow/internal/query/filter_evaluator.go:641.21,642.17 1 0
github.com/23skdu/longbow/internal/query/filter_evaluator.go:642.17,644.4 1 0
github.com/23skdu/longbow/internal/query/filter_evaluator.go:644.9,646.4 1 0
github.com/23skdu/longbow/internal/query/filter_evaluator.go:649.58,651.30 2 0
github.com/23skdu/longbow/internal/query/filter_evaluator.go:651.30,652.19 1 0
github.com/23skdu/longbow/internal/query/filter_evaluator.go:652.19,654.4 1 0
github.com/23skdu/longbow/internal/query/filter_evaluator.go:656.2,656.15 1 0
github.com/23skdu/longbow/internal/query/filter_evaluator.go:666.42,666.58 1 0
github.com/23skdu/longbow/internal/query/filter_evaluator.go:667.59,668.25 1 0
github.com/23skdu/longbow/internal/query/filter_evaluator.go:669.14,670.28 1 0
github.com/23skdu/longbow/internal/query/filter_evaluator.go:672.2,672.14 1 0
github.com/23skdu/longbow/internal/query/filter_evaluator.go:674.55,675.20 1 1
github.com/23skdu/longbow/internal/query/filter_evaluator.go:676.23,677.20 1 0
github.com/23skdu/longbow/internal/query/filter_evaluator.go:678.19,679.20 1 0
github.com/23skdu/longbow/internal/query/filter_evaluator.go:680.17,681.19 1 0
github.com/23skdu/longbow/internal/query/filter_evaluator.go:682.17,683.19 1 0
github.com/23skdu/longbow/internal/query/filter_evaluator.go:684.18,685.20 1 0
github.com/23skdu/longbow/internal/query/filter_evaluator.go:686.18,687.20 1 1
github.com/23skdu/longbow/internal/query/filter_evaluator.go:689.2,689.14 1 0
github.com/23skdu/longbow/internal/query/filter_evaluator.go:691.54,692.41 1 0
github.com/23skdu/longbow/internal/query/filter_evaluator.go:692.41,694.3 1 0
github.com/23skdu/longbow/internal/query/filter_evaluator.go:695.2,696.12 2 0
github.com/23skdu/longbow/internal/query/filter_evaluator.go:698.49,699.26 1 1
github.com/23skdu/longbow/internal/query/filter_evaluator.go:699.26,701.3 1 0
github.com/23skdu/longbow/internal/query/filter_evaluator.go:702.2,703.27 2 1
github.com/23skdu/longbow/internal/query/filter_evaluator.go:705.50,706.21 1 0
github.com/23skdu/longbow/internal/query/filter_evaluator.go:706.21,707.17 1 0
github.com/23skdu/longbow/internal/query/filter_evaluator.go:707.17,709.4 1 0
github.com/23skdu/longbow/internal/query/filter_evaluator.go:709.9,711.4 1 0
github.com/23skdu/longbow/internal/query/filter_evaluator.go:714.59,716.30 2 0
github.com/23skdu/longbow/internal/query/filter_evaluator.go:716.30,717.19 1 0
github.com/23skdu/longbow/internal/query/filter_evaluator.go:717.19,719.4 1 0
github.com/23skdu/longbow/internal/query/filter_evaluator.go:721.2,721.15 1 0
github.com/23skdu/longbow/internal/query/filter_evaluator.go:731.43,731.59 1 1
github.com/23skdu/longbow/internal/query/filter_evaluator.go:732.60,733.25 1 0
github.com/23skdu/longbow/internal/query/filter_evaluator.go:734.15,735.38 1 0
github.com/23skdu/longbow/internal/query/filter_evaluator.go:736.15,737.29 1 0
github.com/23skdu/longbow/internal/query/filter_evaluator.go:738.13,739.38 1 0
github.com/23skdu/longbow/internal/query/filter_evaluator.go:741.2,741.14 1 0
github.com/23skdu/longbow/internal/query/filter_evaluator.go:743.58,744.20 1 1
github.com/23skdu/longbow/internal/query/filter_evaluator.go:745.23,746.20 1 0
github.com/23skdu/longbow/internal/query/filter_evaluator.go:747.19,748.20 1 0
github.com/23skdu/longbow/internal/query/filter_evaluator.go:749.17,750.19 1 0
github.com/23skdu/longbow/internal/query/filter_evaluator.go:751.17,752.19 1 0
github.com/23skdu/longbow/internal/query/filter_evaluator.go:753.18,754.20 1 0
github.com/23skdu/longbow/internal/query/filter_evaluator.go:755.18,756.20 1 1
github.com/23skdu/longbow/internal/query/filter_evaluator.go:758.2,758.14 1 0
github.com/23skdu/longbow/internal/query/filter_evaluator.go:760.55,761.42 1 0
github.com/23skdu/longbow/internal/query/filter_evaluator.go:761.42,763.3 1 0
github.com/23skdu/longbow/internal/query/filter_evaluator.go:764.2,765.12 2 0
github.com/23skdu/longbow/internal/query/filter_evaluator.go:768.50,769.26 1 1
github.com/23skdu/longbow/internal/query/filter_evaluator.go:769.26,771.3 1 0
github.com/23skdu/longbow/internal/query/filter_evaluator.go:772.2,772.46 1 1
github.com/23skdu/longbow/internal/query/filter_evaluator.go:775.51,777.20 2 1
github.com/23skdu/longbow/internal/query/filter_evaluator.go:778.23,779.22 1 0
github.com/23skdu/longbow/internal/query/filter_evaluator.go:780.19,781.23 1 0
github.com/23skdu/longbow/internal/query/filter_evaluator.go:782.17,783.22 1 1
github.com/23skdu/longbow/internal/query/filter_evaluator.go:784.18,785.22 1 0
github.com/23skdu/longbow/internal/query/filter_evaluator.go:786.17,787.22 1 0
github.com/23skdu/longbow/internal/query/filter_evaluator.go:788.18,789.22 1 1
github.com/23skdu/longbow/internal/query/filter_evaluator.go:790.10,791.33 1 0
github.com/23skdu/longbow/internal/query/filter_evaluator.go:791.33,792.18 1 0
github.com/23skdu/longbow/internal/query/filter_evaluator.go:792.18,794.5 1 0
github.com/23skdu/longbow/internal/query/filter_evaluator.go:794.10,796.5 1 0
github.com/23skdu/longbow/internal/query/filter_evaluator.go:798.3,798.9 1 0
github.com/23skdu/longbow/internal/query/filter_evaluator.go:801.2,803.23 2 1
github.com/23skdu/longbow/internal/query/filter_evaluator.go:803.23,805.33 2 0
github.com/23skdu/longbow/internal/query/filter_evaluator.go:805.33,806.32 1 0
github.com/23skdu/longbow/internal/query/filter_evaluator.go:806.32,808.5 1 0
github.com/23skdu/longbow/internal/query/filter_evaluator.go:813.60,814.23 1 0
github.com/23skdu/longbow/internal/query/filter_evaluator.go:814.23,816.3 1 0
github.com/23skdu/longbow/internal/query/filter_evaluator.go:818.2,819.30 2 0
github.com/23skdu/longbow/internal/query/filter_evaluator.go:819.30,821.3 1 0
github.com/23skdu/longbow/internal/query/filter_evaluator.go:823.2,824.20 2 0
github.com/23skdu/longbow/internal/query/filter_evaluator.go:825.23,826.22 1 0
github.com/23skdu/longbow/internal/query/filter_evaluator.go:827.19,828.23 1 0
github.com/23skdu/longbow/internal/query/filter_evaluator.go:829.17,830.22 1 0
github.com/23skdu/longbow/internal/query/filter_evaluator.go:831.18,832.22 1 0
github.com/23skdu/longbow/internal/query/filter_evaluator.go:833.17,834.22 1 0
github.com/23skdu/longbow/internal/query/filter_evaluator.go:835.18,836.22 1 0
github.com/23skdu/longbow/internal/query/filter_evaluator.go:837.10,839.31 2 0
github.com/23skdu/longbow/internal/query/filter_evaluator.go:839.31,840.20 1 0
github.com/23skdu/longbow/internal/query/filter_evaluator.go:840.20,842.5 1 0
github.com/23skdu/longbow/internal/query/filter_evaluator.go:844.3,844.16 1 0
github.com/23skdu/longbow/internal/query/filter_evaluator.go:847.2,853.27 5 0
github.com/23skdu/longbow/internal/query/filter_evaluator.go:853.27,854.13 1 0
github.com/23skdu/longbow/internal/query/filter_evaluator.go:854.13,856.39 2 0
github.com/23skdu/longbow/internal/query/filter_evaluator.go:856.39,858.5 1 0
github.com/23skdu/longbow/internal/query/filter_evaluator.go:861.2,861.15 1 0
github.com/23skdu/longbow/internal/query/filter_evaluator.go:871.43,871.59 1 0
github.com/23skdu/longbow/internal/query/filter_evaluator.go:872.60,873.25 1 0
github.com/23skdu/longbow/internal/query/filter_evaluator.go:874.15,875.29 1 0
github.com/23skdu/longbow/internal/query/filter_evaluator.go:876.15,877.38 1 0
github.com/23skdu/longbow/internal/query/filter_evaluator.go:878.13,879.38 1 0
github.com/23skdu/longbow/internal/query/filter_evaluator.go:881.2,881.14 1 0
github.com/23skdu/longbow/internal/query/filter_evaluator.go:883.58,884.20 1 0
github.com/23skdu/longbow/internal/query/filter_evaluator.go:885.23,886.20 1 0
github.com/23skdu/longbow/internal/query/filter_evaluator.go:887.19,888.20 1 0
github.com/23skdu/longbow/internal/query/filter_evaluator.go:889.17,890.19 1 0
github.com/23skdu/longbow/internal/query/filter_evaluator.go:891.17,892.19 1 0
github.com/23skdu/longbow/internal/query/filter_evaluator.go:893.18,894.20 1 0
github.com/23skdu/longbow/internal/query/filter_evaluator.go:895.18,896.20 1 0
github.com/23skdu/longbow/internal/query/filter_evaluator.go:898.2,898.14 1 0
github.com/23skdu/longbow/internal/query/filter_evaluator.go:900.55,901.42 1 0
github.com/23skdu/longbow/internal/query/filter_evaluator.go:901.42,903.3 1 0
github.com/23skdu/longbow/internal/query/filter_evaluator.go:904.2,905.12 2 0
github.com/23skdu/longbow/internal/query/filter_evaluator.go:908.50,909.26 1 1
github.com/23skdu/longbow/internal/query/filter_evaluator.go:909.26,911.3 1 0
github.com/23skdu/longbow/internal/query/filter_evaluator.go:912.2,913.20 2 1
github.com/23skdu/longbow/internal/query/filter_evaluator.go:914.23,915.20 1 0
github.com/23skdu/longbow/internal/query/filter_evaluator.go:916.19,917.20 1 0
github.com/23skdu/longbow/internal/query/filter_evaluator.go:918.17,919.19 1 1
github.com/23skdu/longbow/internal/query/filter_evaluator.go:920.17,921.19 1 0
github.com/23skdu/longbow/internal/query/filter_evaluator.go:922.18,923.20 1 0
github.com/23skdu/longbow/internal/query/filter_evaluator.go:924.18,925.20 1 0
github.com/23skdu/longbow/internal/query/filter_evaluator.go:927.2,927.14 1 0
github.com/23skdu/longbow/internal/query/filter_evaluator.go:930.51,931.19 1 0
github.com/23skdu/longbow/internal/query/filter_evaluator.go:931.19,933.3 1 0
github.com/23skdu/longbow/internal/query/filter_evaluator.go:935.2,936.20 2 0
github.com/23skdu/longbow/internal/query/filter_evaluator.go:937.23,938.22 1 0
github.com/23skdu/longbow/internal/query/filter_evaluator.go:939.19,940.23 1 0
github.com/23skdu/longbow/internal/query/filter_evaluator.go:941.17,942.22 1 0
github.com/23skdu/longbow/internal/query/filter_evaluator.go:943.18,944.22 1 0
github.com/23skdu/longbow/internal/query/filter_evaluator.go:945.17,946.22 1 0
github.com/23skdu/longbow/internal/query/filter_evaluator.go:947.18,948.22 1 0
github.com/23skdu/longbow/internal/query/filter_evaluator.go:949.10,950.33 1 0
github.com/23skdu/longbow/internal/query/filter_evaluator.go:950.33,951.18 1 0
github.com/23skdu/longbow/internal/query/filter_evaluator.go:951.18,953.5 1 0
github.com/23skdu/longbow/internal/query/filter_evaluator.go:953.10,955.5 1 0
github.com/23skdu/longbow/internal/query/filter_evaluator.go:957.3,957.9 1 0
github.com/23skdu/longbow/internal/query/filter_evaluator.go:960.2,961.26 2 0
github.com/23skdu/longbow/internal/query/filter_evaluator.go:961.26,964.41 2 0
github.com/23skdu/longbow/internal/query/filter_evaluator.go:964.41,966.4 1 0
github.com/23skdu/longbow/internal/query/filter_evaluator.go:967.8,969.3 1 0
github.com/23skdu/longbow/internal/query/filter_evaluator.go:972.2,972.23 1 0
github.com/23skdu/longbow/internal/query/filter_evaluator.go:972.23,973.33 1 0
github.com/23skdu/longbow/internal/query/filter_evaluator.go:973.33,974.23 1 0
github.com/23skdu/longbow/internal/query/filter_evaluator.go:974.23,976.5 1 0
github.com/23skdu/longbow/internal/query/filter_evaluator.go:981.60,983.30 2 0
github.com/23skdu/longbow/internal/query/filter_evaluator.go:983.30,984.19 1 0
github.com/23skdu/longbow/internal/query/filter_evaluator.go:984.19,986.4 1 0
github.com/23skdu/longbow/internal/query/filter_evaluator.go:988.2,988.15 1 0
github.com/23skdu/longbow/internal/query/filter_evaluator.go:998.42,998.58 1 1
github.com/23skdu/longbow/internal/query/filter_evaluator.go:999.59,1001.9 2 0
github.com/23skdu/longbow/internal/query/filter_evaluator.go:1001.9,1003.3 1 0
github.com/23skdu/longbow/internal/query/filter_evaluator.go:1004.2,1004.27 1 0
github.com/23skdu/longbow/internal/query/filter_evaluator.go:1006.55,1007.20 1 0
github.com/23skdu/longbow/internal/query/filter_evaluator.go:1008.23,1009.20 1 0
github.com/23skdu/longbow/internal/query/filter_evaluator.go:1010.19,1011.20 1 0
github.com/23skdu/longbow/internal/query/filter_evaluator.go:1012.17,1013.19 1 0
github.com/23skdu/longbow/internal/query/filter_evaluator.go:1014.17,1015.19 1 0
github.com/23skdu/longbow/internal/query/filter_evaluator.go:1016.18,1017.20 1 0
github.com/23skdu/longbow/internal/query/filter_evaluator.go:1018.18,1019.20 1 0
github.com/23skdu/longbow/internal/query/filter_evaluator.go:1021.2,1021.14 1 0
github.com/23skdu/longbow/internal/query/filter_evaluator.go:1023.54,1024.41 1 0
github.com/23skdu/longbow/internal/query/filter_evaluator.go:1024.41,1026.3 1 0
github.com/23skdu/longbow/internal/query/filter_evaluator.go:1027.2,1028.12 2 0
github.com/23skdu/longbow/internal/query/filter_evaluator.go:1031.49,1032.26 1 1
github.com/23skdu/longbow/internal/query/filter_evaluator.go:1032.26,1034.3 1 1
github.com/23skdu/longbow/internal/query/filter_evaluator.go:1035.2,1036.20 2 1
github.com/23skdu/longbow/internal/query/filter_evaluator.go:1037.23,1038.20 1 1
github.com/23skdu/longbow/internal/query/filter_evaluator.go:1039.19,1040.20 1 1
github.com/23skdu/longbow/internal/query/filter_evaluator.go:1041.17,1042.19 1 0
github.com/23skdu/longbow/internal/query/filter_evaluator.go:1043.17,1044.19 1 0
github.com/23skdu/longbow/internal/query/filter_evaluator.go:1045.18,1046.20 1 0
github.com/23skdu/longbow/internal/query/filter_evaluator.go:1047.18,1048.20 1 0
github.com/23skdu/longbow/internal/query/filter_evaluator.go:1050.2,1050.14 1 0
github.com/23skdu/longbow/internal/query/filter_evaluator.go:1053.50,1055.15 2 1
github.com/23skdu/longbow/internal/query/filter_evaluator.go:1055.15,1058.3 2 1
github.com/23skdu/longbow/internal/query/filter_evaluator.go:1060.2,1062.20 2 1
github.com/23skdu/longbow/internal/query/filter_evaluator.go:1063.23,1066.18 2 1
github.com/23skdu/longbow/internal/query/filter_evaluator.go:1066.18,1067.34 1 0
github.com/23skdu/longbow/internal/query/filter_evaluator.go:1067.34,1068.12 1 0
github.com/23skdu/longbow/internal/query/filter_evaluator.go:1069.26,1070.16 1 0
github.com/23skdu/longbow/internal/query/filter_evaluator.go:1071.33,1072.16 1 0
github.com/23skdu/longbow/internal/query/filter_evaluator.go:1073.13,1074.16 1 0
github.com/23skdu/longbow/internal/query/filter_evaluator.go:1077.4,1077.10 1 0
github.com/23skdu/longbow/internal/query/filter_evaluator.go:1080.3,1080.33 1 1
github.com/23skdu/longbow/internal/query/filter_evaluator.go:1080.33,1081.23 1 1
github.com/23skdu/longbow/internal/query/filter_evaluator.go:1081.23,1083.13 2 0
github.com/23skdu/longbow/internal/query/filter_evaluator.go:1085.4,1085.35 1 1
github.com/23skdu/longbow/internal/query/filter_evaluator.go:1085.35,1087.13 2 1
github.com/23skdu/longbow/internal/query/filter_evaluator.go:1090.4,1095.32 5 1
github.com/23skdu/longbow/internal/query/filter_evaluator.go:1095.32,1096.25 1 1
github.com/23skdu/longbow/internal/query/filter_evaluator.go:1096.25,1098.11 2 1
github.com/23skdu/longbow/internal/query/filter_evaluator.go:1101.4,1101.13 1 1
github.com/23skdu/longbow/internal/query/filter_evaluator.go:1101.13,1103.5 1 1
github.com/23skdu/longbow/internal/query/filter_evaluator.go:1103.10,1105.5 1 1
github.com/23skdu/longbow/internal/query/filter_evaluator.go:1108.19,1109.33 1 1
github.com/23skdu/longbow/internal/query/filter_evaluator.go:1109.33,1110.23 1 1
github.com/23skdu/longbow/internal/query/filter_evaluator.go:1110.23,1112.13 2 0
github.com/23skdu/longbow/internal/query/filter_evaluator.go:1114.4,1114.35 1 1
github.com/23skdu/longbow/internal/query/filter_evaluator.go:1114.35,1116.13 2 0
github.com/23skdu/longbow/internal/query/filter_evaluator.go:1119.4,1124.32 5 1
github.com/23skdu/longbow/internal/query/filter_evaluator.go:1124.32,1125.25 1 1
github.com/23skdu/longbow/internal/query/filter_evaluator.go:1125.25,1127.11 2 1
github.com/23skdu/longbow/internal/query/filter_evaluator.go:1130.4,1130.13 1 1
github.com/23skdu/longbow/internal/query/filter_evaluator.go:1130.13,1132.5 1 1
github.com/23skdu/longbow/internal/query/filter_evaluator.go:1132.10,1134.5 1 1
github.com/23skdu/longbow/internal/query/filter_evaluator.go:1137.17,1138.33 1 1
github.com/23skdu/longbow/internal/query/filter_evaluator.go:1138.33,1139.11 1 1
github.com/23skdu/longbow/internal/query/filter_evaluator.go:1140.25,1141.15 1 0
github.com/23skdu/longbow/internal/query/filter_evaluator.go:1142.32,1143.15 1 1
github.com/23skdu/longbow/internal/query/filter_evaluator.go:1144.12,1145.15 1 1
github.com/23skdu/longbow/internal/query/filter_evaluator.go:1149.17,1150.33 1 1
github.com/23skdu/longbow/internal/query/filter_evaluator.go:1150.33,1151.11 1 1
github.com/23skdu/longbow/internal/query/filter_evaluator.go:1152.25,1153.15 1 0
github.com/23skdu/longbow/internal/query/filter_evaluator.go:1154.32,1155.15 1 1
github.com/23skdu/longbow/internal/query/filter_evaluator.go:1156.12,1157.15 1 1
github.com/23skdu/longbow/internal/query/filter_evaluator.go:1161.18,1162.33 1 0
github.com/23skdu/longbow/internal/query/filter_evaluator.go:1162.33,1163.11 1 0
github.com/23skdu/longbow/internal/query/filter_evaluator.go:1164.25,1165.15 1 0
github.com/23skdu/longbow/internal/query/filter_evaluator.go:1166.33,1167.15 1 0
github.com/23skdu/longbow/internal/query/filter_evaluator.go:1168.12,1169.15 1 0
github.com/23skdu/longbow/internal/query/filter_evaluator.go:1173.18,1174.33 1 0
github.com/23skdu/longbow/internal/query/filter_evaluator.go:1174.33,1175.11 1 0
github.com/23skdu/longbow/internal/query/filter_evaluator.go:1176.25,1177.15 1 0
github.com/23skdu/longbow/internal/query/filter_evaluator.go:1178.33,1179.15 1 0
github.com/23skdu/longbow/internal/query/filter_evaluator.go:1180.12,1181.15 1 0
github.com/23skdu/longbow/internal/query/filter_evaluator.go:1185.10,1187.33 2 0
github.com/23skdu/longbow/internal/query/filter_evaluator.go:1187.33,1188.18 1 0
github.com/23skdu/longbow/internal/query/filter_evaluator.go:1188.18,1190.5 1 0
github.com/23skdu/longbow/internal/query/filter_evaluator.go:1190.10,1192.5 1 0
github.com/23skdu/longbow/internal/query/filter_evaluator.go:1197.59,1201.30 2 1
github.com/23skdu/longbow/internal/query/filter_evaluator.go:1201.30,1202.19 1 1
github.com/23skdu/longbow/internal/query/filter_evaluator.go:1202.19,1204.4 1 1
github.com/23skdu/longbow/internal/query/filter_evaluator.go:1206.2,1206.15 1 1
github.com/23skdu/longbow/internal/query/filter_evaluator.go:1216.92,1217.23 1 1
github.com/23skdu/longbow/internal/query/filter_evaluator.go:1217.23,1219.3 1 1
github.com/23skdu/longbow/internal/query/filter_evaluator.go:1221.2,1224.28 3 1
github.com/23skdu/longbow/internal/query/filter_evaluator.go:1224.28,1226.17 2 1
github.com/23skdu/longbow/internal/query/filter_evaluator.go:1226.17,1228.4 1 0
github.com/23skdu/longbow/internal/query/filter_evaluator.go:1229.3,1229.16 1 1
github.com/23skdu/longbow/internal/query/filter_evaluator.go:1229.16,1231.4 1 1
github.com/23skdu/longbow/internal/query/filter_evaluator.go:1234.2,1234.39 1 1
github.com/23skdu/longbow/internal/query/filter_evaluator.go:1234.39,1236.3 1 0
github.com/23skdu/longbow/internal/query/filter_evaluator.go:1237.2,1237.40 1 1
github.com/23skdu/longbow/internal/query/filter_evaluator.go:1240.93,1242.17 2 1
github.com/23skdu/longbow/internal/query/filter_evaluator.go:1242.17,1244.3 1 1
github.com/23skdu/longbow/internal/query/filter_evaluator.go:1246.2,1248.14 2 1
github.com/23skdu/longbow/internal/query/filter_evaluator.go:1248.14,1250.31 2 1
github.com/23skdu/longbow/internal/query/filter_evaluator.go:1250.31,1252.4 1 0
github.com/23skdu/longbow/internal/query/filter_evaluator.go:1254.3,1258.26 4 1
github.com/23skdu/longbow/internal/query/filter_evaluator.go:1259.20,1261.18 2 1
github.com/23skdu/longbow/internal/query/filter_evaluator.go:1261.18,1263.5 1 0
github.com/23skdu/longbow/internal/query/filter_evaluator.go:1264.4,1264.71 1 1
github.com/23skdu/longbow/internal/query/filter_evaluator.go:1265.22,1267.18 2 0
github.com/23skdu/longbow/internal/query/filter_evaluator.go:1267.18,1269.5 1 0
github.com/23skdu/longbow/internal/query/filter_evaluator.go:1270.4,1270.82 1 0
github.com/23skdu/longbow/internal/query/filter_evaluator.go:1271.22,1273.18 2 0
github.com/23skdu/longbow/internal/query/filter_evaluator.go:1273.18,1275.5 1 0
github.com/23skdu/longbow/internal/query/filter_evaluator.go:1276.4,1276.73 1 0
github.com/23skdu/longbow/internal/query/filter_evaluator.go:1277.21,1278.76 1 0
github.com/23skdu/longbow/internal/query/filter_evaluator.go:1279.11,1280.19 1 0
github.com/23skdu/longbow/internal/query/filter_evaluator.go:1283.3,1283.102 1 1
github.com/23skdu/longbow/internal/query/filter_evaluator.go:1286.2,1287.30 2 1
github.com/23skdu/longbow/internal/query/filter_evaluator.go:1287.30,1289.3 1 0
github.com/23skdu/longbow/internal/query/filter_evaluator.go:1291.2,1294.25 3 1
github.com/23skdu/longbow/internal/query/filter_evaluator.go:1296.19,1298.17 2 1
github.com/23skdu/longbow/internal/query/filter_evaluator.go:1298.17,1300.4 1 0
github.com/23skdu/longbow/internal/query/filter_evaluator.go:1301.3,1301.97 1 1
github.com/23skdu/longbow/internal/query/filter_evaluator.go:1302.19,1304.17 2 1
github.com/23skdu/longbow/internal/query/filter_evaluator.go:1304.17,1306.4 1 0
github.com/23skdu/longbow/internal/query/filter_evaluator.go:1307.3,1307.104 1 1
github.com/23skdu/longbow/internal/query/filter_evaluator.go:1308.20,1310.17 2 1
github.com/23skdu/longbow/internal/query/filter_evaluator.go:1310.17,1312.4 1 0
github.com/23skdu/longbow/internal/query/filter_evaluator.go:1313.3,1313.99 1 1
github.com/23skdu/longbow/internal/query/filter_evaluator.go:1314.21,1316.17 2 1
github.com/23skdu/longbow/internal/query/filter_evaluator.go:1316.17,1318.4 1 0
github.com/23skdu/longbow/internal/query/filter_evaluator.go:1319.3,1319.110 1 1
github.com/23skdu/longbow/internal/query/filter_evaluator.go:1320.21,1322.17 2 1
github.com/23skdu/longbow/internal/query/filter_evaluator.go:1322.17,1324.4 1 0
github.com/23skdu/longbow/internal/query/filter_evaluator.go:1325.3,1325.101 1 1
github.com/23skdu/longbow/internal/query/filter_evaluator.go:1326.20,1327.103 1 1
github.com/23skdu/longbow/internal/query/filter_evaluator.go:1328.10,1329.18 1 0
github.com/23skdu/longbow/internal/query/filter_evaluator.go:1333.134,1335.21 2 1
github.com/23skdu/longbow/internal/query/filter_evaluator.go:1335.21,1337.3 1 0
github.com/23skdu/longbow/internal/query/filter_evaluator.go:1339.2,1340.23 2 1
github.com/23skdu/longbow/internal/query/filter_evaluator.go:1340.23,1342.3 1 0
github.com/23skdu/longbow/internal/query/filter_evaluator.go:1344.2,1345.16 2 1
github.com/23skdu/longbow/internal/query/filter_evaluator.go:1345.16,1347.3 1 0
github.com/23skdu/longbow/internal/query/filter_evaluator.go:1349.2,1349.49 1 1
github.com/23skdu/longbow/internal/query/filter_evaluator.go:1352.121,1354.30 2 1
github.com/23skdu/longbow/internal/query/filter_evaluator.go:1354.30,1356.17 2 1
github.com/23skdu/longbow/internal/query/filter_evaluator.go:1356.17,1358.4 1 0
github.com/23skdu/longbow/internal/query/filter_evaluator.go:1359.3,1359.19 1 1
github.com/23skdu/longbow/internal/query/filter_evaluator.go:1359.19,1361.4 1 1
github.com/23skdu/longbow/internal/query/filter_evaluator.go:1363.2,1363.65 1 1
github.com/23skdu/longbow/internal/query/filter_evaluator.go:1366.116,1368.16 2 1
github.com/23skdu/longbow/internal/query/filter_evaluator.go:1368.16,1370.3 1 0
github.com/23skdu/longbow/internal/query/filter_evaluator.go:1371.2,1371.23 1 1
github.com/23skdu/longbow/internal/query/filter_evaluator.go:1371.23,1373.3 1 0
github.com/23skdu/longbow/internal/query/filter_evaluator.go:1374.2,1374.45 1 1
github.com/23skdu/longbow/internal/query/filter_evaluator.go:1378.52,1380.34 1 1
github.com/23skdu/longbow/internal/query/filter_evaluator.go:1380.34,1381.30 1 1
github.com/23skdu/longbow/internal/query/filter_evaluator.go:1381.30,1383.4 1 1
github.com/23skdu/longbow/internal/query/filter_evaluator.go:1385.2,1385.13 1 1
github.com/23skdu/longbow/internal/query/filter_evaluator.go:1390.64,1392.15 2 1
github.com/23skdu/longbow/internal/query/filter_evaluator.go:1392.15,1395.3 2 1
github.com/23skdu/longbow/internal/query/filter_evaluator.go:1397.2,1397.21 1 1
github.com/23skdu/longbow/internal/query/filter_evaluator.go:1397.21,1399.3 1 0
github.com/23skdu/longbow/internal/query/filter_evaluator.go:1401.2,1404.27 2 1
github.com/23skdu/longbow/internal/query/filter_evaluator.go:1404.27,1406.23 2 1
github.com/23skdu/longbow/internal/query/filter_evaluator.go:1406.23,1409.4 2 1
github.com/23skdu/longbow/internal/query/filter_evaluator.go:1411.2,1412.15 2 1
github.com/23skdu/longbow/internal/query/filter_evaluator.go:1417.69,1419.15 2 1
github.com/23skdu/longbow/internal/query/filter_evaluator.go:1419.15,1422.3 2 1
github.com/23skdu/longbow/internal/query/filter_evaluator.go:1424.2,1424.21 1 1
github.com/23skdu/longbow/internal/query/filter_evaluator.go:1424.21,1426.3 1 1
github.com/23skdu/longbow/internal/query/filter_evaluator.go:1428.2,1428.26 1 1
github.com/23skdu/longbow/internal/query/filter_evaluator.go:1428.26,1430.3 1 1
github.com/23skdu/longbow/internal/query/filter_evaluator.go:1432.2,1434.33 2 1
github.com/23skdu/longbow/internal/query/filter_evaluator.go:1434.33,1436.28 2 1
github.com/23skdu/longbow/internal/query/filter_evaluator.go:1436.28,1437.22 1 1
github.com/23skdu/longbow/internal/query/filter_evaluator.go:1437.22,1439.10 2 1
github.com/23skdu/longbow/internal/query/filter_evaluator.go:1442.3,1442.14 1 1
github.com/23skdu/longbow/internal/query/filter_evaluator.go:1442.14,1444.4 1 1
github.com/23skdu/longbow/internal/query/filter_evaluator.go:1447.2,1447.22 1 1
github.com/23skdu/longbow/internal/query/filter_evaluator.go:1447.22,1449.3 1 1
github.com/23skdu/longbow/internal/query/filter_evaluator.go:1451.2,1452.15 2 1
github.com/23skdu/longbow/internal/query/filter_evaluator.go:1457.67,1459.15 2 1
github.com/23skdu/longbow/internal/query/filter_evaluator.go:1459.15,1462.3 2 1
github.com/23skdu/longbow/internal/query/filter_evaluator.go:1464.2,1464.21 1 1
github.com/23skdu/longbow/internal/query/filter_evaluator.go:1464.21,1466.33 2 1
github.com/23skdu/longbow/internal/query/filter_evaluator.go:1466.33,1468.4 1 1
github.com/23skdu/longbow/internal/query/filter_evaluator.go:1469.3,1469.22 1 1
github.com/23skdu/longbow/internal/query/filter_evaluator.go:1472.2,1474.27 3 1
github.com/23skdu/longbow/internal/query/filter_evaluator.go:1474.27,1475.20 1 1
github.com/23skdu/longbow/internal/query/filter_evaluator.go:1475.20,1477.4 1 1
github.com/23skdu/longbow/internal/query/filter_evaluator.go:1477.9,1479.4 1 1
github.com/23skdu/longbow/internal/query/filter_evaluator.go:1482.2,1483.22 2 1
github.com/23skdu/longbow/internal/query/filter_evaluator.go:1483.22,1488.31 4 1
github.com/23skdu/longbow/internal/query/filter_evaluator.go:1488.31,1491.4 2 1
github.com/23skdu/longbow/internal/query/filter_evaluator.go:1493.3,1493.26 1 1
github.com/23skdu/longbow/internal/query/filter_evaluator.go:1493.26,1495.41 2 1
github.com/23skdu/longbow/internal/query/filter_evaluator.go:1495.41,1497.54 2 1
github.com/23skdu/longbow/internal/query/filter_evaluator.go:1497.54,1499.6 1 0
github.com/23skdu/longbow/internal/query/filter_evaluator.go:1500.5,1500.33 1 1
github.com/23skdu/longbow/internal/query/filter_evaluator.go:1500.33,1503.6 2 1
github.com/23skdu/longbow/internal/query/filter_evaluator.go:1508.2,1508.26 1 1
github.com/23skdu/longbow/internal/query/filter_evaluator.go:1508.26,1510.35 2 1
github.com/23skdu/longbow/internal/query/filter_evaluator.go:1510.35,1512.21 2 1
github.com/23skdu/longbow/internal/query/filter_evaluator.go:1512.21,1514.5 1 1
github.com/23skdu/longbow/internal/query/filter_evaluator.go:1514.10,1515.65 1 1
github.com/23skdu/longbow/internal/query/filter_evaluator.go:1515.65,1517.6 1 0
github.com/23skdu/longbow/internal/query/filter_evaluator.go:1519.4,1519.32 1 1
github.com/23skdu/longbow/internal/query/filter_evaluator.go:1519.32,1522.5 2 1
github.com/23skdu/longbow/internal/query/filter_evaluator.go:1526.2,1526.19 1 1
github.com/23skdu/longbow/internal/query/filter_evaluator.go:1526.19,1528.25 2 0
github.com/23skdu/longbow/internal/query/filter_evaluator.go:1528.25,1530.4 1 0
github.com/23skdu/longbow/internal/query/filter_evaluator.go:1533.2,1534.27 2 1
github.com/23skdu/longbow/internal/query/filter_evaluator.go:1534.27,1535.13 1 1
github.com/23skdu/longbow/internal/query/filter_evaluator.go:1535.13,1537.4 1 1
github.com/23skdu/longbow/internal/query/filter_evaluator.go:1539.2,1540.21 2 1
github.com/23skdu/longbow/internal/query/filter_evaluator.go:1544.62,1545.21 1 1
github.com/23skdu/longbow/internal/query/filter_evaluator.go:1545.21,1547.3 1 0
github.com/23skdu/longbow/internal/query/filter_evaluator.go:1549.2,1549.27 1 1
github.com/23skdu/longbow/internal/query/filter_evaluator.go:1549.27,1550.20 1 1
github.com/23skdu/longbow/internal/query/filter_evaluator.go:1550.20,1551.52 1 0
github.com/23skdu/longbow/internal/query/filter_evaluator.go:1551.52,1552.13 1 0
github.com/23skdu/longbow/internal/query/filter_evaluator.go:1554.4,1554.12 1 0
github.com/23skdu/longbow/internal/query/filter_evaluator.go:1557.3,1558.25 2 1
github.com/23skdu/longbow/internal/query/filter_evaluator.go:1559.23,1560.21 1 1
github.com/23skdu/longbow/internal/query/filter_evaluator.go:1561.25,1562.21 1 0
github.com/23skdu/longbow/internal/query/filter_evaluator.go:1563.25,1564.21 1 0
github.com/23skdu/longbow/internal/query/filter_evaluator.go:1565.24,1566.21 1 0
github.com/23skdu/longbow/internal/query/filter_evaluator.go:1567.11,1568.12 1 0
github.com/23skdu/longbow/internal/query/filter_evaluator.go:1571.3,1571.49 1 1
github.com/23skdu/longbow/internal/query/filter_evaluator.go:1571.49,1573.4 1 0
github.com/23skdu/longbow/internal/query/filter_evaluator.go:1575.3,1576.38 2 1
github.com/23skdu/longbow/internal/query/filter_evaluator.go:1576.38,1578.4 1 0
github.com/23skdu/longbow/internal/query/filter_evaluator.go:1580.2,1580.12 1 1
github.com/23skdu/longbow/internal/query/filter_evaluator.go:1583.106,1584.21 1 1
github.com/23skdu/longbow/internal/query/filter_evaluator.go:1584.21,1587.29 3 0
github.com/23skdu/longbow/internal/query/filter_evaluator.go:1587.29,1589.4 1 0
github.com/23skdu/longbow/internal/query/filter_evaluator.go:1590.3,1590.34 1 0
github.com/23skdu/longbow/internal/query/filter_evaluator.go:1593.2,1595.27 3 1
github.com/23skdu/longbow/internal/query/filter_evaluator.go:1595.27,1596.20 1 1
github.com/23skdu/longbow/internal/query/filter_evaluator.go:1596.20,1598.4 1 0
github.com/23skdu/longbow/internal/query/filter_evaluator.go:1598.9,1600.4 1 1
github.com/23skdu/longbow/internal/query/filter_evaluator.go:1603.2,1604.22 2 1
github.com/23skdu/longbow/internal/query/filter_evaluator.go:1604.22,1607.23 3 1
github.com/23skdu/longbow/internal/query/filter_evaluator.go:1607.23,1609.38 2 0
github.com/23skdu/longbow/internal/query/filter_evaluator.go:1609.38,1611.54 2 0
github.com/23skdu/longbow/internal/query/filter_evaluator.go:1611.54,1613.6 1 0
github.com/23skdu/longbow/internal/query/filter_evaluator.go:1618.2,1618.26 1 1
github.com/23skdu/longbow/internal/query/filter_evaluator.go:1618.26,1620.35 2 0
github.com/23skdu/longbow/internal/query/filter_evaluator.go:1620.35,1622.21 2 0
github.com/23skdu/longbow/internal/query/filter_evaluator.go:1622.21,1624.5 1 0
github.com/23skdu/longbow/internal/query/filter_evaluator.go:1624.10,1625.53 1 0
github.com/23skdu/longbow/internal/query/filter_evaluator.go:1625.53,1627.6 1 0
github.com/23skdu/longbow/internal/query/filter_evaluator.go:1632.2,1632.19 1 1
github.com/23skdu/longbow/internal/query/filter_evaluator.go:1632.19,1634.25 2 0
github.com/23skdu/longbow/internal/query/filter_evaluator.go:1634.25,1636.4 1 0
github.com/23skdu/longbow/internal/query/filter_evaluator.go:1639.2,1642.27 4 1
github.com/23skdu/longbow/internal/query/filter_evaluator.go:1642.27,1644.3 1 1
github.com/23skdu/longbow/internal/query/filter_evaluator.go:1645.2,1646.33 2 1
github.com/23skdu/longbow/internal/query/filter_evaluator.go:1649.63,1650.19 1 1
github.com/23skdu/longbow/internal/query/filter_evaluator.go:1650.19,1652.3 1 0
github.com/23skdu/longbow/internal/query/filter_evaluator.go:1654.2,1657.24 3 1
github.com/23skdu/longbow/internal/query/filter_evaluator.go:1658.22,1660.28 2 1
github.com/23skdu/longbow/internal/query/filter_evaluator.go:1661.24,1663.28 2 1
github.com/23skdu/longbow/internal/query/filter_evaluator.go:1664.24,1666.28 2 0
github.com/23skdu/longbow/internal/query/filter_evaluator.go:1667.23,1669.28 2 1
github.com/23skdu/longbow/internal/query/filter_evaluator.go:1670.23,1672.47 2 0
github.com/23skdu/longbow/internal/query/filter_evaluator.go:1673.10,1674.13 1 0
github.com/23skdu/longbow/internal/query/filter_evaluator.go:1677.2,1677.22 1 1
github.com/23skdu/longbow/internal/query/filter_evaluator.go:1677.22,1680.3 2 0
github.com/23skdu/longbow/internal/query/filter_evaluator.go:1682.2,1683.26 2 1
github.com/23skdu/longbow/internal/query/filter_evaluator.go:1683.26,1685.3 1 1
github.com/23skdu/longbow/internal/query/filter_evaluator.go:1687.2,1688.30 2 1
github.com/23skdu/longbow/internal/query/filter_evaluator.go:1688.30,1689.18 1 1
github.com/23skdu/longbow/internal/query/filter_evaluator.go:1689.18,1691.4 1 1
github.com/23skdu/longbow/internal/query/filter_evaluator.go:1694.2,1696.20 3 1
github.com/23skdu/longbow/internal/query/filter_evaluator.go:1701.43,1704.27 2 1
github.com/23skdu/longbow/internal/query/filter_evaluator.go:1704.27,1705.13 1 1
github.com/23skdu/longbow/internal/query/filter_evaluator.go:1705.13,1707.4 1 1
github.com/23skdu/longbow/internal/query/filter_evaluator.go:1709.2,1709.13 1 1
github.com/23skdu/longbow/internal/query/filter_evaluator.go:1714.56,1715.19 1 1
github.com/23skdu/longbow/internal/query/filter_evaluator.go:1715.19,1717.3 1 1
github.com/23skdu/longbow/internal/query/filter_evaluator.go:1719.2,1725.25 3 1
github.com/23skdu/longbow/internal/query/filter_evaluator.go:1725.25,1727.3 1 1
github.com/23skdu/longbow/internal/query/filter_evaluator.go:1731.2,1731.36 1 1
github.com/23skdu/longbow/internal/query/filter_evaluator.go:1731.36,1732.39 1 1
github.com/23skdu/longbow/internal/query/filter_evaluator.go:1732.39,1733.51 1 1
github.com/23skdu/longbow/internal/query/filter_evaluator.go:1733.51,1735.5 1 1
github.com/23skdu/longbow/internal/query/filter_evaluator.go:1739.2,1740.26 2 1
github.com/23skdu/longbow/internal/query/filter_evaluator.go:1740.26,1742.3 1 1
github.com/23skdu/longbow/internal/query/filter_evaluator.go:1743.2,1743.15 1 1
github.com/23skdu/longbow/internal/query/projection.go:16.81,17.23 1 1
github.com/23skdu/longbow/internal/query/projection.go:17.23,19.3 1 1
github.com/23skdu/longbow/internal/query/projection.go:21.2,22.30 2 1
github.com/23skdu/longbow/internal/query/projection.go:22.30,24.20 2 1
github.com/23skdu/longbow/internal/query/projection.go:24.20,26.4 1 1
github.com/23skdu/longbow/internal/query/projection.go:27.3,27.43 1 1
github.com/23skdu/longbow/internal/query/projection.go:30.2,30.64 1 1
github.com/23skdu/longbow/internal/query/projection.go:33.68,34.37 1 1
github.com/23skdu/longbow/internal/query/projection.go:34.37,36.3 1 1
github.com/23skdu/longbow/internal/query/projection.go:38.2,42.36 4 1
github.com/23skdu/longbow/internal/query/projection.go:42.36,44.24 2 1
github.com/23skdu/longbow/internal/query/projection.go:44.24,46.4 1 0
github.com/23skdu/longbow/internal/query/projection.go:47.3,47.29 1 1
github.com/23skdu/longbow/internal/query/projection.go:50.2,53.36 3 1
github.com/23skdu/longbow/internal/query/projection.go:53.36,57.3 3 1
github.com/23skdu/longbow/internal/query/projection.go:59.2,63.20 4 1
github.com/23skdu/longbow/internal/query/projection.go:66.57,67.37 1 1
github.com/23skdu/longbow/internal/query/projection.go:67.37,69.3 1 1
github.com/23skdu/longbow/internal/query/projection.go:71.2,72.28 2 1
github.com/23skdu/longbow/internal/query/projection.go:72.28,74.3 1 1
github.com/23skdu/longbow/internal/query/projection.go:76.2,76.30 1 1
github.com/23skdu/longbow/internal/query/projection.go:76.30,78.37 2 1
github.com/23skdu/longbow/internal/query/projection.go:78.37,79.22 1 1
github.com/23skdu/longbow/internal/query/projection.go:79.22,81.10 2 1
github.com/23skdu/longbow/internal/query/projection.go:84.3,84.13 1 1
github.com/23skdu/longbow/internal/query/projection.go:84.13,86.4 1 1
github.com/23skdu/longbow/internal/query/projection.go:89.2,89.13 1 1
github.com/23skdu/longbow/internal/query/projection.go:92.49,93.14 1 0
github.com/23skdu/longbow/internal/query/projection.go:93.14,95.3 1 0
github.com/23skdu/longbow/internal/query/projection.go:96.2,96.18 1 0
github.com/23skdu/longbow/internal/query/projection.go:104.99,105.43 1 1
github.com/23skdu/longbow/internal/query/projection.go:105.43,107.3 1 0
github.com/23skdu/longbow/internal/query/projection.go:109.2,110.39 2 1
github.com/23skdu/longbow/internal/query/projection.go:110.39,112.24 2 1
github.com/23skdu/longbow/internal/query/projection.go:112.24,114.4 1 0
github.com/23skdu/longbow/internal/query/projection.go:115.3,115.29 1 1
github.com/23skdu/longbow/internal/query/projection.go:118.2,121.8 1 1
github.com/23skdu/longbow/internal/query/projection.go:124.86,125.49 1 1
github.com/23skdu/longbow/internal/query/projection.go:125.49,127.3 1 0
github.com/23skdu/longbow/internal/query/projection.go:129.2,132.39 3 1
github.com/23skdu/longbow/internal/query/projection.go:132.39,135.3 2 1
github.com/23skdu/longbow/internal/query/projection.go:137.2,138.39 2 1
github.com/23skdu/longbow/internal/query/projection.go:138.39,140.3 1 1
github.com/23skdu/longbow/internal/query/projection.go:142.2,146.20 4 1
github.com/23skdu/longbow/internal/query/projection.go:149.95,150.49 1 1
github.com/23skdu/longbow/internal/query/projection.go:150.49,152.3 1 0
github.com/23skdu/longbow/internal/query/projection.go:154.2,160.39 5 1
github.com/23skdu/longbow/internal/query/projection.go:160.39,165.3 4 1
github.com/23skdu/longbow/internal/query/projection.go:167.2,171.19 4 1
github.com/23skdu/longbow/internal/query/projection.go:174.100,175.23 1 1
github.com/23skdu/longbow/internal/query/projection.go:175.23,177.3 1 1
github.com/23skdu/longbow/internal/query/projection.go:179.2,182.34 3 1
github.com/23skdu/longbow/internal/query/projection.go:182.34,184.24 2 1
github.com/23skdu/longbow/internal/query/projection.go:184.24,186.4 1 0
github.com/23skdu/longbow/internal/query/projection.go:187.3,187.29 1 1
github.com/23skdu/longbow/internal/query/projection.go:190.2,194.36 4 1
github.com/23skdu/longbow/internal/query/projection.go:194.36,199.3 4 1
github.com/23skdu/longbow/internal/query/projection.go:201.2,205.23 4 1
github.com/23skdu/longbow/internal/query/simd_filter_stub.go:7.96,8.39 1 0
github.com/23skdu/longbow/internal/query/simd_filter_stub.go:11.100,12.39 1 0
github.com/23skdu/longbow/internal/query/simd_filter_stub.go:15.97,16.39 1 0
github.com/23skdu/longbow/internal/query/simd_filter_stub.go:19.149,20.39 1 0
github.com/23skdu/longbow/internal/query/simd_filter_stub.go:23.96,24.39 1 0
github.com/23skdu/longbow/internal/query/simd_filter_stub.go:27.100,28.39 1 0
github.com/23skdu/longbow/internal/query/simd_filter_stub.go:31.98,32.39 1 0
github.com/23skdu/longbow/internal/query/simd_filter_stub.go:35.102,36.39 1 0
github.com/23skdu/longbow/internal/query/simd_filter_stub.go:39.98,40.39 1 0
github.com/23skdu/longbow/internal/query/simd_filter_stub.go:43.102,44.39 1 0
github.com/23skdu/longbow/internal/query/vectorized_filter.go:33.42,34.12 1 0
github.com/23skdu/longbow/internal/query/vectorized_filter.go:35.21,36.13 1 0
github.com/23skdu/longbow/internal/query/vectorized_filter.go:37.24,38.14 1 0
github.com/23skdu/longbow/internal/query/vectorized_filter.go:39.23,40.13 1 0
github.com/23skdu/longbow/internal/query/vectorized_filter.go:41.20,42.13 1 0
github.com/23skdu/longbow/internal/query/vectorized_filter.go:43.28,44.14 1 0
github.com/23skdu/longbow/internal/query/vectorized_filter.go:45.25,46.14 1 0
github.com/23skdu/longbow/internal/query/vectorized_filter.go:47.18,48.14 1 0
github.com/23skdu/longbow/internal/query/vectorized_filter.go:49.21,50.18 1 0
github.com/23skdu/longbow/internal/query/vectorized_filter.go:51.24,52.20 1 0
github.com/23skdu/longbow/internal/query/vectorized_filter.go:53.10,54.19 1 0
github.com/23skdu/longbow/internal/query/vectorized_filter.go:59.47,60.12 1 1
github.com/23skdu/longbow/internal/query/vectorized_filter.go:61.21,62.17 1 0
github.com/23skdu/longbow/internal/query/vectorized_filter.go:63.24,64.21 1 0
github.com/23skdu/longbow/internal/query/vectorized_filter.go:65.23,66.19 1 1
github.com/23skdu/longbow/internal/query/vectorized_filter.go:67.20,68.16 1 0
github.com/23skdu/longbow/internal/query/vectorized_filter.go:69.28,70.25 1 0
github.com/23skdu/longbow/internal/query/vectorized_filter.go:71.25,72.22 1 0
github.com/23skdu/longbow/internal/query/vectorized_filter.go:73.10,74.12 1 0
github.com/23skdu/longbow/internal/query/vectorized_filter.go:79.61,80.48 1 1
github.com/23skdu/longbow/internal/query/vectorized_filter.go:81.17,82.28 1 1
github.com/23skdu/longbow/internal/query/vectorized_filter.go:83.18,84.31 1 1
github.com/23skdu/longbow/internal/query/vectorized_filter.go:85.11,86.30 1 1
github.com/23skdu/longbow/internal/query/vectorized_filter.go:87.11,88.27 1 1
github.com/23skdu/longbow/internal/query/vectorized_filter.go:89.12,90.35 1 1
github.com/23skdu/longbow/internal/query/vectorized_filter.go:91.12,92.32 1 1
github.com/23skdu/longbow/internal/query/vectorized_filter.go:93.12,94.25 1 1
github.com/23skdu/longbow/internal/query/vectorized_filter.go:95.16,96.28 1 1
github.com/23skdu/longbow/internal/query/vectorized_filter.go:97.26,98.31 1 1
github.com/23skdu/longbow/internal/query/vectorized_filter.go:99.10,100.58 1 1
github.com/23skdu/longbow/internal/query/vectorized_filter.go:110.68,112.2 1 1
github.com/23skdu/longbow/internal/query/vectorized_filter.go:115.124,116.23 1 1
github.com/23skdu/longbow/internal/query/vectorized_filter.go:116.23,119.3 2 0
github.com/23skdu/longbow/internal/query/vectorized_filter.go:121.2,122.15 2 1
github.com/23skdu/longbow/internal/query/vectorized_filter.go:122.15,123.27 1 1
github.com/23skdu/longbow/internal/query/vectorized_filter.go:123.27,124.16 1 1
github.com/23skdu/longbow/internal/query/vectorized_filter.go:124.16,126.5 1 1
github.com/23skdu/longbow/internal/query/vectorized_filter.go:130.2,130.28 1 1
github.com/23skdu/longbow/internal/query/vectorized_filter.go:130.28,132.17 2 1
github.com/23skdu/longbow/internal/query/vectorized_filter.go:132.17,134.4 1 0
github.com/23skdu/longbow/internal/query/vectorized_filter.go:135.3,135.18 1 1
github.com/23skdu/longbow/internal/query/vectorized_filter.go:135.18,137.4 1 1
github.com/23skdu/longbow/internal/query/vectorized_filter.go:140.2,140.21 1 1
github.com/23skdu/longbow/internal/query/vectorized_filter.go:140.21,143.3 2 0
github.com/23skdu/longbow/internal/query/vectorized_filter.go:146.2,147.16 2 1
github.com/23skdu/longbow/internal/query/vectorized_filter.go:147.16,149.3 1 0
github.com/23skdu/longbow/internal/query/vectorized_filter.go:150.2,153.50 2 1
github.com/23skdu/longbow/internal/query/vectorized_filter.go:157.117,159.19 1 1
github.com/23skdu/longbow/internal/query/vectorized_filter.go:159.19,161.3 1 1
github.com/23skdu/longbow/internal/query/vectorized_filter.go:164.2,165.23 2 1
github.com/23skdu/longbow/internal/query/vectorized_filter.go:165.23,167.3 1 0
github.com/23skdu/longbow/internal/query/vectorized_filter.go:168.2,172.16 3 1
github.com/23skdu/longbow/internal/query/vectorized_filter.go:172.16,174.3 1 0
github.com/23skdu/longbow/internal/query/vectorized_filter.go:177.2,177.12 1 1
github.com/23skdu/longbow/internal/query/vectorized_filter.go:178.18,179.52 1 1
github.com/23skdu/longbow/internal/query/vectorized_filter.go:180.21,181.51 1 0
github.com/23skdu/longbow/internal/query/vectorized_filter.go:182.24,183.46 1 1
github.com/23skdu/longbow/internal/query/vectorized_filter.go:184.10,185.57 1 1
github.com/23skdu/longbow/internal/query/vectorized_filter.go:190.126,195.20 2 1
github.com/23skdu/longbow/internal/query/vectorized_filter.go:195.20,196.26 1 0
github.com/23skdu/longbow/internal/query/vectorized_filter.go:196.26,198.4 1 0
github.com/23skdu/longbow/internal/query/vectorized_filter.go:199.3,200.17 2 0
github.com/23skdu/longbow/internal/query/vectorized_filter.go:200.17,202.4 1 0
github.com/23skdu/longbow/internal/query/vectorized_filter.go:203.3,203.18 1 0
github.com/23skdu/longbow/internal/query/vectorized_filter.go:203.18,212.44 4 0
github.com/23skdu/longbow/internal/query/vectorized_filter.go:212.44,214.5 1 0
github.com/23skdu/longbow/internal/query/vectorized_filter.go:215.4,215.28 1 0
github.com/23skdu/longbow/internal/query/vectorized_filter.go:217.3,221.17 3 0
github.com/23skdu/longbow/internal/query/vectorized_filter.go:221.17,223.4 1 0
github.com/23skdu/longbow/internal/query/vectorized_filter.go:224.3,224.55 1 0
github.com/23skdu/longbow/internal/query/vectorized_filter.go:228.2,229.15 2 1
github.com/23skdu/longbow/internal/query/vectorized_filter.go:229.15,230.27 1 1
github.com/23skdu/longbow/internal/query/vectorized_filter.go:230.27,231.16 1 1
github.com/23skdu/longbow/internal/query/vectorized_filter.go:231.16,233.5 1 1
github.com/23skdu/longbow/internal/query/vectorized_filter.go:237.2,237.34 1 1
github.com/23skdu/longbow/internal/query/vectorized_filter.go:237.34,240.17 3 1
github.com/23skdu/longbow/internal/query/vectorized_filter.go:240.17,242.4 1 0
github.com/23skdu/longbow/internal/query/vectorized_filter.go:243.3,243.15 1 1
github.com/23skdu/longbow/internal/query/vectorized_filter.go:243.15,245.4 1 1
github.com/23skdu/longbow/internal/query/vectorized_filter.go:248.2,248.21 1 1
github.com/23skdu/longbow/internal/query/vectorized_filter.go:248.21,250.3 1 0
github.com/23skdu/longbow/internal/query/vectorized_filter.go:253.2,253.19 1 1
github.com/23skdu/longbow/internal/query/vectorized_filter.go:253.19,255.3 1 1
github.com/23skdu/longbow/internal/query/vectorized_filter.go:257.2,257.52 1 1
github.com/23skdu/longbow/internal/query/vectorized_filter.go:262.143,264.45 1 1
github.com/23skdu/longbow/internal/query/vectorized_filter.go:264.45,265.26 1 1
github.com/23skdu/longbow/internal/query/vectorized_filter.go:265.26,267.4 1 1
github.com/23skdu/longbow/internal/query/vectorized_filter.go:268.3,268.29 1 1
github.com/23skdu/longbow/internal/query/vectorized_filter.go:268.29,270.4 1 0
github.com/23skdu/longbow/internal/query/vectorized_filter.go:273.2,274.16 2 1
github.com/23skdu/longbow/internal/query/vectorized_filter.go:274.16,276.3 1 0
github.com/23skdu/longbow/internal/query/vectorized_filter.go:278.2,279.20 2 1
github.com/23skdu/longbow/internal/query/vectorized_filter.go:279.20,281.3 1 0
github.com/23skdu/longbow/internal/query/vectorized_filter.go:283.2,287.16 2 1
github.com/23skdu/longbow/internal/query/vectorized_filter.go:287.16,289.3 1 0
github.com/23skdu/longbow/internal/query/vectorized_filter.go:291.2,291.54 1 1
github.com/23skdu/longbow/internal/query/vectorized_filter.go:297.129,299.24 2 1
github.com/23skdu/longbow/internal/query/vectorized_filter.go:299.24,301.3 1 1
github.com/23skdu/longbow/internal/query/vectorized_filter.go:303.2,303.22 1 1
github.com/23skdu/longbow/internal/query/vectorized_filter.go:303.22,307.34 3 0
github.com/23skdu/longbow/internal/query/vectorized_filter.go:307.34,309.4 1 0
github.com/23skdu/longbow/internal/query/vectorized_filter.go:310.3,310.33 1 0
github.com/23skdu/longbow/internal/query/vectorized_filter.go:316.2,318.12 3 1
github.com/23skdu/longbow/internal/query/vectorized_filter.go:318.12,321.3 2 0
github.com/23skdu/longbow/internal/query/vectorized_filter.go:323.2,324.15 2 1
github.com/23skdu/longbow/internal/query/vectorized_filter.go:324.15,325.27 1 1
github.com/23skdu/longbow/internal/query/vectorized_filter.go:325.27,326.16 1 1
github.com/23skdu/longbow/internal/query/vectorized_filter.go:326.16,328.5 1 1
github.com/23skdu/longbow/internal/query/vectorized_filter.go:332.2,332.27 1 1
github.com/23skdu/longbow/internal/query/vectorized_filter.go:332.27,334.17 2 1
github.com/23skdu/longbow/internal/query/vectorized_filter.go:334.17,335.12 1 0
github.com/23skdu/longbow/internal/query/vectorized_filter.go:338.3,342.17 2 1
github.com/23skdu/longbow/internal/query/vectorized_filter.go:342.17,344.4 1 0
github.com/23skdu/longbow/internal/query/vectorized_filter.go:345.3,345.66 1 1
github.com/23skdu/longbow/internal/query/vectorized_filter.go:348.2,348.21 1 1
github.com/23skdu/longbow/internal/query/vectorized_filter.go:348.21,352.34 3 0
github.com/23skdu/longbow/internal/query/vectorized_filter.go:352.34,354.4 1 0
github.com/23skdu/longbow/internal/query/vectorized_filter.go:355.3,355.33 1 0
github.com/23skdu/longbow/internal/query/vectorized_filter.go:359.2,362.34 3 1
github.com/23skdu/longbow/internal/query/vectorized_filter.go:362.34,368.17 3 1
github.com/23skdu/longbow/internal/query/vectorized_filter.go:368.17,370.4 1 0
github.com/23skdu/longbow/internal/query/vectorized_filter.go:371.3,371.61 1 1
github.com/23skdu/longbow/internal/query/vectorized_filter.go:374.2,374.22 1 1
github.com/23skdu/longbow/internal/query/vectorized_filter.go:378.103,379.41 1 1
github.com/23skdu/longbow/internal/query/vectorized_filter.go:379.41,381.3 1 0
github.com/23skdu/longbow/internal/query/vectorized_filter.go:384.2,388.36 4 1
github.com/23skdu/longbow/internal/query/vectorized_filter.go:388.36,389.23 1 1
github.com/23skdu/longbow/internal/query/vectorized_filter.go:389.23,391.4 1 0
github.com/23skdu/longbow/internal/query/vectorized_filter.go:391.9,393.4 1 1
github.com/23skdu/longbow/internal/query/vectorized_filter.go:396.2,396.32 1 1
github.com/23skdu/longbow/internal/query/vectorized_filter.go:400.98,401.17 1 1
github.com/23skdu/longbow/internal/query/vectorized_filter.go:402.20,403.44 1 1
github.com/23skdu/longbow/internal/query/vectorized_filter.go:404.19,406.17 2 0
github.com/23skdu/longbow/internal/query/vectorized_filter.go:406.17,408.4 1 0
github.com/23skdu/longbow/internal/query/vectorized_filter.go:409.3,409.39 1 0
github.com/23skdu/longbow/internal/query/vectorized_filter.go:410.21,412.17 2 1
github.com/23skdu/longbow/internal/query/vectorized_filter.go:412.17,414.4 1 0
github.com/23skdu/longbow/internal/query/vectorized_filter.go:415.3,415.41 1 1
github.com/23skdu/longbow/internal/query/vectorized_filter.go:416.23,418.17 2 0
github.com/23skdu/longbow/internal/query/vectorized_filter.go:418.17,420.4 1 0
github.com/23skdu/longbow/internal/query/vectorized_filter.go:421.3,423.52 3 0
github.com/23skdu/longbow/internal/query/vectorized_filter.go:424.18,426.17 2 0
github.com/23skdu/longbow/internal/query/vectorized_filter.go:426.17,428.4 1 0
github.com/23skdu/longbow/internal/query/vectorized_filter.go:429.3,429.41 1 0
github.com/23skdu/longbow/internal/query/vectorized_filter.go:430.10,431.58 1 0
github.com/23skdu/longbow/internal/query/vectorized_filter.go:436.105,438.2 1 1
github.com/23skdu/longbow/internal/query/vectorized_filter.go:441.122,442.21 1 1
github.com/23skdu/longbow/internal/query/vectorized_filter.go:442.21,444.3 1 0
github.com/23skdu/longbow/internal/query/vectorized_filter.go:445.2,445.21 1 1
github.com/23skdu/longbow/internal/query/vectorized_filter.go:445.21,448.3 2 1
github.com/23skdu/longbow/internal/query/vectorized_filter.go:450.2,453.34 3 1
github.com/23skdu/longbow/internal/query/vectorized_filter.go:453.34,459.17 3 1
github.com/23skdu/longbow/internal/query/vectorized_filter.go:459.17,461.4 1 0
github.com/23skdu/longbow/internal/query/vectorized_filter.go:462.3,462.49 1 1
github.com/23skdu/longbow/internal/query/vectorized_filter.go:465.2,465.20 1 1
github.com/23skdu/longbow/internal/query/vectorized_filter.go:469.136,474.16 2 1
github.com/23skdu/longbow/internal/query/vectorized_filter.go:474.16,476.3 1 0
github.com/23skdu/longbow/internal/query/vectorized_filter.go:477.2,477.52 1 1
github.com/23skdu/longbow/internal/query/window_operator.go:13.42,15.2 1 1
github.com/23skdu/longbow/internal/query/window_operator.go:18.111,19.46 1 1
github.com/23skdu/longbow/internal/query/window_operator.go:19.46,21.3 1 0
github.com/23skdu/longbow/internal/query/window_operator.go:23.2,23.31 1 1
github.com/23skdu/longbow/internal/query/window_operator.go:23.31,25.3 1 1
github.com/23skdu/longbow/internal/query/window_operator.go:27.2,27.16 1 1
github.com/23skdu/longbow/internal/query/window_operator.go:30.108,32.34 1 1
github.com/23skdu/longbow/internal/query/window_operator.go:32.34,34.3 1 1
github.com/23skdu/longbow/internal/query/window_operator.go:37.2,37.35 1 1
github.com/23skdu/longbow/internal/query/window_operator.go:40.106,43.30 1 1
github.com/23skdu/longbow/internal/query/window_operator.go:43.30,44.49 1 1
github.com/23skdu/longbow/internal/query/window_operator.go:44.49,46.4 1 1
github.com/23skdu/longbow/internal/query/window_operator.go:49.2,49.17 1 1
github.com/23skdu/longbow/internal/query/window_operator.go:50.20,51.26 1 1
github.com/23skdu/longbow/internal/query/window_operator.go:51.26,52.34 1 1
github.com/23skdu/longbow/internal/query/window_operator.go:52.34,54.5 1 0
github.com/23skdu/longbow/internal/query/window_operator.go:55.4,55.38 1 1
github.com/23skdu/longbow/internal/query/window_operator.go:57.14,58.34 1 1
github.com/23skdu/longbow/internal/query/window_operator.go:59.20,60.33 1 0
github.com/23skdu/longbow/internal/query/window_operator.go:61.13,63.29 2 1
github.com/23skdu/longbow/internal/query/window_operator.go:63.29,64.43 1 1
github.com/23skdu/longbow/internal/query/window_operator.go:64.43,66.5 1 1
github.com/23skdu/longbow/internal/query/window_operator.go:68.3,68.26 1 1
github.com/23skdu/longbow/internal/query/window_operator.go:68.26,69.34 1 1
github.com/23skdu/longbow/internal/query/window_operator.go:69.34,71.5 1 0
github.com/23skdu/longbow/internal/query/window_operator.go:72.4,72.36 1 1
github.com/23skdu/longbow/internal/query/window_operator.go:74.13,77.29 3 1
github.com/23skdu/longbow/internal/query/window_operator.go:77.29,78.43 1 1
github.com/23skdu/longbow/internal/query/window_operator.go:78.43,81.5 2 1
github.com/23skdu/longbow/internal/query/window_operator.go:83.3,83.16 1 1
github.com/23skdu/longbow/internal/query/window_operator.go:83.16,85.27 2 1
github.com/23skdu/longbow/internal/query/window_operator.go:85.27,86.35 1 1
github.com/23skdu/longbow/internal/query/window_operator.go:86.35,88.6 1 0
github.com/23skdu/longbow/internal/query/window_operator.go:89.5,89.37 1 1
github.com/23skdu/longbow/internal/query/window_operator.go:92.13,94.29 2 0
github.com/23skdu/longbow/internal/query/window_operator.go:94.29,95.43 1 0
github.com/23skdu/longbow/internal/query/window_operator.go:95.43,97.19 2 0
github.com/23skdu/longbow/internal/query/window_operator.go:97.19,99.6 1 0
github.com/23skdu/longbow/internal/query/window_operator.go:102.3,102.26 1 0
github.com/23skdu/longbow/internal/query/window_operator.go:102.26,103.34 1 0
github.com/23skdu/longbow/internal/query/window_operator.go:103.34,105.5 1 0
github.com/23skdu/longbow/internal/query/window_operator.go:106.4,106.36 1 0
github.com/23skdu/longbow/internal/query/window_operator.go:108.13,110.29 2 0
github.com/23skdu/longbow/internal/query/window_operator.go:110.29,111.43 1 0
github.com/23skdu/longbow/internal/query/window_operator.go:111.43,113.19 2 0
github.com/23skdu/longbow/internal/query/window_operator.go:113.19,115.6 1 0
github.com/23skdu/longbow/internal/query/window_operator.go:118.3,118.26 1 0
github.com/23skdu/longbow/internal/query/window_operator.go:118.26,119.34 1 0
github.com/23skdu/longbow/internal/query/window_operator.go:119.34,121.5 1 0
github.com/23skdu/longbow/internal/query/window_operator.go:122.4,122.36 1 0
github.com/23skdu/longbow/internal/query/window_operator.go:126.2,126.16 1 1
github.com/23skdu/longbow/internal/query/window_operator.go:129.111,132.28 2 1
github.com/23skdu/longbow/internal/query/window_operator.go:132.28,135.3 2 1
github.com/23skdu/longbow/internal/query/window_operator.go:138.2,138.37 1 1
github.com/23skdu/longbow/internal/query/window_operator.go:138.37,140.31 2 1
github.com/23skdu/longbow/internal/query/window_operator.go:140.31,142.4 1 1
github.com/23skdu/longbow/internal/query/window_operator.go:145.3,148.31 2 1
github.com/23skdu/longbow/internal/query/window_operator.go:148.31,150.4 1 1
github.com/23skdu/longbow/internal/query/window_operator.go:153.2,153.16 1 1
github.com/23skdu/longbow/internal/query/window_operator.go:156.87,158.31 2 1
github.com/23skdu/longbow/internal/query/window_operator.go:158.31,159.39 1 1
github.com/23skdu/longbow/internal/query/window_operator.go:159.39,161.4 1 1
github.com/23skdu/longbow/internal/query/window_operator.go:161.9,163.4 1 0
github.com/23skdu/longbow/internal/query/window_operator.go:165.2,165.12 1 1
github.com/23skdu/longbow/internal/query/window_operator.go:168.60,169.25 1 1
github.com/23skdu/longbow/internal/query/window_operator.go:170.14,171.13 1 1
github.com/23skdu/longbow/internal/query/window_operator.go:172.10,175.12 1 0
github.com/23skdu/longbow/internal/query/window_operator.go:179.85,180.31 1 1
github.com/23skdu/longbow/internal/query/window_operator.go:180.31,184.32 3 1
github.com/23skdu/longbow/internal/query/window_operator.go:184.32,187.4 2 1
github.com/23skdu/longbow/internal/query/window_operator.go:187.9,187.36 1 0
github.com/23skdu/longbow/internal/query/window_operator.go:187.36,190.4 2 0
github.com/23skdu/longbow/internal/query/window_operator.go:190.9,193.4 2 0
github.com/23skdu/longbow/internal/query/window_operator.go:195.3,195.19 1 1
github.com/23skdu/longbow/internal/query/window_operator.go:195.19,196.12 1 0
github.com/23skdu/longbow/internal/query/window_operator.go:198.3,198.11 1 1
github.com/23skdu/longbow/internal/query/window_operator.go:198.11,200.4 1 0
github.com/23skdu/longbow/internal/query/window_operator.go:201.3,201.11 1 1
github.com/23skdu/longbow/internal/query/window_operator.go:201.11,203.4 1 0
github.com/23skdu/longbow/internal/query/window_operator.go:205.3,205.19 1 1
github.com/23skdu/longbow/internal/query/window_operator.go:205.19,206.12 1 0
github.com/23skdu/longbow/internal/query/window_operator.go:210.3,211.23 2 1
github.com/23skdu/longbow/internal/query/window_operator.go:211.23,213.4 1 0
github.com/23skdu/longbow/internal/query/window_operator.go:214.3,214.14 1 1
github.com/23skdu/longbow/internal/query/window_operator.go:216.2,216.14 1 0
github.com/23skdu/longbow/internal/query/window_operator.go:219.56,220.24 1 1
github.com/23skdu/longbow/internal/query/window_operator.go:221.15,222.26 1 1
github.com/23skdu/longbow/internal/query/window_operator.go:223.15,224.26 1 0
github.com/23skdu/longbow/internal/query/window_operator.go:225.11,226.22 1 0
github.com/23skdu/longbow/internal/query/window_operator.go:227.13,228.24 1 0
github.com/23skdu/longbow/internal/query/window_operator.go:229.14,230.25 1 0
github.com/23skdu/longbow/internal/query/window_operator.go:232.2,232.14 1 0
github.com/23skdu/longbow/internal/query/window_operator.go:235.96,236.23 1 1
github.com/23skdu/longbow/internal/query/window_operator.go:236.23,238.3 1 0
github.com/23skdu/longbow/internal/query/window_operator.go:240.2,241.25 2 1
github.com/23skdu/longbow/internal/query/window_operator.go:241.25,242.33 1 1
github.com/23skdu/longbow/internal/query/window_operator.go:242.33,244.4 1 0
github.com/23skdu/longbow/internal/query/window_operator.go:246.3,246.68 1 1
github.com/23skdu/longbow/internal/query/window_operator.go:246.69,248.4 0 0
github.com/23skdu/longbow/internal/query/window_operator.go:248.9,249.13 1 1
github.com/23skdu/longbow/internal/query/window_operator.go:249.13,250.14 1 0
github.com/23skdu/longbow/internal/query/window_operator.go:250.14,252.6 1 0
github.com/23skdu/longbow/internal/query/window_operator.go:253.10,255.5 1 1
github.com/23skdu/longbow/internal/query/window_operator.go:257.3,257.36 1 1
github.com/23skdu/longbow/internal/query/window_operator.go:261.59,262.25 1 1
github.com/23skdu/longbow/internal/query/window_operator.go:263.15,264.13 1 1
github.com/23skdu/longbow/internal/query/window_operator.go:265.15,266.22 1 0
github.com/23skdu/longbow/internal/query/window_operator.go:267.11,268.22 1 0
github.com/23skdu/longbow/internal/query/window_operator.go:269.13,270.22 1 0
github.com/23skdu/longbow/internal/query/window_operator.go:271.10,272.13 1 0
github.com/23skdu/longbow/internal/query/window_operator.go:276.85,277.22 1 1
github.com/23skdu/longbow/internal/query/window_operator.go:277.22,279.3 1 0
github.com/23skdu/longbow/internal/query/window_operator.go:281.2,281.31 1 1
github.com/23skdu/longbow/internal/query/window_operator.go:281.31,283.32 2 1
github.com/23skdu/longbow/internal/query/window_operator.go:283.32,285.4 1 1
github.com/23skdu/longbow/internal/query/window_operator.go:285.9,285.36 1 0
github.com/23skdu/longbow/internal/query/window_operator.go:285.36,287.4 1 0
github.com/23skdu/longbow/internal/query/window_operator.go:287.9,290.4 2 0
github.com/23skdu/longbow/internal/query/window_operator.go:291.3,291.19 1 1
github.com/23skdu/longbow/internal/query/window_operator.go:291.19,293.4 1 1
github.com/23skdu/longbow/internal/query/window_operator.go:295.2,295.13 1 0
github.com/23skdu/longbow/internal/query/zero_alloc_parser.go:13.39,15.24 2 0
github.com/23skdu/longbow/internal/query/zero_alloc_parser.go:15.24,17.28 2 0
github.com/23skdu/longbow/internal/query/zero_alloc_parser.go:17.28,19.28 2 0
github.com/23skdu/longbow/internal/query/zero_alloc_parser.go:19.28,21.5 1 0
github.com/23skdu/longbow/internal/query/zero_alloc_parser.go:23.3,23.11 1 0
github.com/23skdu/longbow/internal/query/zero_alloc_parser.go:25.2,25.10 1 0
github.com/23skdu/longbow/internal/query/zero_alloc_parser.go:40.78,48.2 1 1
github.com/23skdu/longbow/internal/query/zero_alloc_parser.go:51.73,60.20 8 1
github.com/23skdu/longbow/internal/query/zero_alloc_parser.go:60.20,62.3 1 0
github.com/23skdu/longbow/internal/query/zero_alloc_parser.go:64.2,65.38 2 1
github.com/23skdu/longbow/internal/query/zero_alloc_parser.go:65.38,67.3 1 0
github.com/23skdu/longbow/internal/query/zero_alloc_parser.go:68.2,70.20 2 1
github.com/23skdu/longbow/internal/query/zero_alloc_parser.go:70.20,72.21 2 1
github.com/23skdu/longbow/internal/query/zero_alloc_parser.go:72.21,74.4 1 0
github.com/23skdu/longbow/internal/query/zero_alloc_parser.go:76.3,76.21 1 1
github.com/23skdu/longbow/internal/query/zero_alloc_parser.go:76.21,77.26 1 1
github.com/23skdu/longbow/internal/query/zero_alloc_parser.go:77.26,80.5 2 1
github.com/23skdu/longbow/internal/query/zero_alloc_parser.go:80.10,82.5 1 1
github.com/23skdu/longbow/internal/query/zero_alloc_parser.go:83.4,83.34 1 1
github.com/23skdu/longbow/internal/query/zero_alloc_parser.go:83.34,86.5 2 1
github.com/23skdu/longbow/internal/query/zero_alloc_parser.go:86.10,88.5 1 1
github.com/23skdu/longbow/internal/query/zero_alloc_parser.go:89.4,89.24 1 1
github.com/23skdu/longbow/internal/query/zero_alloc_parser.go:92.3,92.21 1 1
github.com/23skdu/longbow/internal/query/zero_alloc_parser.go:92.21,94.4 1 1
github.com/23skdu/longbow/internal/query/zero_alloc_parser.go:96.3,97.17 2 1
github.com/23skdu/longbow/internal/query/zero_alloc_parser.go:97.17,99.4 1 0
github.com/23skdu/longbow/internal/query/zero_alloc_parser.go:100.3,103.39 3 1
github.com/23skdu/longbow/internal/query/zero_alloc_parser.go:103.39,105.4 1 0
github.com/23skdu/longbow/internal/query/zero_alloc_parser.go:106.3,109.14 3 1
github.com/23skdu/longbow/internal/query/zero_alloc_parser.go:110.15,112.18 2 1
github.com/23skdu/longbow/internal/query/zero_alloc_parser.go:112.18,114.5 1 0
github.com/23skdu/longbow/internal/query/zero_alloc_parser.go:115.4,116.14 2 1
github.com/23skdu/longbow/internal/query/zero_alloc_parser.go:117.18,119.18 2 0
github.com/23skdu/longbow/internal/query/zero_alloc_parser.go:119.18,121.5 1 0
github.com/23skdu/longbow/internal/query/zero_alloc_parser.go:122.4,123.14 2 0
github.com/23skdu/longbow/internal/query/zero_alloc_parser.go:124.16,126.18 2 1
github.com/23skdu/longbow/internal/query/zero_alloc_parser.go:126.18,128.5 1 0
github.com/23skdu/longbow/internal/query/zero_alloc_parser.go:129.4,130.14 2 1
github.com/23skdu/longbow/internal/query/zero_alloc_parser.go:131.18,133.18 2 1
github.com/23skdu/longbow/internal/query/zero_alloc_parser.go:133.18,135.5 1 1
github.com/23skdu/longbow/internal/query/zero_alloc_parser.go:136.4,136.14 1 1
github.com/23skdu/longbow/internal/query/zero_alloc_parser.go:137.27,139.18 2 1
github.com/23skdu/longbow/internal/query/zero_alloc_parser.go:139.18,141.5 1 0
github.com/23skdu/longbow/internal/query/zero_alloc_parser.go:142.4,142.14 1 1
github.com/23skdu/longbow/internal/query/zero_alloc_parser.go:143.17,147.18 3 1
github.com/23skdu/longbow/internal/query/zero_alloc_parser.go:147.18,149.5 1 1
github.com/23skdu/longbow/internal/query/zero_alloc_parser.go:151.4,152.18 2 1
github.com/23skdu/longbow/internal/query/zero_alloc_parser.go:152.18,154.5 1 0
github.com/23skdu/longbow/internal/query/zero_alloc_parser.go:155.4,156.14 2 1
github.com/23skdu/longbow/internal/query/zero_alloc_parser.go:157.23,161.18 3 1
github.com/23skdu/longbow/internal/query/zero_alloc_parser.go:161.18,163.5 1 0
github.com/23skdu/longbow/internal/query/zero_alloc_parser.go:165.4,166.75 2 1
github.com/23skdu/longbow/internal/query/zero_alloc_parser.go:166.75,168.5 1 0
github.com/23skdu/longbow/internal/query/zero_alloc_parser.go:169.4,170.14 2 1
github.com/23skdu/longbow/internal/query/zero_alloc_parser.go:171.20,175.18 3 1
github.com/23skdu/longbow/internal/query/zero_alloc_parser.go:175.18,177.5 1 0
github.com/23skdu/longbow/internal/query/zero_alloc_parser.go:178.4,179.74 2 1
github.com/23skdu/longbow/internal/query/zero_alloc_parser.go:179.74,181.5 1 0
github.com/23skdu/longbow/internal/query/zero_alloc_parser.go:182.4,183.14 2 1
github.com/23skdu/longbow/internal/query/zero_alloc_parser.go:184.11,186.18 2 1
github.com/23skdu/longbow/internal/query/zero_alloc_parser.go:186.18,188.5 1 0
github.com/23skdu/longbow/internal/query/zero_alloc_parser.go:189.4,189.14 1 1
github.com/23skdu/longbow/internal/query/zero_alloc_parser.go:192.3,193.38 2 1
github.com/23skdu/longbow/internal/query/zero_alloc_parser.go:193.38,195.4 1 1
github.com/23skdu/longbow/internal/query/zero_alloc_parser.go:198.2,198.55 1 1
github.com/23skdu/longbow/internal/query/zero_alloc_parser.go:201.89,203.16 2 1
github.com/23skdu/longbow/internal/query/zero_alloc_parser.go:203.16,205.3 1 0
github.com/23skdu/longbow/internal/query/zero_alloc_parser.go:206.2,207.20 2 1
github.com/23skdu/longbow/internal/query/zero_alloc_parser.go:210.81,212.2 1 1
github.com/23skdu/longbow/internal/query/zero_alloc_parser.go:216.27,219.4 2 1
github.com/23skdu/longbow/internal/query/zero_alloc_parser.go:226.61,235.2 6 1
github.com/23skdu/longbow/internal/query/zero_alloc_parser.go:242.43,247.2 1 1
github.com/23skdu/longbow/internal/query/zero_alloc_utils.go:11.83,13.2 1 1
github.com/23skdu/longbow/internal/query/zero_alloc_utils.go:15.75,17.2 1 1
github.com/23skdu/longbow/internal/query/zero_alloc_utils.go:19.47,20.107 1 1
github.com/23skdu/longbow/internal/query/zero_alloc_utils.go:20.107,22.3 1 1
github.com/23skdu/longbow/internal/query/zero_alloc_utils.go:23.2,23.12 1 1
github.com/23skdu/longbow/internal/query/zero_alloc_utils.go:26.61,27.42 1 1
github.com/23skdu/longbow/internal/query/zero_alloc_utils.go:27.42,29.3 1 0
github.com/23skdu/longbow/internal/query/zero_alloc_utils.go:30.2,33.42 4 1
github.com/23skdu/longbow/internal/query/zero_alloc_utils.go:33.42,34.24 1 1
github.com/23skdu/longbow/internal/query/zero_alloc_utils.go:34.24,37.12 3 1
github.com/23skdu/longbow/internal/query/zero_alloc_utils.go:39.3,39.8 1 1
github.com/23skdu/longbow/internal/query/zero_alloc_utils.go:41.2,41.22 1 1
github.com/23skdu/longbow/internal/query/zero_alloc_utils.go:41.22,43.3 1 0
github.com/23skdu/longbow/internal/query/zero_alloc_utils.go:44.2,45.16 2 1
github.com/23skdu/longbow/internal/query/zero_alloc_utils.go:45.16,47.3 1 1
github.com/23skdu/longbow/internal/query/zero_alloc_utils.go:48.2,48.24 1 1
github.com/23skdu/longbow/internal/query/zero_alloc_utils.go:51.40,52.20 1 1
github.com/23skdu/longbow/internal/query/zero_alloc_utils.go:52.20,54.3 1 0
github.com/23skdu/longbow/internal/query/zero_alloc_utils.go:55.2,56.33 2 1
github.com/23skdu/longbow/internal/query/zero_alloc_utils.go:56.33,57.41 1 1
github.com/23skdu/longbow/internal/query/zero_alloc_utils.go:57.41,59.19 2 1
github.com/23skdu/longbow/internal/query/zero_alloc_utils.go:60.13,61.27 1 1
github.com/23skdu/longbow/internal/query/zero_alloc_utils.go:62.14,63.28 1 1
github.com/23skdu/longbow/internal/query/zero_alloc_utils.go:64.13,65.27 1 0
github.com/23skdu/longbow/internal/query/zero_alloc_utils.go:66.13,67.28 1 0
github.com/23skdu/longbow/internal/query/zero_alloc_utils.go:68.13,69.28 1 0
github.com/23skdu/longbow/internal/query/zero_alloc_utils.go:70.13,71.28 1 1
github.com/23skdu/longbow/internal/query/zero_alloc_utils.go:72.13,73.28 1 0
github.com/23skdu/longbow/internal/query/zero_alloc_utils.go:74.13,75.28 1 1
github.com/23skdu/longbow/internal/query/zero_alloc_utils.go:76.13,77.24 1 1
github.com/23skdu/longbow/internal/query/zero_alloc_utils.go:77.24,79.20 2 1
github.com/23skdu/longbow/internal/query/zero_alloc_utils.go:79.20,84.7 4 1
github.com/23skdu/longbow/internal/query/zero_alloc_utils.go:84.12,86.7 1 0
github.com/23skdu/longbow/internal/query/zero_alloc_utils.go:87.11,89.6 1 0
github.com/23skdu/longbow/internal/query/zero_alloc_utils.go:90.12,91.31 1 0
github.com/23skdu/longbow/internal/query/zero_alloc_utils.go:93.9,95.4 1 1
github.com/23skdu/longbow/internal/query/zero_alloc_utils.go:97.2,97.12 1 1
github.com/23skdu/longbow/internal/query/zero_alloc_utils.go:100.41,101.15 1 1
github.com/23skdu/longbow/internal/query/zero_alloc_utils.go:101.15,104.3 2 1
github.com/23skdu/longbow/internal/query/zero_alloc_utils.go:105.2,105.16 1 1
github.com/23skdu/longbow/internal/query/zero_alloc_utils.go:105.16,109.3 3 1
github.com/23skdu/longbow/internal/query/zero_alloc_utils.go:110.2,110.17 1 1
github.com/23skdu/longbow/internal/query/zero_alloc_utils.go:110.17,115.3 4 1
github.com/23skdu/longbow/internal/query/zero_alloc_utils.go:116.2,116.19 1 1
github.com/23skdu/longbow/internal/query/zero_alloc_utils.go:116.19,122.3 5 1
github.com/23skdu/longbow/internal/query/zero_alloc_utils.go:123.2,123.10 1 1
github.com/23skdu/longbow/internal/query/zero_alloc_utils.go:126.59,128.41 2 1
github.com/23skdu/longbow/internal/query/zero_alloc_utils.go:128.41,130.3 1 0
github.com/23skdu/longbow/internal/query/zero_alloc_utils.go:131.2,131.62 1 1
github.com/23skdu/longbow/internal/query/zero_alloc_utils.go:131.62,133.3 1 0
github.com/23skdu/longbow/internal/query/zero_alloc_utils.go:134.2,134.62 1 1
github.com/23skdu/longbow/internal/query/zero_alloc_utils.go:134.62,136.3 1 1
github.com/23skdu/longbow/internal/query/zero_alloc_utils.go:137.2,139.16 3 1
github.com/23skdu/longbow/internal/query/zero_alloc_utils.go:139.16,141.3 1 0
github.com/23skdu/longbow/internal/query/zero_alloc_utils.go:142.2,142.22 1 1
github.com/23skdu/longbow/internal/query/zero_alloc_utils.go:145.63,147.41 2 1
github.com/23skdu/longbow/internal/query/zero_alloc_utils.go:147.41,149.3 1 0
github.com/23skdu/longbow/internal/query/zero_alloc_utils.go:150.2,150.62 1 1
github.com/23skdu/longbow/internal/query/zero_alloc_utils.go:150.62,152.3 1 0
github.com/23skdu/longbow/internal/query/zero_alloc_utils.go:153.2,153.62 1 1
github.com/23skdu/longbow/internal/query/zero_alloc_utils.go:153.62,155.3 1 1
github.com/23skdu/longbow/internal/query/zero_alloc_utils.go:156.2,156.41 1 1
github.com/23skdu/longbow/internal/query/zero_alloc_utils.go:156.41,158.63 2 1
github.com/23skdu/longbow/internal/query/zero_alloc_utils.go:158.63,160.4 1 1
github.com/23skdu/longbow/internal/query/zero_alloc_utils.go:162.2,162.63 1 1
github.com/23skdu/longbow/internal/query/zero_alloc_utils.go:162.63,164.64 2 0
github.com/23skdu/longbow/internal/query/zero_alloc_utils.go:164.64,166.4 1 0
github.com/23skdu/longbow/internal/query/zero_alloc_utils.go:167.3,167.63 1 0
github.com/23skdu/longbow/internal/query/zero_alloc_utils.go:167.63,169.4 1 0
github.com/23skdu/longbow/internal/query/zero_alloc_utils.go:171.2,172.16 2 1
github.com/23skdu/longbow/internal/query/zero_alloc_utils.go:172.16,174.3 1 0
github.com/23skdu/longbow/internal/query/zero_alloc_utils.go:175.2,175.31 1 1
github.com/23skdu/longbow/internal/query/zero_alloc_utils.go:178.57,179.61 1 1
github.com/23skdu/longbow/internal/query/zero_alloc_utils.go:179.61,181.3 1 1
github.com/23skdu/longbow/internal/query/zero_alloc_utils.go:182.2,182.62 1 0
github.com/23skdu/longbow/internal/query/zero_alloc_utils.go:182.62,184.3 1 0
github.com/23skdu/longbow/internal/query/zero_alloc_utils.go:185.2,185.51 1 0
github.com/23skdu/longbow/internal/query/zero_alloc_utils.go:188.51,190.22 2 1
github.com/23skdu/longbow/internal/query/zero_alloc_utils.go:190.22,192.3 1 0
github.com/23skdu/longbow/internal/query/zero_alloc_utils.go:193.2,193.19 1 1
github.com/23skdu/longbow/internal/query/zero_alloc_utils.go:194.11,195.31 1 1
github.com/23skdu/longbow/internal/query/zero_alloc_utils.go:196.11,197.30 1 1
github.com/23skdu/longbow/internal/query/zero_alloc_utils.go:198.11,200.21 2 1
github.com/23skdu/longbow/internal/query/zero_alloc_utils.go:201.21,202.32 1 1
github.com/23skdu/longbow/internal/query/zero_alloc_utils.go:203.10,204.31 1 1
github.com/23skdu/longbow/internal/query/zero_alloc_utils.go:208.53,209.61 1 1
github.com/23skdu/longbow/internal/query/zero_alloc_utils.go:209.61,211.3 1 1
github.com/23skdu/longbow/internal/query/zero_alloc_utils.go:212.2,212.62 1 1
github.com/23skdu/longbow/internal/query/zero_alloc_utils.go:212.62,214.3 1 1
github.com/23skdu/longbow/internal/query/zero_alloc_utils.go:215.2,215.61 1 1
github.com/23skdu/longbow/internal/query/zero_alloc_utils.go:215.61,217.3 1 1
github.com/23skdu/longbow/internal/query/zero_alloc_utils.go:218.2,218.44 1 1
github.com/23skdu/longbow/internal/query/zero_alloc_utils.go:221.52,223.41 2 1
github.com/23skdu/longbow/internal/query/zero_alloc_utils.go:223.41,225.3 1 1
github.com/23skdu/longbow/internal/query/zero_alloc_utils.go:226.2,226.62 1 1
github.com/23skdu/longbow/internal/query/zero_alloc_utils.go:226.62,228.3 1 0
github.com/23skdu/longbow/internal/query/zero_alloc_utils.go:229.2,229.62 1 1
github.com/23skdu/longbow/internal/query/zero_alloc_utils.go:229.62,231.3 1 1
github.com/23skdu/longbow/internal/query/zero_alloc_utils.go:232.2,232.41 1 1
github.com/23skdu/longbow/internal/query/zero_alloc_utils.go:232.41,234.63 2 1
github.com/23skdu/longbow/internal/query/zero_alloc_utils.go:234.63,236.4 1 1
github.com/23skdu/longbow/internal/query/zero_alloc_utils.go:238.2,238.63 1 1
github.com/23skdu/longbow/internal/query/zero_alloc_utils.go:238.63,240.64 2 1
github.com/23skdu/longbow/internal/query/zero_alloc_utils.go:240.64,242.4 1 1
github.com/23skdu/longbow/internal/query/zero_alloc_utils.go:243.3,243.63 1 1
github.com/23skdu/longbow/internal/query/zero_alloc_utils.go:243.63,245.4 1 1
github.com/23skdu/longbow/internal/query/zero_alloc_utils.go:247.2,247.17 1 1
github.com/23skdu/longbow/internal/query/zero_alloc_utils.go:250.52,252.22 2 1
github.com/23skdu/longbow/internal/query/zero_alloc_utils.go:252.22,254.23 2 1
github.com/23skdu/longbow/internal/query/zero_alloc_utils.go:254.23,256.4 1 0
github.com/23skdu/longbow/internal/query/zero_alloc_utils.go:257.3,257.23 1 1
github.com/23skdu/longbow/internal/query/zero_alloc_utils.go:257.23,259.4 1 1
github.com/23skdu/longbow/internal/query/zero_alloc_utils.go:260.3,262.17 3 1
github.com/23skdu/longbow/internal/query/zero_alloc_utils.go:262.17,264.4 1 1
github.com/23skdu/longbow/internal/query/zero_alloc_utils.go:265.3,266.43 2 1
github.com/23skdu/longbow/internal/query/zero_alloc_utils.go:266.43,268.4 1 0
github.com/23skdu/longbow/internal/query/zero_alloc_utils.go:269.3,271.17 3 1
github.com/23skdu/longbow/internal/query/zero_alloc_utils.go:271.17,273.4 1 0
github.com/23skdu/longbow/internal/query/zero_alloc_utils.go:274.3,275.42 2 1
github.com/23skdu/longbow/internal/query/zero_alloc_utils.go:275.42,277.4 1 1
github.com/23skdu/longbow/internal/query/zero_alloc_utils.go:279.2,279.43 1 0
github.com/23skdu/longbow/internal/query/zero_alloc_utils.go:282.51,284.22 2 1
github.com/23skdu/longbow/internal/query/zero_alloc_utils.go:284.22,286.23 2 1
github.com/23skdu/longbow/internal/query/zero_alloc_utils.go:286.23,288.4 1 0
github.com/23skdu/longbow/internal/query/zero_alloc_utils.go:289.3,289.23 1 1
github.com/23skdu/longbow/internal/query/zero_alloc_utils.go:289.23,291.4 1 1
github.com/23skdu/longbow/internal/query/zero_alloc_utils.go:292.3,294.17 3 1
github.com/23skdu/longbow/internal/query/zero_alloc_utils.go:294.17,296.4 1 0
github.com/23skdu/longbow/internal/query/zero_alloc_utils.go:297.3,298.42 2 1
github.com/23skdu/longbow/internal/query/zero_alloc_utils.go:298.42,300.4 1 1
github.com/23skdu/longbow/internal/query/zero_alloc_utils.go:302.2,302.42 1 0
github.com/23skdu/longbow/internal/query/zero_alloc_utils.go:305.34,307.2 1 0
github.com/23skdu/longbow/internal/query/zero_alloc_utils.go:309.66,311.42 2 1
github.com/23skdu/longbow/internal/query/zero_alloc_utils.go:311.42,313.3 1 0
github.com/23skdu/longbow/internal/query/zero_alloc_utils.go:314.2,315.22 2 1
github.com/23skdu/longbow/internal/query/zero_alloc_utils.go:315.22,317.43 2 1
github.com/23skdu/longbow/internal/query/zero_alloc_utils.go:317.43,318.23 1 1
github.com/23skdu/longbow/internal/query/zero_alloc_utils.go:318.23,320.5 1 1
github.com/23skdu/longbow/internal/query/zero_alloc_utils.go:321.4,321.22 1 1
github.com/23skdu/longbow/internal/query/zero_alloc_utils.go:323.3,324.17 2 1
github.com/23skdu/longbow/internal/query/zero_alloc_utils.go:324.17,326.4 1 0
github.com/23skdu/longbow/internal/query/zero_alloc_utils.go:327.3,329.43 3 1
github.com/23skdu/longbow/internal/query/zero_alloc_utils.go:329.43,331.4 1 0
github.com/23skdu/longbow/internal/query/zero_alloc_utils.go:332.3,334.14 3 1
github.com/23skdu/longbow/internal/query/zero_alloc_utils.go:335.16,337.18 2 1
github.com/23skdu/longbow/internal/query/zero_alloc_utils.go:337.18,339.5 1 0
github.com/23skdu/longbow/internal/query/zero_alloc_utils.go:340.4,341.16 2 1
github.com/23skdu/longbow/internal/query/zero_alloc_utils.go:342.25,344.18 2 1
github.com/23skdu/longbow/internal/query/zero_alloc_utils.go:344.18,346.5 1 0
github.com/23skdu/longbow/internal/query/zero_alloc_utils.go:347.4,348.16 2 1
github.com/23skdu/longbow/internal/query/zero_alloc_utils.go:349.16,350.24 1 1
github.com/23skdu/longbow/internal/query/zero_alloc_utils.go:350.24,352.19 2 1
github.com/23skdu/longbow/internal/query/zero_alloc_utils.go:352.19,354.6 1 0
github.com/23skdu/longbow/internal/query/zero_alloc_utils.go:355.5,356.17 2 1
github.com/23skdu/longbow/internal/query/zero_alloc_utils.go:357.10,359.168 2 0
github.com/23skdu/longbow/internal/query/zero_alloc_utils.go:359.168,361.6 1 0
github.com/23skdu/longbow/internal/query/zero_alloc_utils.go:362.5,362.42 1 0
github.com/23skdu/longbow/internal/query/zero_alloc_utils.go:364.16,366.18 2 1
github.com/23skdu/longbow/internal/query/zero_alloc_utils.go:366.18,368.5 1 0
github.com/23skdu/longbow/internal/query/zero_alloc_utils.go:369.4,370.16 2 1
github.com/23skdu/longbow/internal/query/zero_alloc_utils.go:371.18,374.18 3 1
github.com/23skdu/longbow/internal/query/zero_alloc_utils.go:374.18,376.5 1 0
github.com/23skdu/longbow/internal/query/zero_alloc_utils.go:377.4,378.16 2 1
github.com/23skdu/longbow/internal/query/zero_alloc_utils.go:379.11,381.18 2 0
github.com/23skdu/longbow/internal/query/zero_alloc_utils.go:381.18,383.5 1 0
github.com/23skdu/longbow/internal/query/zero_alloc_utils.go:385.3,386.42 2 1
github.com/23skdu/longbow/internal/query/zero_alloc_utils.go:386.42,388.4 1 1
github.com/23skdu/longbow/internal/query/zero_alloc_utils.go:390.2,390.20 1 0
github.com/23skdu/longbow/internal/query/zero_alloc_utils.go:393.82,394.42 1 1
github.com/23skdu/longbow/internal/query/zero_alloc_utils.go:394.42,396.3 1 1
github.com/23skdu/longbow/internal/query/zero_alloc_utils.go:397.2,398.22 2 1
github.com/23skdu/longbow/internal/query/zero_alloc_utils.go:398.22,400.43 2 1
github.com/23skdu/longbow/internal/query/zero_alloc_utils.go:400.43,401.23 1 1
github.com/23skdu/longbow/internal/query/zero_alloc_utils.go:401.23,403.5 1 1
github.com/23skdu/longbow/internal/query/zero_alloc_utils.go:404.4,404.19 1 1
github.com/23skdu/longbow/internal/query/zero_alloc_utils.go:406.3,407.17 2 1
github.com/23skdu/longbow/internal/query/zero_alloc_utils.go:407.17,409.4 1 0
github.com/23skdu/longbow/internal/query/zero_alloc_utils.go:410.3,413.42 4 1
github.com/23skdu/longbow/internal/query/zero_alloc_utils.go:413.42,415.4 1 1
github.com/23skdu/longbow/internal/query/zero_alloc_utils.go:417.2,417.17 1 0
github.com/23skdu/longbow/internal/query/zero_alloc_utils.go:420.91,421.42 1 1
github.com/23skdu/longbow/internal/query/zero_alloc_utils.go:421.42,423.3 1 0
github.com/23skdu/longbow/internal/query/zero_alloc_utils.go:424.2,426.22 3 1
github.com/23skdu/longbow/internal/query/zero_alloc_utils.go:426.22,428.43 2 1
github.com/23skdu/longbow/internal/query/zero_alloc_utils.go:428.43,429.23 1 1
github.com/23skdu/longbow/internal/query/zero_alloc_utils.go:429.23,431.5 1 1
github.com/23skdu/longbow/internal/query/zero_alloc_utils.go:432.4,432.24 1 1
github.com/23skdu/longbow/internal/query/zero_alloc_utils.go:434.3,435.17 2 1
github.com/23skdu/longbow/internal/query/zero_alloc_utils.go:435.17,437.4 1 0
github.com/23skdu/longbow/internal/query/zero_alloc_utils.go:438.3,441.42 4 1
github.com/23skdu/longbow/internal/query/zero_alloc_utils.go:441.42,443.4 1 1
github.com/23skdu/longbow/internal/query/zero_alloc_utils.go:445.2,445.47 1 0
github.com/23skdu/longbow/internal/query/zero_alloc_utils.go:448.88,450.42 2 1
github.com/23skdu/longbow/internal/query/zero_alloc_utils.go:450.42,452.3 1 0
github.com/23skdu/longbow/internal/query/zero_alloc_utils.go:453.2,454.22 2 1
github.com/23skdu/longbow/internal/query/zero_alloc_utils.go:454.22,456.43 2 1
github.com/23skdu/longbow/internal/query/zero_alloc_utils.go:456.43,457.23 1 1
github.com/23skdu/longbow/internal/query/zero_alloc_utils.go:457.23,459.5 1 1
github.com/23skdu/longbow/internal/query/zero_alloc_utils.go:460.4,460.23 1 1
github.com/23skdu/longbow/internal/query/zero_alloc_utils.go:462.3,463.17 2 1
github.com/23skdu/longbow/internal/query/zero_alloc_utils.go:463.17,465.4 1 0
github.com/23skdu/longbow/internal/query/zero_alloc_utils.go:466.3,468.43 3 1
github.com/23skdu/longbow/internal/query/zero_alloc_utils.go:468.43,470.4 1 0
github.com/23skdu/longbow/internal/query/zero_alloc_utils.go:471.3,473.14 3 1
github.com/23skdu/longbow/internal/query/zero_alloc_utils.go:474.15,476.18 2 1
github.com/23skdu/longbow/internal/query/zero_alloc_utils.go:476.18,478.5 1 0
github.com/23skdu/longbow/internal/query/zero_alloc_utils.go:479.4,480.16 2 1
github.com/23skdu/longbow/internal/query/zero_alloc_utils.go:481.13,483.18 2 1
github.com/23skdu/longbow/internal/query/zero_alloc_utils.go:483.18,485.5 1 0
github.com/23skdu/longbow/internal/query/zero_alloc_utils.go:486.4,487.16 2 1
github.com/23skdu/longbow/internal/query/zero_alloc_utils.go:488.16,490.18 2 0
github.com/23skdu/longbow/internal/query/zero_alloc_utils.go:490.18,492.5 1 0
github.com/23skdu/longbow/internal/query/zero_alloc_utils.go:493.4,494.16 2 0
github.com/23skdu/longbow/internal/query/zero_alloc_utils.go:495.15,497.18 2 1
github.com/23skdu/longbow/internal/query/zero_alloc_utils.go:497.18,499.5 1 0
github.com/23skdu/longbow/internal/query/zero_alloc_utils.go:500.4,501.16 2 1
github.com/23skdu/longbow/internal/query/zero_alloc_utils.go:502.11,504.18 2 0
github.com/23skdu/longbow/internal/query/zero_alloc_utils.go:504.18,506.5 1 0
github.com/23skdu/longbow/internal/query/zero_alloc_utils.go:508.3,509.42 2 1
github.com/23skdu/longbow/internal/query/zero_alloc_utils.go:509.42,511.4 1 1
github.com/23skdu/longbow/internal/query/zero_alloc_utils.go:513.2,513.21 1 0
github.com/23skdu/longbow/internal/query/zero_alloc_utils.go:516.80,518.42 2 1
github.com/23skdu/longbow/internal/query/zero_alloc_utils.go:518.42,520.3 1 0
github.com/23skdu/longbow/internal/query/zero_alloc_utils.go:521.2,522.22 2 1
github.com/23skdu/longbow/internal/query/zero_alloc_utils.go:522.22,524.43 2 1
github.com/23skdu/longbow/internal/query/zero_alloc_utils.go:524.43,525.23 1 1
github.com/23skdu/longbow/internal/query/zero_alloc_utils.go:525.23,527.5 1 1
github.com/23skdu/longbow/internal/query/zero_alloc_utils.go:528.4,528.25 1 1
github.com/23skdu/longbow/internal/query/zero_alloc_utils.go:530.3,531.17 2 1
github.com/23skdu/longbow/internal/query/zero_alloc_utils.go:531.17,533.4 1 0
github.com/23skdu/longbow/internal/query/zero_alloc_utils.go:534.3,536.43 3 1
github.com/23skdu/longbow/internal/query/zero_alloc_utils.go:536.43,538.4 1 0
github.com/23skdu/longbow/internal/query/zero_alloc_utils.go:539.3,541.14 3 1
github.com/23skdu/longbow/internal/query/zero_alloc_utils.go:542.23,543.24 1 1
github.com/23skdu/longbow/internal/query/zero_alloc_utils.go:543.24,545.5 1 0
github.com/23skdu/longbow/internal/query/zero_alloc_utils.go:546.4,547.24 2 1
github.com/23skdu/longbow/internal/query/zero_alloc_utils.go:547.24,549.25 2 1
github.com/23skdu/longbow/internal/query/zero_alloc_utils.go:549.25,551.11 2 1
github.com/23skdu/longbow/internal/query/zero_alloc_utils.go:553.5,554.19 2 1
github.com/23skdu/longbow/internal/query/zero_alloc_utils.go:554.19,556.6 1 0
github.com/23skdu/longbow/internal/query/zero_alloc_utils.go:557.5,560.44 4 1
github.com/23skdu/longbow/internal/query/zero_alloc_utils.go:560.44,562.6 1 0
github.com/23skdu/longbow/internal/query/zero_alloc_utils.go:564.19,565.24 1 1
github.com/23skdu/longbow/internal/query/zero_alloc_utils.go:565.24,567.5 1 0
github.com/23skdu/longbow/internal/query/zero_alloc_utils.go:568.4,569.24 2 1
github.com/23skdu/longbow/internal/query/zero_alloc_utils.go:569.24,571.25 2 1
github.com/23skdu/longbow/internal/query/zero_alloc_utils.go:571.25,573.11 2 1
github.com/23skdu/longbow/internal/query/zero_alloc_utils.go:575.5,576.19 2 1
github.com/23skdu/longbow/internal/query/zero_alloc_utils.go:576.19,578.6 1 0
github.com/23skdu/longbow/internal/query/zero_alloc_utils.go:579.5,582.44 4 1
github.com/23skdu/longbow/internal/query/zero_alloc_utils.go:582.44,584.6 1 0
github.com/23skdu/longbow/internal/query/zero_alloc_utils.go:586.11,588.18 2 0
github.com/23skdu/longbow/internal/query/zero_alloc_utils.go:588.18,590.5 1 0
github.com/23skdu/longbow/internal/query/zero_alloc_utils.go:592.3,593.42 2 1
github.com/23skdu/longbow/internal/query/zero_alloc_utils.go:593.42,595.4 1 1
github.com/23skdu/longbow/internal/query/zero_alloc_utils.go:597.2,597.23 1 0
github.com/23skdu/longbow/internal/query/zero_alloc_utils.go:600.82,602.42 2 1
github.com/23skdu/longbow/internal/query/zero_alloc_utils.go:602.42,604.3 1 0
github.com/23skdu/longbow/internal/query/zero_alloc_utils.go:605.2,606.22 2 1
github.com/23skdu/longbow/internal/query/zero_alloc_utils.go:606.22,608.43 2 1
github.com/23skdu/longbow/internal/query/zero_alloc_utils.go:608.43,609.23 1 1
github.com/23skdu/longbow/internal/query/zero_alloc_utils.go:609.23,611.5 1 1
github.com/23skdu/longbow/internal/query/zero_alloc_utils.go:612.4,612.26 1 1
github.com/23skdu/longbow/internal/query/zero_alloc_utils.go:614.3,615.17 2 1
github.com/23skdu/longbow/internal/query/zero_alloc_utils.go:615.17,617.4 1 0
github.com/23skdu/longbow/internal/query/zero_alloc_utils.go:618.3,620.43 3 1
github.com/23skdu/longbow/internal/query/zero_alloc_utils.go:620.43,622.4 1 0
github.com/23skdu/longbow/internal/query/zero_alloc_utils.go:623.3,625.14 3 1
github.com/23skdu/longbow/internal/query/zero_alloc_utils.go:626.16,628.18 2 1
github.com/23skdu/longbow/internal/query/zero_alloc_utils.go:628.18,630.5 1 0
github.com/23skdu/longbow/internal/query/zero_alloc_utils.go:631.4,632.16 2 1
github.com/23skdu/longbow/internal/query/zero_alloc_utils.go:633.29,635.18 2 1
github.com/23skdu/longbow/internal/query/zero_alloc_utils.go:635.18,637.5 1 0
github.com/23skdu/longbow/internal/query/zero_alloc_utils.go:638.4,639.16 2 1
github.com/23skdu/longbow/internal/query/zero_alloc_utils.go:640.11,642.18 2 0
github.com/23skdu/longbow/internal/query/zero_alloc_utils.go:642.18,644.5 1 0
github.com/23skdu/longbow/internal/query/zero_alloc_utils.go:646.3,647.42 2 1
github.com/23skdu/longbow/internal/query/zero_alloc_utils.go:647.42,649.4 1 1
github.com/23skdu/longbow/internal/query/zero_alloc_utils.go:651.2,651.24 1 0
github.com/23skdu/longbow/internal/query/zero_alloc_vector_search.go:22.103,28.2 1 1
github.com/23skdu/longbow/internal/query/zero_alloc_vector_search.go:33.87,43.20 8 1
github.com/23skdu/longbow/internal/query/zero_alloc_vector_search.go:43.20,45.3 1 0
github.com/23skdu/longbow/internal/query/zero_alloc_vector_search.go:47.2,48.38 2 1
github.com/23skdu/longbow/internal/query/zero_alloc_vector_search.go:48.38,50.3 1 0
github.com/23skdu/longbow/internal/query/zero_alloc_vector_search.go:51.2,53.20 2 1
github.com/23skdu/longbow/internal/query/zero_alloc_vector_search.go:53.20,55.21 2 1
github.com/23skdu/longbow/internal/query/zero_alloc_vector_search.go:55.21,57.4 1 0
github.com/23skdu/longbow/internal/query/zero_alloc_vector_search.go:59.3,59.21 1 1
github.com/23skdu/longbow/internal/query/zero_alloc_vector_search.go:59.21,62.26 2 1
github.com/23skdu/longbow/internal/query/zero_alloc_vector_search.go:62.26,65.5 2 0
github.com/23skdu/longbow/internal/query/zero_alloc_vector_search.go:65.10,67.5 1 1
github.com/23skdu/longbow/internal/query/zero_alloc_vector_search.go:68.4,68.24 1 1
github.com/23skdu/longbow/internal/query/zero_alloc_vector_search.go:71.3,71.21 1 1
github.com/23skdu/longbow/internal/query/zero_alloc_vector_search.go:71.21,73.4 1 0
github.com/23skdu/longbow/internal/query/zero_alloc_vector_search.go:75.3,76.17 2 1
github.com/23skdu/longbow/internal/query/zero_alloc_vector_search.go:76.17,78.4 1 0
github.com/23skdu/longbow/internal/query/zero_alloc_vector_search.go:79.3,82.39 3 1
github.com/23skdu/longbow/internal/query/zero_alloc_vector_search.go:82.39,84.4 1 0
github.com/23skdu/longbow/internal/query/zero_alloc_vector_search.go:85.3,88.14 3 1
github.com/23skdu/longbow/internal/query/zero_alloc_vector_search.go:89.18,91.18 2 1
github.com/23skdu/longbow/internal/query/zero_alloc_vector_search.go:91.18,93.5 1 0
github.com/23skdu/longbow/internal/query/zero_alloc_vector_search.go:94.4,95.14 2 1
github.com/23skdu/longbow/internal/query/zero_alloc_vector_search.go:96.12,98.18 2 1
github.com/23skdu/longbow/internal/query/zero_alloc_vector_search.go:98.18,100.5 1 0
github.com/23skdu/longbow/internal/query/zero_alloc_vector_search.go:101.4,102.14 2 1
github.com/23skdu/longbow/internal/query/zero_alloc_vector_search.go:103.17,105.18 2 1
github.com/23skdu/longbow/internal/query/zero_alloc_vector_search.go:105.18,107.5 1 0
github.com/23skdu/longbow/internal/query/zero_alloc_vector_search.go:108.4,108.14 1 1
github.com/23skdu/longbow/internal/query/zero_alloc_vector_search.go:109.18,111.18 2 0
github.com/23skdu/longbow/internal/query/zero_alloc_vector_search.go:111.18,113.5 1 0
github.com/23skdu/longbow/internal/query/zero_alloc_vector_search.go:114.4,114.14 1 0
github.com/23skdu/longbow/internal/query/zero_alloc_vector_search.go:115.21,117.18 2 0
github.com/23skdu/longbow/internal/query/zero_alloc_vector_search.go:117.18,119.5 1 0
github.com/23skdu/longbow/internal/query/zero_alloc_vector_search.go:120.4,121.14 2 0
github.com/23skdu/longbow/internal/query/zero_alloc_vector_search.go:122.21,124.57 1 0
github.com/23skdu/longbow/internal/query/zero_alloc_vector_search.go:124.57,127.5 2 0
github.com/23skdu/longbow/internal/query/zero_alloc_vector_search.go:127.10,129.19 2 0
github.com/23skdu/longbow/internal/query/zero_alloc_vector_search.go:129.19,131.6 1 0
github.com/23skdu/longbow/internal/query/zero_alloc_vector_search.go:132.5,133.15 2 0
github.com/23skdu/longbow/internal/query/zero_alloc_vector_search.go:135.16,137.18 2 1
github.com/23skdu/longbow/internal/query/zero_alloc_vector_search.go:137.18,139.5 1 0
github.com/23skdu/longbow/internal/query/zero_alloc_vector_search.go:140.4,141.14 2 1
github.com/23skdu/longbow/internal/query/zero_alloc_vector_search.go:142.22,144.18 2 0
github.com/23skdu/longbow/internal/query/zero_alloc_vector_search.go:144.18,146.5 1 0
github.com/23skdu/longbow/internal/query/zero_alloc_vector_search.go:147.4,148.14 2 0
github.com/23skdu/longbow/internal/query/zero_alloc_vector_search.go:149.26,151.18 2 0
github.com/23skdu/longbow/internal/query/zero_alloc_vector_search.go:151.18,153.5 1 0
github.com/23skdu/longbow/internal/query/zero_alloc_vector_search.go:154.4,155.14 2 0
github.com/23skdu/longbow/internal/query/zero_alloc_vector_search.go:156.24,158.57 1 0
github.com/23skdu/longbow/internal/query/zero_alloc_vector_search.go:158.57,161.5 2 0
github.com/23skdu/longbow/internal/query/zero_alloc_vector_search.go:161.10,163.19 2 0
github.com/23skdu/longbow/internal/query/zero_alloc_vector_search.go:163.19,165.6 1 0
github.com/23skdu/longbow/internal/query/zero_alloc_vector_search.go:166.5,167.15 2 0
github.com/23skdu/longbow/internal/query/zero_alloc_vector_search.go:169.27,171.18 2 0
github.com/23skdu/longbow/internal/query/zero_alloc_vector_search.go:171.18,173.5 1 0
github.com/23skdu/longbow/internal/query/zero_alloc_vector_search.go:174.4,175.14 2 0
github.com/23skdu/longbow/internal/query/zero_alloc_vector_search.go:176.11,180.56 2 1
github.com/23skdu/longbow/internal/query/zero_alloc_vector_search.go:183.3,184.38 2 1
github.com/23skdu/longbow/internal/query/zero_alloc_vector_search.go:184.38,186.4 1 1
github.com/23skdu/longbow/internal/query/zero_alloc_vector_search.go:189.2,189.55 1 0
github.com/23skdu/longbow/internal/query/zero_alloc_vector_search.go:193.92,194.42 1 1
github.com/23skdu/longbow/internal/query/zero_alloc_vector_search.go:194.42,196.3 1 0
github.com/23skdu/longbow/internal/query/zero_alloc_vector_search.go:197.2,199.22 2 1
github.com/23skdu/longbow/internal/query/zero_alloc_vector_search.go:199.22,201.23 2 1
github.com/23skdu/longbow/internal/query/zero_alloc_vector_search.go:201.23,203.4 1 0
github.com/23skdu/longbow/internal/query/zero_alloc_vector_search.go:205.3,205.23 1 1
github.com/23skdu/longbow/internal/query/zero_alloc_vector_search.go:205.23,207.4 1 1
github.com/23skdu/longbow/internal/query/zero_alloc_vector_search.go:210.3,211.17 2 1
github.com/23skdu/longbow/internal/query/zero_alloc_vector_search.go:211.17,213.4 1 0
github.com/23skdu/longbow/internal/query/zero_alloc_vector_search.go:214.3,218.42 4 1
github.com/23skdu/longbow/internal/query/zero_alloc_vector_search.go:218.42,222.45 3 1
github.com/23skdu/longbow/internal/query/zero_alloc_vector_search.go:222.45,224.5 1 0
github.com/23skdu/longbow/internal/query/zero_alloc_vector_search.go:228.2,228.58 1 0
github.com/23skdu/longbow/internal/query/zero_alloc_vector_search.go:232.87,234.2 1 0
