mode: set
github.com/23skdu/longbow/internal/simd/batch_operations.go:17.103,18.34 1 1
github.com/23skdu/longbow/internal/simd/batch_operations.go:18.34,20.3 1 0
github.com/23skdu/longbow/internal/simd/batch_operations.go:21.2,21.23 1 1
github.com/23skdu/longbow/internal/simd/batch_operations.go:21.23,23.3 1 0
github.com/23skdu/longbow/internal/simd/batch_operations.go:24.2,24.63 1 1
github.com/23skdu/longbow/internal/simd/batch_operations.go:29.92,30.34 1 1
github.com/23skdu/longbow/internal/simd/batch_operations.go:30.34,32.3 1 0
github.com/23skdu/longbow/internal/simd/batch_operations.go:33.2,33.23 1 1
github.com/23skdu/longbow/internal/simd/batch_operations.go:33.23,35.3 1 0
github.com/23skdu/longbow/internal/simd/batch_operations.go:36.2,37.17 2 1
github.com/23skdu/longbow/internal/simd/batch_operations.go:37.17,38.29 1 0
github.com/23skdu/longbow/internal/simd/batch_operations.go:38.29,39.33 1 0
github.com/23skdu/longbow/internal/simd/batch_operations.go:39.33,41.13 2 0
github.com/23skdu/longbow/internal/simd/batch_operations.go:43.4,44.18 2 0
github.com/23skdu/longbow/internal/simd/batch_operations.go:46.3,46.13 1 0
github.com/23skdu/longbow/internal/simd/batch_operations.go:48.2,48.17 1 1
github.com/23skdu/longbow/internal/simd/batch_operations.go:48.17,49.29 1 1
github.com/23skdu/longbow/internal/simd/batch_operations.go:49.29,50.33 1 1
github.com/23skdu/longbow/internal/simd/batch_operations.go:50.33,52.13 2 0
github.com/23skdu/longbow/internal/simd/batch_operations.go:54.4,55.18 2 1
github.com/23skdu/longbow/internal/simd/batch_operations.go:57.3,57.13 1 1
github.com/23skdu/longbow/internal/simd/batch_operations.go:59.2,59.72 1 1
github.com/23skdu/longbow/internal/simd/batch_operations.go:64.110,65.21 1 0
github.com/23skdu/longbow/internal/simd/batch_operations.go:65.21,67.3 1 0
github.com/23skdu/longbow/internal/simd/batch_operations.go:68.2,68.17 1 0
github.com/23skdu/longbow/internal/simd/batch_operations.go:68.17,69.35 1 0
github.com/23skdu/longbow/internal/simd/batch_operations.go:69.35,74.4 4 0
github.com/23skdu/longbow/internal/simd/batch_operations.go:75.3,75.13 1 0
github.com/23skdu/longbow/internal/simd/batch_operations.go:77.2,77.17 1 0
github.com/23skdu/longbow/internal/simd/batch_operations.go:77.17,78.35 1 0
github.com/23skdu/longbow/internal/simd/batch_operations.go:78.35,83.4 4 0
github.com/23skdu/longbow/internal/simd/batch_operations.go:84.3,84.13 1 0
github.com/23skdu/longbow/internal/simd/batch_operations.go:86.2,86.98 1 0
github.com/23skdu/longbow/internal/simd/batch_operations.go:91.100,92.34 1 0
github.com/23skdu/longbow/internal/simd/batch_operations.go:92.34,94.3 1 0
github.com/23skdu/longbow/internal/simd/batch_operations.go:95.2,95.23 1 0
github.com/23skdu/longbow/internal/simd/batch_operations.go:95.23,97.3 1 0
github.com/23skdu/longbow/internal/simd/batch_operations.go:98.2,99.32 2 0
github.com/23skdu/longbow/internal/simd/batch_operations.go:99.32,102.3 1 0
github.com/23skdu/longbow/internal/simd/batch_operations.go:103.2,103.68 1 0
github.com/23skdu/longbow/internal/simd/batch_operations.go:107.89,108.34 1 1
github.com/23skdu/longbow/internal/simd/batch_operations.go:108.34,110.3 1 0
github.com/23skdu/longbow/internal/simd/batch_operations.go:111.2,111.23 1 1
github.com/23skdu/longbow/internal/simd/batch_operations.go:111.23,113.3 1 0
github.com/23skdu/longbow/internal/simd/batch_operations.go:114.2,114.63 1 1
github.com/23skdu/longbow/internal/simd/batch_operations.go:119.90,120.44 1 0
github.com/23skdu/longbow/internal/simd/batch_operations.go:120.44,122.3 1 0
github.com/23skdu/longbow/internal/simd/batch_operations.go:123.2,123.12 1 0
github.com/23skdu/longbow/internal/simd/batch_operations.go:123.12,125.3 1 0
github.com/23skdu/longbow/internal/simd/batch_operations.go:126.2,126.59 1 0
github.com/23skdu/longbow/internal/simd/batch_operations.go:131.89,132.23 1 1
github.com/23skdu/longbow/internal/simd/batch_operations.go:132.23,134.3 1 0
github.com/23skdu/longbow/internal/simd/batch_operations.go:135.2,135.33 1 1
github.com/23skdu/longbow/internal/simd/batch_operations.go:135.33,137.3 1 0
github.com/23skdu/longbow/internal/simd/batch_operations.go:138.2,141.12 4 1
github.com/23skdu/longbow/internal/simd/batch_operations.go:146.85,147.23 1 1
github.com/23skdu/longbow/internal/simd/batch_operations.go:147.23,149.3 1 0
github.com/23skdu/longbow/internal/simd/batch_operations.go:150.2,150.33 1 1
github.com/23skdu/longbow/internal/simd/batch_operations.go:150.33,152.3 1 0
github.com/23skdu/longbow/internal/simd/batch_operations.go:153.2,156.12 4 1
github.com/23skdu/longbow/internal/simd/batch_operations.go:160.39,162.24 2 0
github.com/23skdu/longbow/internal/simd/batch_operations.go:162.24,164.3 1 0
github.com/23skdu/longbow/internal/simd/batch_operations.go:165.2,165.12 1 0
github.com/23skdu/longbow/internal/simd/batch_operations.go:168.48,169.19 1 1
github.com/23skdu/longbow/internal/simd/batch_operations.go:169.19,171.3 1 0
github.com/23skdu/longbow/internal/simd/batch_operations.go:172.2,174.41 3 1
github.com/23skdu/longbow/internal/simd/bitops_arm64.go:9.13,12.2 1 1
github.com/23skdu/longbow/internal/simd/bitops_arm64.go:17.37,18.17 1 1
github.com/23skdu/longbow/internal/simd/bitops_arm64.go:18.17,20.3 1 1
github.com/23skdu/longbow/internal/simd/bitops_arm64.go:21.2,21.80 1 1
github.com/23skdu/longbow/internal/simd/cpu_detection.go:25.18,48.9 6 1
github.com/23skdu/longbow/internal/simd/cpu_detection.go:49.26,50.28 1 0
github.com/23skdu/longbow/internal/simd/cpu_detection.go:51.24,53.71 1 0
github.com/23skdu/longbow/internal/simd/cpu_detection.go:53.71,55.4 1 0
github.com/23skdu/longbow/internal/simd/cpu_detection.go:55.9,57.4 1 0
github.com/23skdu/longbow/internal/simd/cpu_detection.go:58.24,59.26 1 1
github.com/23skdu/longbow/internal/simd/cpu_detection.go:60.10,61.29 1 0
github.com/23skdu/longbow/internal/simd/cpu_detection.go:66.35,68.2 1 1
github.com/23skdu/longbow/internal/simd/cpu_detection.go:71.33,73.2 1 1
github.com/23skdu/longbow/internal/simd/dispatch.go:87.27,89.13 2 1
github.com/23skdu/longbow/internal/simd/dispatch.go:89.13,92.3 1 0
github.com/23skdu/longbow/internal/simd/dispatch.go:93.2,94.24 2 1
github.com/23skdu/longbow/internal/simd/dispatch.go:95.16,118.23 22 1
github.com/23skdu/longbow/internal/simd/dispatch.go:118.23,120.4 1 0
github.com/23skdu/longbow/internal/simd/dispatch.go:120.9,122.4 1 1
github.com/23skdu/longbow/internal/simd/dispatch.go:123.3,136.63 13 1
github.com/23skdu/longbow/internal/simd/dispatch.go:137.14,175.50 37 1
github.com/23skdu/longbow/internal/simd/dispatch.go:176.14,217.56 40 1
github.com/23skdu/longbow/internal/simd/dispatch.go:218.10,256.56 38 1
github.com/23skdu/longbow/internal/simd/dispatch.go:264.2,330.83 49 1
github.com/23skdu/longbow/internal/simd/dispatch.go:334.76,335.22 1 1
github.com/23skdu/longbow/internal/simd/dispatch.go:335.22,337.3 1 0
github.com/23skdu/longbow/internal/simd/dispatch.go:338.2,338.17 1 1
github.com/23skdu/longbow/internal/simd/dispatch.go:338.17,340.3 1 0
github.com/23skdu/longbow/internal/simd/dispatch.go:342.2,346.19 4 1
github.com/23skdu/longbow/internal/simd/dispatch.go:346.19,348.3 1 1
github.com/23skdu/longbow/internal/simd/dispatch.go:350.2,351.15 2 1
github.com/23skdu/longbow/internal/simd/dispatch.go:351.15,353.3 1 1
github.com/23skdu/longbow/internal/simd/dispatch.go:355.2,355.28 1 1
github.com/23skdu/longbow/internal/simd/dispatch.go:356.39,357.17 1 1
github.com/23skdu/longbow/internal/simd/dispatch.go:358.20,359.39 1 1
github.com/23skdu/longbow/internal/simd/dispatch.go:359.39,362.4 2 1
github.com/23skdu/longbow/internal/simd/dispatch.go:363.23,364.43 1 0
github.com/23skdu/longbow/internal/simd/dispatch.go:364.43,367.4 2 0
github.com/23skdu/longbow/internal/simd/dispatch.go:368.10,369.75 1 0
github.com/23skdu/longbow/internal/simd/dispatch.go:371.2,371.77 1 0
github.com/23skdu/longbow/internal/simd/dispatch.go:375.44,377.26 2 1
github.com/23skdu/longbow/internal/simd/dispatch.go:378.15,379.25 1 1
github.com/23skdu/longbow/internal/simd/dispatch.go:380.19,381.25 1 0
github.com/23skdu/longbow/internal/simd/dispatch.go:382.12,383.22 1 1
github.com/23skdu/longbow/internal/simd/dispatch.go:384.13,385.23 1 1
github.com/23skdu/longbow/internal/simd/dispatch.go:386.13,387.23 1 1
github.com/23skdu/longbow/internal/simd/dispatch.go:388.14,389.24 1 1
github.com/23skdu/longbow/internal/simd/dispatch.go:390.13,391.23 1 1
github.com/23skdu/longbow/internal/simd/dispatch.go:392.14,393.24 1 0
github.com/23skdu/longbow/internal/simd/dispatch.go:394.13,395.23 1 1
github.com/23skdu/longbow/internal/simd/dispatch.go:396.14,397.24 1 0
github.com/23skdu/longbow/internal/simd/dispatch.go:398.15,399.25 1 1
github.com/23skdu/longbow/internal/simd/dispatch.go:400.17,401.27 1 0
github.com/23skdu/longbow/internal/simd/dispatch.go:402.18,403.28 1 0
github.com/23skdu/longbow/internal/simd/dispatch.go:405.2,405.24 1 0
github.com/23skdu/longbow/internal/simd/distance_functions.go:16.57,17.22 1 1
github.com/23skdu/longbow/internal/simd/distance_functions.go:17.22,19.3 1 1
github.com/23skdu/longbow/internal/simd/distance_functions.go:20.2,20.17 1 1
github.com/23skdu/longbow/internal/simd/distance_functions.go:20.17,22.3 1 1
github.com/23skdu/longbow/internal/simd/distance_functions.go:24.2,26.22 2 1
github.com/23skdu/longbow/internal/simd/distance_functions.go:26.22,27.23 1 1
github.com/23skdu/longbow/internal/simd/distance_functions.go:27.23,29.4 1 0
github.com/23skdu/longbow/internal/simd/distance_functions.go:30.3,30.23 1 1
github.com/23skdu/longbow/internal/simd/distance_functions.go:30.23,32.4 1 1
github.com/23skdu/longbow/internal/simd/distance_functions.go:33.3,33.52 1 0
github.com/23skdu/longbow/internal/simd/distance_functions.go:35.2,35.22 1 1
github.com/23skdu/longbow/internal/simd/distance_functions.go:35.22,37.3 1 1
github.com/23skdu/longbow/internal/simd/distance_functions.go:39.2,39.22 1 1
github.com/23skdu/longbow/internal/simd/distance_functions.go:39.22,41.3 1 1
github.com/23skdu/longbow/internal/simd/distance_functions.go:42.2,42.48 1 1
github.com/23skdu/longbow/internal/simd/distance_functions.go:47.49,48.22 1 1
github.com/23skdu/longbow/internal/simd/distance_functions.go:48.22,50.3 1 0
github.com/23skdu/longbow/internal/simd/distance_functions.go:51.2,51.17 1 1
github.com/23skdu/longbow/internal/simd/distance_functions.go:51.17,53.3 1 0
github.com/23skdu/longbow/internal/simd/distance_functions.go:54.2,54.28 1 1
github.com/23skdu/longbow/internal/simd/distance_functions.go:59.54,60.22 1 1
github.com/23skdu/longbow/internal/simd/distance_functions.go:60.22,62.3 1 1
github.com/23skdu/longbow/internal/simd/distance_functions.go:63.2,63.17 1 1
github.com/23skdu/longbow/internal/simd/distance_functions.go:63.17,65.3 1 1
github.com/23skdu/longbow/internal/simd/distance_functions.go:66.2,66.45 1 1
github.com/23skdu/longbow/internal/simd/distance_functions.go:71.50,72.22 1 1
github.com/23skdu/longbow/internal/simd/distance_functions.go:72.22,74.3 1 0
github.com/23skdu/longbow/internal/simd/distance_functions.go:75.2,75.17 1 1
github.com/23skdu/longbow/internal/simd/distance_functions.go:75.17,77.3 1 0
github.com/23skdu/longbow/internal/simd/distance_functions.go:78.2,78.19 1 1
github.com/23skdu/longbow/internal/simd/distance_functions.go:78.19,80.3 1 1
github.com/23skdu/longbow/internal/simd/distance_functions.go:81.2,81.19 1 1
github.com/23skdu/longbow/internal/simd/distance_functions.go:81.19,83.3 1 1
github.com/23skdu/longbow/internal/simd/distance_functions.go:85.2,85.19 1 1
github.com/23skdu/longbow/internal/simd/distance_functions.go:85.19,87.3 1 1
github.com/23skdu/longbow/internal/simd/distance_functions.go:88.2,88.41 1 1
github.com/23skdu/longbow/internal/simd/distance_functions.go:92.64,93.22 1 1
github.com/23skdu/longbow/internal/simd/distance_functions.go:93.22,95.3 1 1
github.com/23skdu/longbow/internal/simd/distance_functions.go:96.2,96.17 1 1
github.com/23skdu/longbow/internal/simd/distance_functions.go:96.17,98.3 1 0
github.com/23skdu/longbow/internal/simd/distance_functions.go:99.2,99.39 1 1
github.com/23skdu/longbow/internal/simd/distance_functions.go:103.61,104.22 1 1
github.com/23skdu/longbow/internal/simd/distance_functions.go:104.22,106.3 1 0
github.com/23skdu/longbow/internal/simd/distance_functions.go:107.2,107.17 1 1
github.com/23skdu/longbow/internal/simd/distance_functions.go:107.17,109.3 1 0
github.com/23skdu/longbow/internal/simd/distance_functions.go:110.2,110.36 1 1
github.com/23skdu/longbow/internal/simd/distance_functions.go:114.57,115.22 1 1
github.com/23skdu/longbow/internal/simd/distance_functions.go:115.22,117.3 1 0
github.com/23skdu/longbow/internal/simd/distance_functions.go:118.2,118.17 1 1
github.com/23skdu/longbow/internal/simd/distance_functions.go:118.17,120.3 1 0
github.com/23skdu/longbow/internal/simd/distance_functions.go:121.2,121.32 1 1
github.com/23skdu/longbow/internal/simd/distance_functions.go:126.64,127.22 1 1
github.com/23skdu/longbow/internal/simd/distance_functions.go:127.22,129.3 1 1
github.com/23skdu/longbow/internal/simd/distance_functions.go:130.2,130.17 1 1
github.com/23skdu/longbow/internal/simd/distance_functions.go:130.17,132.3 1 0
github.com/23skdu/longbow/internal/simd/distance_functions.go:134.2,134.19 1 1
github.com/23skdu/longbow/internal/simd/distance_functions.go:134.19,136.3 1 0
github.com/23skdu/longbow/internal/simd/distance_functions.go:137.2,137.43 1 1
github.com/23skdu/longbow/internal/simd/distance_functions.go:142.61,143.22 1 1
github.com/23skdu/longbow/internal/simd/distance_functions.go:143.22,145.3 1 1
github.com/23skdu/longbow/internal/simd/distance_functions.go:146.2,146.17 1 1
github.com/23skdu/longbow/internal/simd/distance_functions.go:146.17,148.3 1 1
github.com/23skdu/longbow/internal/simd/distance_functions.go:149.2,149.40 1 1
github.com/23skdu/longbow/internal/simd/distance_functions.go:153.68,154.22 1 1
github.com/23skdu/longbow/internal/simd/distance_functions.go:154.22,156.3 1 0
github.com/23skdu/longbow/internal/simd/distance_functions.go:157.2,157.17 1 1
github.com/23skdu/longbow/internal/simd/distance_functions.go:157.17,159.3 1 0
github.com/23skdu/longbow/internal/simd/distance_functions.go:161.2,164.36 3 1
github.com/23skdu/longbow/internal/simd/distance_functions.go:168.70,169.22 1 1
github.com/23skdu/longbow/internal/simd/distance_functions.go:169.22,171.3 1 0
github.com/23skdu/longbow/internal/simd/distance_functions.go:172.2,172.17 1 1
github.com/23skdu/longbow/internal/simd/distance_functions.go:172.17,174.3 1 0
github.com/23skdu/longbow/internal/simd/distance_functions.go:183.2,186.43 3 1
github.com/23skdu/longbow/internal/simd/distance_functions.go:190.53,191.22 1 1
github.com/23skdu/longbow/internal/simd/distance_functions.go:191.22,193.3 1 0
github.com/23skdu/longbow/internal/simd/distance_functions.go:194.2,194.17 1 1
github.com/23skdu/longbow/internal/simd/distance_functions.go:194.17,196.3 1 0
github.com/23skdu/longbow/internal/simd/distance_functions.go:198.2,198.19 1 1
github.com/23skdu/longbow/internal/simd/distance_functions.go:198.19,200.3 1 0
github.com/23skdu/longbow/internal/simd/distance_functions.go:201.2,201.35 1 1
github.com/23skdu/longbow/internal/simd/distance_functions.go:205.61,206.22 1 1
github.com/23skdu/longbow/internal/simd/distance_functions.go:206.22,208.3 1 0
github.com/23skdu/longbow/internal/simd/distance_functions.go:209.2,209.17 1 1
github.com/23skdu/longbow/internal/simd/distance_functions.go:209.17,211.3 1 0
github.com/23skdu/longbow/internal/simd/distance_functions.go:213.2,213.19 1 1
github.com/23skdu/longbow/internal/simd/distance_functions.go:213.19,217.3 3 0
github.com/23skdu/longbow/internal/simd/distance_functions.go:218.2,218.35 1 1
github.com/23skdu/longbow/internal/simd/distance_functions.go:222.63,223.22 1 1
github.com/23skdu/longbow/internal/simd/distance_functions.go:223.22,225.3 1 0
github.com/23skdu/longbow/internal/simd/distance_functions.go:226.2,226.17 1 1
github.com/23skdu/longbow/internal/simd/distance_functions.go:226.17,228.3 1 0
github.com/23skdu/longbow/internal/simd/distance_functions.go:230.2,230.19 1 1
github.com/23skdu/longbow/internal/simd/distance_functions.go:230.19,234.3 3 0
github.com/23skdu/longbow/internal/simd/distance_functions.go:235.2,235.36 1 1
github.com/23skdu/longbow/internal/simd/distance_functions.go:239.65,240.22 1 1
github.com/23skdu/longbow/internal/simd/distance_functions.go:240.22,242.3 1 0
github.com/23skdu/longbow/internal/simd/distance_functions.go:243.2,243.17 1 1
github.com/23skdu/longbow/internal/simd/distance_functions.go:243.17,245.3 1 0
github.com/23skdu/longbow/internal/simd/distance_functions.go:246.2,246.38 1 1
github.com/23skdu/longbow/internal/simd/distance_functions.go:250.67,251.22 1 0
github.com/23skdu/longbow/internal/simd/distance_functions.go:251.22,253.3 1 0
github.com/23skdu/longbow/internal/simd/distance_functions.go:254.2,254.17 1 0
github.com/23skdu/longbow/internal/simd/distance_functions.go:254.17,256.3 1 0
github.com/23skdu/longbow/internal/simd/distance_functions.go:257.2,257.39 1 0
github.com/23skdu/longbow/internal/simd/distance_functions.go:262.56,263.22 1 1
github.com/23skdu/longbow/internal/simd/distance_functions.go:263.22,265.3 1 0
github.com/23skdu/longbow/internal/simd/distance_functions.go:266.2,266.17 1 1
github.com/23skdu/longbow/internal/simd/distance_functions.go:266.17,268.3 1 1
github.com/23skdu/longbow/internal/simd/distance_functions.go:270.2,275.24 4 1
github.com/23skdu/longbow/internal/simd/distance_functions.go:275.24,285.3 8 1
github.com/23skdu/longbow/internal/simd/distance_functions.go:288.2,288.19 1 1
github.com/23skdu/longbow/internal/simd/distance_functions.go:288.19,291.3 2 1
github.com/23skdu/longbow/internal/simd/distance_functions.go:293.2,293.39 1 1
github.com/23skdu/longbow/internal/simd/distance_functions.go:297.60,298.22 1 1
github.com/23skdu/longbow/internal/simd/distance_functions.go:298.22,300.3 1 0
github.com/23skdu/longbow/internal/simd/distance_functions.go:301.2,301.17 1 1
github.com/23skdu/longbow/internal/simd/distance_functions.go:301.17,303.3 1 0
github.com/23skdu/longbow/internal/simd/distance_functions.go:304.2,304.39 1 1
github.com/23skdu/longbow/internal/simd/distance_functions.go:308.57,309.22 1 1
github.com/23skdu/longbow/internal/simd/distance_functions.go:309.22,311.3 1 0
github.com/23skdu/longbow/internal/simd/distance_functions.go:312.2,312.17 1 1
github.com/23skdu/longbow/internal/simd/distance_functions.go:312.17,314.3 1 0
github.com/23skdu/longbow/internal/simd/distance_functions.go:315.2,315.44 1 1
github.com/23skdu/longbow/internal/simd/distance_functions.go:319.53,320.22 1 1
github.com/23skdu/longbow/internal/simd/distance_functions.go:320.22,322.3 1 0
github.com/23skdu/longbow/internal/simd/distance_functions.go:323.2,323.17 1 1
github.com/23skdu/longbow/internal/simd/distance_functions.go:323.17,325.3 1 0
github.com/23skdu/longbow/internal/simd/distance_functions.go:326.2,326.33 1 1
github.com/23skdu/longbow/internal/simd/distance_functions.go:330.58,331.22 1 1
github.com/23skdu/longbow/internal/simd/distance_functions.go:331.22,333.3 1 0
github.com/23skdu/longbow/internal/simd/distance_functions.go:334.2,334.17 1 1
github.com/23skdu/longbow/internal/simd/distance_functions.go:334.17,336.3 1 0
github.com/23skdu/longbow/internal/simd/distance_functions.go:338.2,338.19 1 1
github.com/23skdu/longbow/internal/simd/distance_functions.go:338.19,340.3 1 0
github.com/23skdu/longbow/internal/simd/distance_functions.go:341.2,341.40 1 1
github.com/23skdu/longbow/internal/simd/distance_functions.go:345.55,346.22 1 1
github.com/23skdu/longbow/internal/simd/distance_functions.go:346.22,348.3 1 0
github.com/23skdu/longbow/internal/simd/distance_functions.go:349.2,349.17 1 1
github.com/23skdu/longbow/internal/simd/distance_functions.go:349.17,351.3 1 0
github.com/23skdu/longbow/internal/simd/distance_functions.go:352.2,352.43 1 1
github.com/23skdu/longbow/internal/simd/distance_functions.go:356.51,357.22 1 1
github.com/23skdu/longbow/internal/simd/distance_functions.go:357.22,359.3 1 0
github.com/23skdu/longbow/internal/simd/distance_functions.go:360.2,360.17 1 1
github.com/23skdu/longbow/internal/simd/distance_functions.go:360.17,362.3 1 0
github.com/23skdu/longbow/internal/simd/distance_functions.go:364.2,364.19 1 1
github.com/23skdu/longbow/internal/simd/distance_functions.go:364.19,366.3 1 0
github.com/23skdu/longbow/internal/simd/distance_functions.go:367.2,367.32 1 1
github.com/23skdu/longbow/internal/simd/distance_functions.go:371.60,372.22 1 1
github.com/23skdu/longbow/internal/simd/distance_functions.go:372.22,374.3 1 0
github.com/23skdu/longbow/internal/simd/distance_functions.go:375.2,375.17 1 1
github.com/23skdu/longbow/internal/simd/distance_functions.go:375.17,377.3 1 0
github.com/23skdu/longbow/internal/simd/distance_functions.go:379.2,379.19 1 1
github.com/23skdu/longbow/internal/simd/distance_functions.go:379.19,381.3 1 0
github.com/23skdu/longbow/internal/simd/distance_functions.go:382.2,382.41 1 1
github.com/23skdu/longbow/internal/simd/distance_functions.go:386.57,387.22 1 1
github.com/23skdu/longbow/internal/simd/distance_functions.go:387.22,389.3 1 0
github.com/23skdu/longbow/internal/simd/distance_functions.go:390.2,390.17 1 1
github.com/23skdu/longbow/internal/simd/distance_functions.go:390.17,392.3 1 0
github.com/23skdu/longbow/internal/simd/distance_functions.go:393.2,393.44 1 1
github.com/23skdu/longbow/internal/simd/distance_functions.go:397.53,398.22 1 1
github.com/23skdu/longbow/internal/simd/distance_functions.go:398.22,400.3 1 0
github.com/23skdu/longbow/internal/simd/distance_functions.go:401.2,401.17 1 1
github.com/23skdu/longbow/internal/simd/distance_functions.go:401.17,403.3 1 0
github.com/23skdu/longbow/internal/simd/distance_functions.go:405.2,405.19 1 1
github.com/23skdu/longbow/internal/simd/distance_functions.go:405.19,407.3 1 0
github.com/23skdu/longbow/internal/simd/distance_functions.go:408.2,408.33 1 1
github.com/23skdu/longbow/internal/simd/distance_functions.go:412.60,413.22 1 1
github.com/23skdu/longbow/internal/simd/distance_functions.go:413.22,415.3 1 0
github.com/23skdu/longbow/internal/simd/distance_functions.go:416.2,416.17 1 1
github.com/23skdu/longbow/internal/simd/distance_functions.go:416.17,418.3 1 0
github.com/23skdu/longbow/internal/simd/distance_functions.go:420.2,420.19 1 1
github.com/23skdu/longbow/internal/simd/distance_functions.go:420.19,422.3 1 0
github.com/23skdu/longbow/internal/simd/distance_functions.go:423.2,423.39 1 1
github.com/23skdu/longbow/internal/simd/distance_functions.go:427.57,428.22 1 1
github.com/23skdu/longbow/internal/simd/distance_functions.go:428.22,430.3 1 0
github.com/23skdu/longbow/internal/simd/distance_functions.go:431.2,431.17 1 1
github.com/23skdu/longbow/internal/simd/distance_functions.go:431.17,433.3 1 0
github.com/23skdu/longbow/internal/simd/distance_functions.go:434.2,434.44 1 1
github.com/23skdu/longbow/internal/simd/distance_functions.go:438.53,439.22 1 1
github.com/23skdu/longbow/internal/simd/distance_functions.go:439.22,441.3 1 0
github.com/23skdu/longbow/internal/simd/distance_functions.go:442.2,442.17 1 1
github.com/23skdu/longbow/internal/simd/distance_functions.go:442.17,444.3 1 0
github.com/23skdu/longbow/internal/simd/distance_functions.go:446.2,446.19 1 1
github.com/23skdu/longbow/internal/simd/distance_functions.go:446.19,448.3 1 0
github.com/23skdu/longbow/internal/simd/distance_functions.go:449.2,449.33 1 1
github.com/23skdu/longbow/internal/simd/distance_functions.go:453.62,454.22 1 1
github.com/23skdu/longbow/internal/simd/distance_functions.go:454.22,456.3 1 0
github.com/23skdu/longbow/internal/simd/distance_functions.go:457.2,457.17 1 1
github.com/23skdu/longbow/internal/simd/distance_functions.go:457.17,459.3 1 0
github.com/23skdu/longbow/internal/simd/distance_functions.go:460.2,460.19 1 1
github.com/23skdu/longbow/internal/simd/distance_functions.go:460.19,462.3 1 0
github.com/23skdu/longbow/internal/simd/distance_functions.go:463.2,463.40 1 1
github.com/23skdu/longbow/internal/simd/distance_functions.go:467.59,468.22 1 1
github.com/23skdu/longbow/internal/simd/distance_functions.go:468.22,470.3 1 0
github.com/23skdu/longbow/internal/simd/distance_functions.go:471.2,471.17 1 1
github.com/23skdu/longbow/internal/simd/distance_functions.go:471.17,473.3 1 0
github.com/23skdu/longbow/internal/simd/distance_functions.go:474.2,474.45 1 1
github.com/23skdu/longbow/internal/simd/distance_functions.go:478.55,479.22 1 1
github.com/23skdu/longbow/internal/simd/distance_functions.go:479.22,481.3 1 0
github.com/23skdu/longbow/internal/simd/distance_functions.go:482.2,482.17 1 1
github.com/23skdu/longbow/internal/simd/distance_functions.go:482.17,484.3 1 0
github.com/23skdu/longbow/internal/simd/distance_functions.go:485.2,485.19 1 1
github.com/23skdu/longbow/internal/simd/distance_functions.go:485.19,487.3 1 0
github.com/23skdu/longbow/internal/simd/distance_functions.go:488.2,488.34 1 1
github.com/23skdu/longbow/internal/simd/distance_functions.go:492.62,493.22 1 1
github.com/23skdu/longbow/internal/simd/distance_functions.go:493.22,495.3 1 0
github.com/23skdu/longbow/internal/simd/distance_functions.go:496.2,496.17 1 1
github.com/23skdu/longbow/internal/simd/distance_functions.go:496.17,498.3 1 0
github.com/23skdu/longbow/internal/simd/distance_functions.go:499.2,499.19 1 1
github.com/23skdu/longbow/internal/simd/distance_functions.go:499.19,501.3 1 0
github.com/23skdu/longbow/internal/simd/distance_functions.go:502.2,502.40 1 1
github.com/23skdu/longbow/internal/simd/distance_functions.go:506.59,507.22 1 1
github.com/23skdu/longbow/internal/simd/distance_functions.go:507.22,509.3 1 0
github.com/23skdu/longbow/internal/simd/distance_functions.go:510.2,510.17 1 1
github.com/23skdu/longbow/internal/simd/distance_functions.go:510.17,512.3 1 0
github.com/23skdu/longbow/internal/simd/distance_functions.go:513.2,513.45 1 1
github.com/23skdu/longbow/internal/simd/distance_functions.go:517.55,518.22 1 1
github.com/23skdu/longbow/internal/simd/distance_functions.go:518.22,520.3 1 0
github.com/23skdu/longbow/internal/simd/distance_functions.go:521.2,521.17 1 1
github.com/23skdu/longbow/internal/simd/distance_functions.go:521.17,523.3 1 0
github.com/23skdu/longbow/internal/simd/distance_functions.go:524.2,524.19 1 1
github.com/23skdu/longbow/internal/simd/distance_functions.go:524.19,526.3 1 0
github.com/23skdu/longbow/internal/simd/distance_functions.go:527.2,527.34 1 1
github.com/23skdu/longbow/internal/simd/distance_functions.go:531.60,532.22 1 1
github.com/23skdu/longbow/internal/simd/distance_functions.go:532.22,534.3 1 0
github.com/23skdu/longbow/internal/simd/distance_functions.go:535.2,535.17 1 1
github.com/23skdu/longbow/internal/simd/distance_functions.go:535.17,537.3 1 0
github.com/23skdu/longbow/internal/simd/distance_functions.go:538.2,538.19 1 1
github.com/23skdu/longbow/internal/simd/distance_functions.go:538.19,540.3 1 0
github.com/23skdu/longbow/internal/simd/distance_functions.go:541.2,541.39 1 1
github.com/23skdu/longbow/internal/simd/distance_functions.go:545.57,546.22 1 1
github.com/23skdu/longbow/internal/simd/distance_functions.go:546.22,548.3 1 0
github.com/23skdu/longbow/internal/simd/distance_functions.go:549.2,549.17 1 1
github.com/23skdu/longbow/internal/simd/distance_functions.go:549.17,551.3 1 0
github.com/23skdu/longbow/internal/simd/distance_functions.go:552.2,552.44 1 1
github.com/23skdu/longbow/internal/simd/distance_functions.go:556.53,557.22 1 1
github.com/23skdu/longbow/internal/simd/distance_functions.go:557.22,559.3 1 0
github.com/23skdu/longbow/internal/simd/distance_functions.go:560.2,560.17 1 1
github.com/23skdu/longbow/internal/simd/distance_functions.go:560.17,562.3 1 0
github.com/23skdu/longbow/internal/simd/distance_functions.go:563.2,563.19 1 1
github.com/23skdu/longbow/internal/simd/distance_functions.go:563.19,565.3 1 0
github.com/23skdu/longbow/internal/simd/distance_functions.go:566.2,566.33 1 1
github.com/23skdu/longbow/internal/simd/distance_functions.go:570.62,571.22 1 1
github.com/23skdu/longbow/internal/simd/distance_functions.go:571.22,573.3 1 0
github.com/23skdu/longbow/internal/simd/distance_functions.go:574.2,574.17 1 1
github.com/23skdu/longbow/internal/simd/distance_functions.go:574.17,576.3 1 0
github.com/23skdu/longbow/internal/simd/distance_functions.go:577.2,577.19 1 1
github.com/23skdu/longbow/internal/simd/distance_functions.go:577.19,579.3 1 0
github.com/23skdu/longbow/internal/simd/distance_functions.go:580.2,580.40 1 1
github.com/23skdu/longbow/internal/simd/distance_functions.go:584.59,585.22 1 1
github.com/23skdu/longbow/internal/simd/distance_functions.go:585.22,587.3 1 0
github.com/23skdu/longbow/internal/simd/distance_functions.go:588.2,588.17 1 1
github.com/23skdu/longbow/internal/simd/distance_functions.go:588.17,590.3 1 0
github.com/23skdu/longbow/internal/simd/distance_functions.go:591.2,591.45 1 1
github.com/23skdu/longbow/internal/simd/distance_functions.go:595.55,596.22 1 1
github.com/23skdu/longbow/internal/simd/distance_functions.go:596.22,598.3 1 0
github.com/23skdu/longbow/internal/simd/distance_functions.go:599.2,599.17 1 1
github.com/23skdu/longbow/internal/simd/distance_functions.go:599.17,601.3 1 0
github.com/23skdu/longbow/internal/simd/distance_functions.go:602.2,602.19 1 1
github.com/23skdu/longbow/internal/simd/distance_functions.go:602.19,604.3 1 0
github.com/23skdu/longbow/internal/simd/distance_functions.go:605.2,605.34 1 1
github.com/23skdu/longbow/internal/simd/distance_functions.go:610.33,612.2 1 1
github.com/23skdu/longbow/internal/simd/hadamard.go:9.54,10.22 1 0
github.com/23skdu/longbow/internal/simd/hadamard.go:10.22,12.3 1 0
github.com/23skdu/longbow/internal/simd/hadamard.go:13.2,13.47 1 0
github.com/23skdu/longbow/internal/simd/hadamard.go:16.61,18.30 2 1
github.com/23skdu/longbow/internal/simd/hadamard.go:18.30,20.3 1 0
github.com/23skdu/longbow/internal/simd/hadamard.go:22.2,22.29 1 1
github.com/23skdu/longbow/internal/simd/hadamard.go:22.29,23.34 1 1
github.com/23skdu/longbow/internal/simd/hadamard.go:23.34,24.29 1 1
github.com/23skdu/longbow/internal/simd/hadamard.go:24.29,29.5 4 1
github.com/23skdu/longbow/internal/simd/hadamard.go:41.2,41.12 1 1
github.com/23skdu/longbow/internal/simd/hadamard.go:47.52,48.22 1 0
github.com/23skdu/longbow/internal/simd/hadamard.go:48.22,50.3 1 0
github.com/23skdu/longbow/internal/simd/hadamard.go:51.2,51.39 1 0
github.com/23skdu/longbow/internal/simd/hadamard.go:54.59,57.19 1 1
github.com/23skdu/longbow/internal/simd/hadamard.go:57.19,59.65 1 1
github.com/23skdu/longbow/internal/simd/hadamard.go:59.65,61.4 1 1
github.com/23skdu/longbow/internal/simd/hadamard.go:66.2,66.47 1 1
github.com/23skdu/longbow/internal/simd/hadamard.go:70.43,72.12 2 0
github.com/23skdu/longbow/internal/simd/hadamard.go:72.12,74.3 1 0
github.com/23skdu/longbow/internal/simd/hadamard.go:75.2,75.24 1 0
github.com/23skdu/longbow/internal/simd/hadamard.go:75.24,77.3 1 0
github.com/23skdu/longbow/internal/simd/hadamard.go:78.2,79.15 2 0
github.com/23skdu/longbow/internal/simd/hadamard.go:79.15,81.3 1 0
github.com/23skdu/longbow/internal/simd/hadamard.go:82.2,84.15 3 0
github.com/23skdu/longbow/internal/simd/jit_codegen.go:44.37,46.2 1 1
github.com/23skdu/longbow/internal/simd/jit_codegen.go:48.38,52.2 3 1
github.com/23skdu/longbow/internal/simd/jit_codegen.go:54.33,56.2 1 1
github.com/23skdu/longbow/internal/simd/jit_codegen.go:58.57,61.2 2 1
github.com/23skdu/longbow/internal/simd/jit_codegen.go:64.43,158.13 58 1
github.com/23skdu/longbow/internal/simd/jit_codegen.go:158.13,160.3 1 1
github.com/23skdu/longbow/internal/simd/jit_codegen.go:160.8,162.3 1 0
github.com/23skdu/longbow/internal/simd/jit_codegen.go:163.2,168.14 4 1
github.com/23skdu/longbow/internal/simd/jit_codegen.go:171.34,229.2 7 1
github.com/23skdu/longbow/internal/simd/jit_codegen.go:231.33,331.2 7 1
github.com/23skdu/longbow/internal/simd/jit_codegen.go:333.37,524.2 7 1
github.com/23skdu/longbow/internal/simd/jit_runtime.go:32.22,42.16 6 1
github.com/23skdu/longbow/internal/simd/jit_runtime.go:42.16,44.3 1 0
github.com/23skdu/longbow/internal/simd/jit_runtime.go:45.2,55.12 4 1
github.com/23skdu/longbow/internal/simd/jit_runtime.go:58.57,60.12 2 1
github.com/23skdu/longbow/internal/simd/jit_runtime.go:60.12,62.3 1 0
github.com/23skdu/longbow/internal/simd/jit_runtime.go:64.2,73.25 7 1
github.com/23skdu/longbow/internal/simd/jit_runtime.go:73.25,75.3 1 0
github.com/23skdu/longbow/internal/simd/jit_runtime.go:77.2,81.16 4 1
github.com/23skdu/longbow/internal/simd/jit_runtime.go:81.16,84.3 2 0
github.com/23skdu/longbow/internal/simd/jit_runtime.go:85.2,87.34 2 1
github.com/23skdu/longbow/internal/simd/jit_runtime.go:91.46,92.17 1 1
github.com/23skdu/longbow/internal/simd/jit_runtime.go:92.17,94.3 1 0
github.com/23skdu/longbow/internal/simd/jit_runtime.go:95.2,97.25 3 1
github.com/23skdu/longbow/internal/simd/jit_runtime.go:97.25,99.3 1 1
github.com/23skdu/longbow/internal/simd/jit_runtime.go:100.2,100.12 1 1
github.com/23skdu/longbow/internal/simd/jit_runtime.go:103.95,104.23 1 1
github.com/23skdu/longbow/internal/simd/jit_runtime.go:104.23,106.3 1 0
github.com/23skdu/longbow/internal/simd/jit_runtime.go:107.2,124.28 13 1
github.com/23skdu/longbow/internal/simd/jit_runtime.go:124.28,126.37 2 0
github.com/23skdu/longbow/internal/simd/jit_runtime.go:126.37,128.28 2 0
github.com/23skdu/longbow/internal/simd/jit_runtime.go:128.28,130.5 1 0
github.com/23skdu/longbow/internal/simd/jit_runtime.go:134.2,134.36 1 1
github.com/23skdu/longbow/internal/simd/jit_runtime.go:134.36,136.3 1 0
github.com/23skdu/longbow/internal/simd/jit_runtime.go:138.2,140.28 2 1
github.com/23skdu/longbow/internal/simd/jit_runtime.go:140.28,142.3 1 1
github.com/23skdu/longbow/internal/simd/jit_runtime.go:144.2,145.16 2 1
github.com/23skdu/longbow/internal/simd/jit_runtime.go:145.16,148.3 2 0
github.com/23skdu/longbow/internal/simd/jit_runtime.go:149.2,152.43 3 1
github.com/23skdu/longbow/internal/simd/jit_runtime.go:155.105,156.23 1 0
github.com/23skdu/longbow/internal/simd/jit_runtime.go:156.23,158.3 1 0
github.com/23skdu/longbow/internal/simd/jit_runtime.go:159.2,159.33 1 0
github.com/23skdu/longbow/internal/simd/jit_runtime.go:159.33,161.3 1 0
github.com/23skdu/longbow/internal/simd/jit_runtime.go:163.2,180.36 13 0
github.com/23skdu/longbow/internal/simd/jit_runtime.go:180.36,182.40 2 0
github.com/23skdu/longbow/internal/simd/jit_runtime.go:182.40,185.4 2 0
github.com/23skdu/longbow/internal/simd/jit_runtime.go:188.2,190.28 2 0
github.com/23skdu/longbow/internal/simd/jit_runtime.go:190.28,192.3 1 0
github.com/23skdu/longbow/internal/simd/jit_runtime.go:194.2,195.16 2 0
github.com/23skdu/longbow/internal/simd/jit_runtime.go:195.16,198.3 2 0
github.com/23skdu/longbow/internal/simd/jit_runtime.go:199.2,205.12 5 0
github.com/23skdu/longbow/internal/simd/registry.go:16.37,17.11 1 1
github.com/23skdu/longbow/internal/simd/registry.go:18.23,19.21 1 1
github.com/23skdu/longbow/internal/simd/registry.go:20.20,21.18 1 1
github.com/23skdu/longbow/internal/simd/registry.go:22.24,23.15 1 1
github.com/23skdu/longbow/internal/simd/registry.go:24.10,25.19 1 1
github.com/23skdu/longbow/internal/simd/registry.go:49.39,50.11 1 1
github.com/23skdu/longbow/internal/simd/registry.go:51.20,52.16 1 1
github.com/23skdu/longbow/internal/simd/registry.go:53.21,54.17 1 1
github.com/23skdu/longbow/internal/simd/registry.go:55.21,56.17 1 1
github.com/23skdu/longbow/internal/simd/registry.go:57.22,58.18 1 1
github.com/23skdu/longbow/internal/simd/registry.go:59.21,60.17 1 1
github.com/23skdu/longbow/internal/simd/registry.go:61.22,62.18 1 0
github.com/23skdu/longbow/internal/simd/registry.go:63.21,64.17 1 1
github.com/23skdu/longbow/internal/simd/registry.go:65.22,66.18 1 0
github.com/23skdu/longbow/internal/simd/registry.go:67.23,68.19 1 1
github.com/23skdu/longbow/internal/simd/registry.go:69.23,70.19 1 1
github.com/23skdu/longbow/internal/simd/registry.go:71.23,72.19 1 1
github.com/23skdu/longbow/internal/simd/registry.go:73.25,74.21 1 1
github.com/23skdu/longbow/internal/simd/registry.go:75.26,76.22 1 1
github.com/23skdu/longbow/internal/simd/registry.go:77.10,78.19 1 0
github.com/23skdu/longbow/internal/simd/registry.go:100.93,105.2 4 1
github.com/23skdu/longbow/internal/simd/registry.go:109.80,114.57 3 1
github.com/23skdu/longbow/internal/simd/registry.go:114.57,116.3 1 1
github.com/23skdu/longbow/internal/simd/registry.go:119.2,119.54 1 1
github.com/23skdu/longbow/internal/simd/registry.go:119.54,121.3 1 1
github.com/23skdu/longbow/internal/simd/registry.go:123.2,123.12 1 1
github.com/23skdu/longbow/internal/simd/simd.go:105.13,112.37 4 1
github.com/23skdu/longbow/internal/simd/simd.go:112.37,113.35 1 0
github.com/23skdu/longbow/internal/simd/simd.go:113.35,115.4 1 0
github.com/23skdu/longbow/internal/simd/simd.go:115.9,117.101 1 0
github.com/23skdu/longbow/internal/simd/simd.go:117.101,118.77 1 0
github.com/23skdu/longbow/internal/simd/simd.go:118.77,120.6 1 0
github.com/23skdu/longbow/internal/simd/simd.go:121.5,121.15 1 0
github.com/23skdu/longbow/internal/simd/simd.go:123.4,123.58 1 0
github.com/23skdu/longbow/internal/simd/simd.go:130.38,131.26 1 0
github.com/23skdu/longbow/internal/simd/simd.go:131.26,133.3 1 0
github.com/23skdu/longbow/internal/simd/simd.go:134.2,135.12 2 0
github.com/23skdu/longbow/internal/simd/simd.go:140.37,141.26 1 0
github.com/23skdu/longbow/internal/simd/simd.go:141.26,143.3 1 0
github.com/23skdu/longbow/internal/simd/simd.go:144.2,145.12 2 0
github.com/23skdu/longbow/internal/simd/simd.go:149.33,152.2 2 0
github.com/23skdu/longbow/internal/simd/simd.go:155.34,157.2 1 0
github.com/23skdu/longbow/internal/simd/simd.go:163.56,166.2 2 1
github.com/23skdu/longbow/internal/simd/simd.go:170.53,171.22 1 1
github.com/23skdu/longbow/internal/simd/simd.go:171.22,173.3 1 0
github.com/23skdu/longbow/internal/simd/simd.go:174.2,175.30 2 1
github.com/23skdu/longbow/internal/simd/simd.go:175.30,179.3 3 1
github.com/23skdu/longbow/internal/simd/simd.go:180.2,180.30 1 1
github.com/23skdu/longbow/internal/simd/simd.go:180.30,182.3 1 1
github.com/23skdu/longbow/internal/simd/simd.go:183.2,183.77 1 1
github.com/23skdu/longbow/internal/simd/simd.go:186.50,187.22 1 1
github.com/23skdu/longbow/internal/simd/simd.go:187.22,189.3 1 0
github.com/23skdu/longbow/internal/simd/simd.go:190.2,191.30 2 1
github.com/23skdu/longbow/internal/simd/simd.go:191.30,193.3 1 1
github.com/23skdu/longbow/internal/simd/simd.go:194.2,194.17 1 1
github.com/23skdu/longbow/internal/simd/simd.go:202.88,203.28 1 1
github.com/23skdu/longbow/internal/simd/simd.go:203.28,204.15 1 1
github.com/23skdu/longbow/internal/simd/simd.go:204.15,205.12 1 0
github.com/23skdu/longbow/internal/simd/simd.go:207.3,208.17 2 1
github.com/23skdu/longbow/internal/simd/simd.go:208.17,210.4 1 0
github.com/23skdu/longbow/internal/simd/simd.go:211.3,211.26 1 1
github.com/23skdu/longbow/internal/simd/simd.go:213.2,213.12 1 1
github.com/23skdu/longbow/internal/simd/simd.go:217.91,218.28 1 1
github.com/23skdu/longbow/internal/simd/simd.go:218.28,219.15 1 1
github.com/23skdu/longbow/internal/simd/simd.go:219.15,220.12 1 0
github.com/23skdu/longbow/internal/simd/simd.go:222.3,223.17 2 1
github.com/23skdu/longbow/internal/simd/simd.go:223.17,225.4 1 0
github.com/23skdu/longbow/internal/simd/simd.go:226.3,226.17 1 1
github.com/23skdu/longbow/internal/simd/simd.go:228.2,228.12 1 1
github.com/23skdu/longbow/internal/simd/simd.go:235.109,236.32 1 0
github.com/23skdu/longbow/internal/simd/simd.go:236.32,238.3 1 0
github.com/23skdu/longbow/internal/simd/simd.go:239.2,239.40 1 0
github.com/23skdu/longbow/internal/simd/simd.go:239.40,241.3 1 0
github.com/23skdu/longbow/internal/simd/simd.go:242.2,242.21 1 0
github.com/23skdu/longbow/internal/simd/simd.go:242.21,244.3 1 0
github.com/23skdu/longbow/internal/simd/simd.go:246.2,247.22 2 0
github.com/23skdu/longbow/internal/simd/simd.go:247.22,249.3 1 0
github.com/23skdu/longbow/internal/simd/simd.go:251.2,251.34 1 0
github.com/23skdu/longbow/internal/simd/simd.go:251.34,255.17 4 0
github.com/23skdu/longbow/internal/simd/simd.go:255.17,257.4 1 0
github.com/23skdu/longbow/internal/simd/simd.go:258.3,258.17 1 0
github.com/23skdu/longbow/internal/simd/simd.go:260.2,260.12 1 0
github.com/23skdu/longbow/internal/simd/simd.go:264.106,266.2 1 0
github.com/23skdu/longbow/internal/simd/simd.go:269.108,271.2 1 0
github.com/23skdu/longbow/internal/simd/simd.go:273.85,274.28 1 1
github.com/23skdu/longbow/internal/simd/simd.go:274.28,275.15 1 1
github.com/23skdu/longbow/internal/simd/simd.go:275.15,276.12 1 0
github.com/23skdu/longbow/internal/simd/simd.go:278.3,279.17 2 1
github.com/23skdu/longbow/internal/simd/simd.go:279.17,281.4 1 0
github.com/23skdu/longbow/internal/simd/simd.go:282.3,282.17 1 1
github.com/23skdu/longbow/internal/simd/simd.go:284.2,284.12 1 1
github.com/23skdu/longbow/internal/simd/simd.go:287.88,288.28 1 1
github.com/23skdu/longbow/internal/simd/simd.go:288.28,289.15 1 1
github.com/23skdu/longbow/internal/simd/simd.go:289.15,290.12 1 0
github.com/23skdu/longbow/internal/simd/simd.go:292.3,293.17 2 1
github.com/23skdu/longbow/internal/simd/simd.go:293.17,295.4 1 0
github.com/23skdu/longbow/internal/simd/simd.go:296.3,296.17 1 1
github.com/23skdu/longbow/internal/simd/simd.go:298.2,298.12 1 1
github.com/23skdu/longbow/internal/simd/simd.go:310.84,311.31 1 0
github.com/23skdu/longbow/internal/simd/simd.go:311.31,313.3 1 0
github.com/23skdu/longbow/internal/simd/simd.go:315.2,315.12 1 0
github.com/23skdu/longbow/internal/simd/simd.go:315.12,319.26 3 0
github.com/23skdu/longbow/internal/simd/simd.go:319.26,323.20 4 0
github.com/23skdu/longbow/internal/simd/simd.go:323.20,326.5 2 0
github.com/23skdu/longbow/internal/simd/simd.go:328.3,328.27 1 0
github.com/23skdu/longbow/internal/simd/simd.go:332.2,333.89 2 0
github.com/23skdu/longbow/internal/simd/simd.go:333.89,337.26 3 0
github.com/23skdu/longbow/internal/simd/simd.go:337.26,340.23 3 0
github.com/23skdu/longbow/internal/simd/simd.go:340.23,343.5 2 0
github.com/23skdu/longbow/internal/simd/simd.go:345.3,345.27 1 0
github.com/23skdu/longbow/internal/simd/simd.go:349.2,351.25 3 0
github.com/23skdu/longbow/internal/simd/simd.go:351.25,352.28 1 0
github.com/23skdu/longbow/internal/simd/simd.go:352.28,355.4 2 0
github.com/23skdu/longbow/internal/simd/simd.go:357.2,357.26 1 0
github.com/23skdu/longbow/internal/simd/simd.go:366.100,368.25 2 0
github.com/23skdu/longbow/internal/simd/simd.go:368.25,373.3 4 0
github.com/23skdu/longbow/internal/simd/simd.go:374.2,374.14 1 0
github.com/23skdu/longbow/internal/simd/simd.go:377.89,378.36 1 1
github.com/23skdu/longbow/internal/simd/simd.go:378.36,381.31 3 1
github.com/23skdu/longbow/internal/simd/simd.go:381.31,383.4 1 1
github.com/23skdu/longbow/internal/simd/simd.go:384.3,384.48 1 1
github.com/23skdu/longbow/internal/simd/simd.go:386.2,386.12 1 1
github.com/23skdu/longbow/internal/simd/simd.go:397.59,398.22 1 1
github.com/23skdu/longbow/internal/simd/simd.go:398.22,400.3 1 0
github.com/23skdu/longbow/internal/simd/simd.go:401.2,401.17 1 1
github.com/23skdu/longbow/internal/simd/simd.go:401.17,403.3 1 1
github.com/23skdu/longbow/internal/simd/simd.go:405.2,410.25 4 1
github.com/23skdu/longbow/internal/simd/simd.go:410.25,419.3 8 1
github.com/23skdu/longbow/internal/simd/simd.go:422.2,422.19 1 1
github.com/23skdu/longbow/internal/simd/simd.go:422.19,425.3 2 1
github.com/23skdu/longbow/internal/simd/simd.go:427.2,427.68 1 1
github.com/23skdu/longbow/internal/simd/simd.go:431.56,432.22 1 1
github.com/23skdu/longbow/internal/simd/simd.go:432.22,434.3 1 0
github.com/23skdu/longbow/internal/simd/simd.go:435.2,435.17 1 1
github.com/23skdu/longbow/internal/simd/simd.go:435.17,437.3 1 1
github.com/23skdu/longbow/internal/simd/simd.go:439.2,446.25 6 1
github.com/23skdu/longbow/internal/simd/simd.go:446.25,464.3 14 1
github.com/23skdu/longbow/internal/simd/simd.go:467.2,467.19 1 1
github.com/23skdu/longbow/internal/simd/simd.go:467.19,471.3 3 1
github.com/23skdu/longbow/internal/simd/simd.go:474.2,478.30 4 1
github.com/23skdu/longbow/internal/simd/simd.go:478.30,480.3 1 0
github.com/23skdu/longbow/internal/simd/simd.go:481.2,481.77 1 1
github.com/23skdu/longbow/internal/simd/simd.go:485.53,486.22 1 1
github.com/23skdu/longbow/internal/simd/simd.go:486.22,488.3 1 0
github.com/23skdu/longbow/internal/simd/simd.go:489.2,489.17 1 1
github.com/23skdu/longbow/internal/simd/simd.go:489.17,491.3 1 1
github.com/23skdu/longbow/internal/simd/simd.go:493.2,498.25 4 1
github.com/23skdu/longbow/internal/simd/simd.go:498.25,503.3 4 1
github.com/23skdu/longbow/internal/simd/simd.go:506.2,506.19 1 1
github.com/23skdu/longbow/internal/simd/simd.go:506.19,508.3 1 1
github.com/23skdu/longbow/internal/simd/simd.go:510.2,510.39 1 1
github.com/23skdu/longbow/internal/simd/simd.go:514.94,515.28 1 1
github.com/23skdu/longbow/internal/simd/simd.go:515.28,517.17 2 1
github.com/23skdu/longbow/internal/simd/simd.go:517.17,519.4 1 0
github.com/23skdu/longbow/internal/simd/simd.go:520.3,520.17 1 1
github.com/23skdu/longbow/internal/simd/simd.go:522.2,522.12 1 1
github.com/23skdu/longbow/internal/simd/simd.go:527.91,528.28 1 1
github.com/23skdu/longbow/internal/simd/simd.go:528.28,530.17 2 1
github.com/23skdu/longbow/internal/simd/simd.go:530.17,532.4 1 0
github.com/23skdu/longbow/internal/simd/simd.go:533.3,533.17 1 1
github.com/23skdu/longbow/internal/simd/simd.go:535.2,535.12 1 1
github.com/23skdu/longbow/internal/simd/simd.go:540.88,541.28 1 1
github.com/23skdu/longbow/internal/simd/simd.go:541.28,543.17 2 1
github.com/23skdu/longbow/internal/simd/simd.go:543.17,545.4 1 0
github.com/23skdu/longbow/internal/simd/simd.go:546.3,546.17 1 1
github.com/23skdu/longbow/internal/simd/simd.go:548.2,548.12 1 1
github.com/23skdu/longbow/internal/simd/simd.go:553.62,554.36 1 1
github.com/23skdu/longbow/internal/simd/simd.go:554.36,556.3 1 0
github.com/23skdu/longbow/internal/simd/simd.go:558.2,563.30 4 1
github.com/23skdu/longbow/internal/simd/simd.go:563.30,572.3 8 1
github.com/23skdu/longbow/internal/simd/simd.go:573.2,573.68 1 1
github.com/23skdu/longbow/internal/simd/simd.go:578.62,579.36 1 1
github.com/23skdu/longbow/internal/simd/simd.go:579.36,581.3 1 0
github.com/23skdu/longbow/internal/simd/simd.go:582.2,586.30 4 1
github.com/23skdu/longbow/internal/simd/simd.go:586.30,595.3 8 1
github.com/23skdu/longbow/internal/simd/simd.go:596.2,596.68 1 1
github.com/23skdu/longbow/internal/simd/simd.go:601.62,602.36 1 1
github.com/23skdu/longbow/internal/simd/simd.go:602.36,604.3 1 0
github.com/23skdu/longbow/internal/simd/simd.go:605.2,609.30 4 1
github.com/23skdu/longbow/internal/simd/simd.go:609.30,618.3 8 1
github.com/23skdu/longbow/internal/simd/simd.go:619.2,619.68 1 1
github.com/23skdu/longbow/internal/simd/simd.go:624.63,625.38 1 1
github.com/23skdu/longbow/internal/simd/simd.go:625.38,627.3 1 0
github.com/23skdu/longbow/internal/simd/simd.go:628.2,632.31 4 1
github.com/23skdu/longbow/internal/simd/simd.go:632.31,641.3 8 1
github.com/23skdu/longbow/internal/simd/simd.go:642.2,642.68 1 1
github.com/23skdu/longbow/internal/simd/simd.go:645.56,646.36 1 0
github.com/23skdu/longbow/internal/simd/simd.go:646.36,648.3 1 0
github.com/23skdu/longbow/internal/simd/simd.go:649.2,653.30 4 0
github.com/23skdu/longbow/internal/simd/simd.go:653.30,658.3 4 0
github.com/23skdu/longbow/internal/simd/simd.go:659.2,659.39 1 0
github.com/23skdu/longbow/internal/simd/simd.go:673.73,674.26 1 1
github.com/23skdu/longbow/internal/simd/simd.go:674.26,676.3 1 0
github.com/23skdu/longbow/internal/simd/simd.go:677.2,677.42 1 1
github.com/23skdu/longbow/internal/simd/simd.go:682.79,683.26 1 1
github.com/23skdu/longbow/internal/simd/simd.go:683.26,685.3 1 0
github.com/23skdu/longbow/internal/simd/simd.go:687.2,688.12 2 1
github.com/23skdu/longbow/internal/simd/simd.go:693.79,694.26 1 0
github.com/23skdu/longbow/internal/simd/simd.go:694.26,696.3 1 0
github.com/23skdu/longbow/internal/simd/simd.go:697.2,697.44 1 0
github.com/23skdu/longbow/internal/simd/simd.go:700.80,701.12 1 1
github.com/23skdu/longbow/internal/simd/simd.go:702.17,703.25 1 1
github.com/23skdu/longbow/internal/simd/simd.go:703.25,713.16 1 1
github.com/23skdu/longbow/internal/simd/simd.go:713.16,715.5 1 1
github.com/23skdu/longbow/internal/simd/simd.go:715.10,717.5 1 1
github.com/23skdu/longbow/internal/simd/simd.go:749.4,749.16 1 1
github.com/23skdu/longbow/internal/simd/simd.go:749.16,751.5 1 1
github.com/23skdu/longbow/internal/simd/simd.go:751.10,753.5 1 1
github.com/23skdu/longbow/internal/simd/simd.go:755.18,756.25 1 1
github.com/23skdu/longbow/internal/simd/simd.go:756.25,760.4 3 1
github.com/23skdu/longbow/internal/simd/simd.go:761.17,762.25 1 1
github.com/23skdu/longbow/internal/simd/simd.go:762.25,763.15 1 1
github.com/23skdu/longbow/internal/simd/simd.go:763.15,765.5 1 1
github.com/23skdu/longbow/internal/simd/simd.go:765.10,767.5 1 1
github.com/23skdu/longbow/internal/simd/simd.go:769.17,770.25 1 1
github.com/23skdu/longbow/internal/simd/simd.go:770.25,771.16 1 1
github.com/23skdu/longbow/internal/simd/simd.go:771.16,773.5 1 1
github.com/23skdu/longbow/internal/simd/simd.go:773.10,775.5 1 1
github.com/23skdu/longbow/internal/simd/simd.go:777.17,778.25 1 1
github.com/23skdu/longbow/internal/simd/simd.go:778.25,779.15 1 1
github.com/23skdu/longbow/internal/simd/simd.go:779.15,781.5 1 1
github.com/23skdu/longbow/internal/simd/simd.go:781.10,783.5 1 1
github.com/23skdu/longbow/internal/simd/simd.go:785.17,786.25 1 1
github.com/23skdu/longbow/internal/simd/simd.go:786.25,787.16 1 1
github.com/23skdu/longbow/internal/simd/simd.go:787.16,789.5 1 1
github.com/23skdu/longbow/internal/simd/simd.go:789.10,791.5 1 1
github.com/23skdu/longbow/internal/simd/simd.go:793.10,795.25 1 0
github.com/23skdu/longbow/internal/simd/simd.go:795.25,796.16 1 0
github.com/23skdu/longbow/internal/simd/simd.go:796.16,798.5 1 0
github.com/23skdu/longbow/internal/simd/simd.go:798.10,800.5 1 0
github.com/23skdu/longbow/internal/simd/simd.go:803.2,803.12 1 1
github.com/23skdu/longbow/internal/simd/simd.go:807.86,812.12 1 1
github.com/23skdu/longbow/internal/simd/simd.go:813.17,814.25 1 1
github.com/23skdu/longbow/internal/simd/simd.go:814.25,815.16 1 1
github.com/23skdu/longbow/internal/simd/simd.go:815.16,817.5 1 1
github.com/23skdu/longbow/internal/simd/simd.go:817.10,819.5 1 1
github.com/23skdu/longbow/internal/simd/simd.go:821.18,822.25 1 1
github.com/23skdu/longbow/internal/simd/simd.go:822.25,823.16 1 1
github.com/23skdu/longbow/internal/simd/simd.go:823.16,825.5 1 1
github.com/23skdu/longbow/internal/simd/simd.go:825.10,827.5 1 1
github.com/23skdu/longbow/internal/simd/simd.go:829.17,830.25 1 1
github.com/23skdu/longbow/internal/simd/simd.go:830.25,831.15 1 1
github.com/23skdu/longbow/internal/simd/simd.go:831.15,833.5 1 1
github.com/23skdu/longbow/internal/simd/simd.go:833.10,835.5 1 1
github.com/23skdu/longbow/internal/simd/simd.go:837.17,838.25 1 1
github.com/23skdu/longbow/internal/simd/simd.go:838.25,839.16 1 1
github.com/23skdu/longbow/internal/simd/simd.go:839.16,841.5 1 1
github.com/23skdu/longbow/internal/simd/simd.go:841.10,843.5 1 1
github.com/23skdu/longbow/internal/simd/simd.go:845.17,846.25 1 1
github.com/23skdu/longbow/internal/simd/simd.go:846.25,847.15 1 1
github.com/23skdu/longbow/internal/simd/simd.go:847.15,849.5 1 1
github.com/23skdu/longbow/internal/simd/simd.go:849.10,851.5 1 1
github.com/23skdu/longbow/internal/simd/simd.go:853.17,854.25 1 1
github.com/23skdu/longbow/internal/simd/simd.go:854.25,855.16 1 1
github.com/23skdu/longbow/internal/simd/simd.go:855.16,857.5 1 1
github.com/23skdu/longbow/internal/simd/simd.go:857.10,859.5 1 1
github.com/23skdu/longbow/internal/simd/simd.go:861.10,863.25 1 0
github.com/23skdu/longbow/internal/simd/simd.go:863.25,864.16 1 0
github.com/23skdu/longbow/internal/simd/simd.go:864.16,866.5 1 0
github.com/23skdu/longbow/internal/simd/simd.go:866.10,868.5 1 0
github.com/23skdu/longbow/internal/simd/simd.go:871.2,871.12 1 1
github.com/23skdu/longbow/internal/simd/simd.go:875.86,876.12 1 1
github.com/23skdu/longbow/internal/simd/simd.go:877.17,878.25 1 1
github.com/23skdu/longbow/internal/simd/simd.go:878.25,879.16 1 1
github.com/23skdu/longbow/internal/simd/simd.go:879.16,881.5 1 1
github.com/23skdu/longbow/internal/simd/simd.go:881.10,883.5 1 0
github.com/23skdu/longbow/internal/simd/simd.go:885.18,886.25 1 0
github.com/23skdu/longbow/internal/simd/simd.go:886.25,887.16 1 0
github.com/23skdu/longbow/internal/simd/simd.go:887.16,889.5 1 0
github.com/23skdu/longbow/internal/simd/simd.go:889.10,891.5 1 0
github.com/23skdu/longbow/internal/simd/simd.go:893.17,894.25 1 0
github.com/23skdu/longbow/internal/simd/simd.go:894.25,895.15 1 0
github.com/23skdu/longbow/internal/simd/simd.go:895.15,897.5 1 0
github.com/23skdu/longbow/internal/simd/simd.go:897.10,899.5 1 0
github.com/23skdu/longbow/internal/simd/simd.go:901.17,902.25 1 0
github.com/23skdu/longbow/internal/simd/simd.go:902.25,903.16 1 0
github.com/23skdu/longbow/internal/simd/simd.go:903.16,905.5 1 0
github.com/23skdu/longbow/internal/simd/simd.go:905.10,907.5 1 0
github.com/23skdu/longbow/internal/simd/simd.go:909.17,910.25 1 0
github.com/23skdu/longbow/internal/simd/simd.go:910.25,911.15 1 0
github.com/23skdu/longbow/internal/simd/simd.go:911.15,913.5 1 0
github.com/23skdu/longbow/internal/simd/simd.go:913.10,915.5 1 0
github.com/23skdu/longbow/internal/simd/simd.go:917.17,918.25 1 0
github.com/23skdu/longbow/internal/simd/simd.go:918.25,919.16 1 0
github.com/23skdu/longbow/internal/simd/simd.go:919.16,921.5 1 0
github.com/23skdu/longbow/internal/simd/simd.go:921.10,923.5 1 0
github.com/23skdu/longbow/internal/simd/simd.go:925.10,927.25 1 0
github.com/23skdu/longbow/internal/simd/simd.go:927.25,928.16 1 0
github.com/23skdu/longbow/internal/simd/simd.go:928.16,930.5 1 0
github.com/23skdu/longbow/internal/simd/simd.go:930.10,932.5 1 0
github.com/23skdu/longbow/internal/simd/simd.go:935.2,935.12 1 1
github.com/23skdu/longbow/internal/simd/simd.go:942.66,943.22 1 1
github.com/23skdu/longbow/internal/simd/simd.go:943.22,945.3 1 0
github.com/23skdu/longbow/internal/simd/simd.go:946.2,949.25 4 1
github.com/23skdu/longbow/internal/simd/simd.go:949.25,958.3 8 1
github.com/23skdu/longbow/internal/simd/simd.go:959.2,959.19 1 1
github.com/23skdu/longbow/internal/simd/simd.go:959.19,962.3 2 1
github.com/23skdu/longbow/internal/simd/simd.go:963.2,963.68 1 1
github.com/23skdu/longbow/internal/simd/simd.go:966.60,967.22 1 1
github.com/23skdu/longbow/internal/simd/simd.go:967.22,969.3 1 0
github.com/23skdu/longbow/internal/simd/simd.go:970.2,973.25 4 1
github.com/23skdu/longbow/internal/simd/simd.go:973.25,978.3 4 1
github.com/23skdu/longbow/internal/simd/simd.go:979.2,979.19 1 1
github.com/23skdu/longbow/internal/simd/simd.go:979.19,981.3 1 1
github.com/23skdu/longbow/internal/simd/simd.go:982.2,982.39 1 1
github.com/23skdu/longbow/internal/simd/simd.go:985.63,986.22 1 1
github.com/23skdu/longbow/internal/simd/simd.go:986.22,988.3 1 0
github.com/23skdu/longbow/internal/simd/simd.go:989.2,994.25 6 1
github.com/23skdu/longbow/internal/simd/simd.go:994.25,1009.3 14 1
github.com/23skdu/longbow/internal/simd/simd.go:1010.2,1010.19 1 1
github.com/23skdu/longbow/internal/simd/simd.go:1010.19,1015.3 4 1
github.com/23skdu/longbow/internal/simd/simd.go:1016.2,1019.30 4 1
github.com/23skdu/longbow/internal/simd/simd.go:1019.30,1021.3 1 1
github.com/23skdu/longbow/internal/simd/simd.go:1022.2,1022.77 1 1
github.com/23skdu/longbow/internal/simd/simd_arm64.go:49.53,50.22 1 1
github.com/23skdu/longbow/internal/simd/simd_arm64.go:50.22,52.3 1 0
github.com/23skdu/longbow/internal/simd/simd_arm64.go:53.2,53.17 1 1
github.com/23skdu/longbow/internal/simd/simd_arm64.go:53.17,55.3 1 0
github.com/23skdu/longbow/internal/simd/simd_arm64.go:56.2,56.39 1 1
github.com/23skdu/longbow/internal/simd/simd_arm64.go:59.47,60.22 1 1
github.com/23skdu/longbow/internal/simd/simd_arm64.go:60.22,62.3 1 0
github.com/23skdu/longbow/internal/simd/simd_arm64.go:63.2,63.17 1 1
github.com/23skdu/longbow/internal/simd/simd_arm64.go:63.17,65.3 1 0
github.com/23skdu/longbow/internal/simd/simd_arm64.go:66.2,66.33 1 1
github.com/23skdu/longbow/internal/simd/simd_arm64.go:70.56,72.2 1 0
github.com/23skdu/longbow/internal/simd/simd_arm64.go:75.56,77.2 1 0
github.com/23skdu/longbow/internal/simd/simd_arm64.go:80.57,82.2 1 0
github.com/23skdu/longbow/internal/simd/simd_arm64.go:84.56,86.2 1 1
github.com/23skdu/longbow/internal/simd/simd_arm64.go:88.50,90.2 1 1
github.com/23skdu/longbow/internal/simd/simd_arm64.go:92.50,94.2 1 0
github.com/23skdu/longbow/internal/simd/simd_arm64.go:96.51,98.2 1 0
github.com/23skdu/longbow/internal/simd/simd_arm64.go:100.50,102.2 1 1
github.com/23skdu/longbow/internal/simd/simd_arm64.go:105.50,106.23 1 1
github.com/23skdu/longbow/internal/simd/simd_arm64.go:106.23,108.3 1 0
github.com/23skdu/longbow/internal/simd/simd_arm64.go:110.2,110.22 1 1
github.com/23skdu/longbow/internal/simd/simd_arm64.go:110.22,112.3 1 0
github.com/23skdu/longbow/internal/simd/simd_arm64.go:114.2,118.25 4 1
github.com/23skdu/longbow/internal/simd/simd_arm64.go:118.25,122.3 3 1
github.com/23skdu/longbow/internal/simd/simd_arm64.go:124.2,124.19 1 1
github.com/23skdu/longbow/internal/simd/simd_arm64.go:124.19,128.3 3 1
github.com/23skdu/longbow/internal/simd/simd_arm64.go:130.2,130.30 1 1
github.com/23skdu/longbow/internal/simd/simd_arm64.go:130.30,132.3 1 1
github.com/23skdu/longbow/internal/simd/simd_arm64.go:133.2,133.77 1 1
github.com/23skdu/longbow/internal/simd/simd_arm64.go:136.86,138.2 1 0
github.com/23skdu/longbow/internal/simd/simd_arm64.go:139.88,140.28 1 1
github.com/23skdu/longbow/internal/simd/simd_arm64.go:140.28,142.17 2 1
github.com/23skdu/longbow/internal/simd/simd_arm64.go:142.17,144.4 1 0
github.com/23skdu/longbow/internal/simd/simd_arm64.go:145.3,145.17 1 1
github.com/23skdu/longbow/internal/simd/simd_arm64.go:147.2,147.12 1 1
github.com/23skdu/longbow/internal/simd/simd_arm64.go:150.82,151.28 1 1
github.com/23skdu/longbow/internal/simd/simd_arm64.go:151.28,153.17 2 1
github.com/23skdu/longbow/internal/simd/simd_arm64.go:153.17,155.4 1 0
github.com/23skdu/longbow/internal/simd/simd_arm64.go:156.3,156.17 1 1
github.com/23skdu/longbow/internal/simd/simd_arm64.go:158.2,158.12 1 1
github.com/23skdu/longbow/internal/simd/simd_arm64.go:161.85,162.28 1 1
github.com/23skdu/longbow/internal/simd/simd_arm64.go:162.28,164.17 2 1
github.com/23skdu/longbow/internal/simd/simd_arm64.go:164.17,166.4 1 0
github.com/23skdu/longbow/internal/simd/simd_arm64.go:167.3,167.17 1 1
github.com/23skdu/longbow/internal/simd/simd_arm64.go:169.2,169.12 1 1
github.com/23skdu/longbow/internal/simd/simd_arm64.go:172.96,174.2 1 0
github.com/23skdu/longbow/internal/simd/simd_arm64.go:176.53,177.22 1 1
github.com/23skdu/longbow/internal/simd/simd_arm64.go:177.22,179.3 1 0
github.com/23skdu/longbow/internal/simd/simd_arm64.go:180.2,180.17 1 1
github.com/23skdu/longbow/internal/simd/simd_arm64.go:180.17,182.3 1 0
github.com/23skdu/longbow/internal/simd/simd_arm64.go:183.2,183.39 1 1
github.com/23skdu/longbow/internal/simd/simd_arm64.go:186.58,188.30 2 1
github.com/23skdu/longbow/internal/simd/simd_arm64.go:188.30,190.3 1 0
github.com/23skdu/longbow/internal/simd/simd_arm64.go:193.2,193.12 1 1
github.com/23skdu/longbow/internal/simd/simd_arm64.go:193.12,195.3 1 1
github.com/23skdu/longbow/internal/simd/simd_arm64.go:198.2,198.29 1 1
github.com/23skdu/longbow/internal/simd/simd_arm64.go:198.29,200.3 1 1
github.com/23skdu/longbow/internal/simd/simd_arm64.go:203.2,203.12 1 1
github.com/23skdu/longbow/internal/simd/simd_arm64.go:203.12,204.31 1 1
github.com/23skdu/longbow/internal/simd/simd_arm64.go:204.31,205.35 1 1
github.com/23skdu/longbow/internal/simd/simd_arm64.go:205.35,208.32 2 1
github.com/23skdu/longbow/internal/simd/simd_arm64.go:208.32,210.6 1 1
github.com/23skdu/longbow/internal/simd/simd_arm64.go:212.5,212.30 1 1
github.com/23skdu/longbow/internal/simd/simd_arm64.go:212.30,214.6 1 0
github.com/23skdu/longbow/internal/simd/simd_arm64.go:216.5,216.24 1 1
github.com/23skdu/longbow/internal/simd/simd_arm64.go:216.24,221.6 4 0
github.com/23skdu/longbow/internal/simd/simd_arm64.go:226.2,226.12 1 1
github.com/23skdu/longbow/internal/simd/simd_arm64.go:229.56,232.13 2 1
github.com/23skdu/longbow/internal/simd/simd_arm64.go:232.13,234.3 1 1
github.com/23skdu/longbow/internal/simd/simd_arm64.go:234.8,235.20 1 0
github.com/23skdu/longbow/internal/simd/simd_arm64.go:235.20,237.66 1 0
github.com/23skdu/longbow/internal/simd/simd_arm64.go:237.66,239.5 1 0
github.com/23skdu/longbow/internal/simd/simd_arm64.go:244.2,244.44 1 1
github.com/23skdu/longbow/internal/simd/simd_baseline.go:13.60,14.22 1 1
github.com/23skdu/longbow/internal/simd/simd_baseline.go:14.22,16.3 1 0
github.com/23skdu/longbow/internal/simd/simd_baseline.go:17.2,20.25 4 1
github.com/23skdu/longbow/internal/simd/simd_baseline.go:20.25,29.3 8 1
github.com/23skdu/longbow/internal/simd/simd_baseline.go:30.2,30.19 1 1
github.com/23skdu/longbow/internal/simd/simd_baseline.go:30.19,33.3 2 1
github.com/23skdu/longbow/internal/simd/simd_baseline.go:34.2,34.59 1 1
github.com/23skdu/longbow/internal/simd/simd_baseline.go:37.54,38.22 1 1
github.com/23skdu/longbow/internal/simd/simd_baseline.go:38.22,40.3 1 0
github.com/23skdu/longbow/internal/simd/simd_baseline.go:41.2,44.25 4 1
github.com/23skdu/longbow/internal/simd/simd_baseline.go:44.25,49.3 4 1
github.com/23skdu/longbow/internal/simd/simd_baseline.go:50.2,50.19 1 1
github.com/23skdu/longbow/internal/simd/simd_baseline.go:50.19,52.3 1 1
github.com/23skdu/longbow/internal/simd/simd_baseline.go:53.2,53.48 1 1
github.com/23skdu/longbow/internal/simd/simd_baseline.go:59.62,60.22 1 1
github.com/23skdu/longbow/internal/simd/simd_baseline.go:60.22,62.3 1 0
github.com/23skdu/longbow/internal/simd/simd_baseline.go:63.2,66.25 4 1
github.com/23skdu/longbow/internal/simd/simd_baseline.go:66.25,75.3 8 1
github.com/23skdu/longbow/internal/simd/simd_baseline.go:76.2,76.19 1 1
github.com/23skdu/longbow/internal/simd/simd_baseline.go:76.19,79.3 2 1
github.com/23skdu/longbow/internal/simd/simd_baseline.go:80.2,80.59 1 1
github.com/23skdu/longbow/internal/simd/simd_baseline.go:83.56,84.22 1 1
github.com/23skdu/longbow/internal/simd/simd_baseline.go:84.22,86.3 1 0
github.com/23skdu/longbow/internal/simd/simd_baseline.go:87.2,90.25 4 1
github.com/23skdu/longbow/internal/simd/simd_baseline.go:90.25,95.3 4 1
github.com/23skdu/longbow/internal/simd/simd_baseline.go:96.2,96.19 1 1
github.com/23skdu/longbow/internal/simd/simd_baseline.go:96.19,98.3 1 1
github.com/23skdu/longbow/internal/simd/simd_baseline.go:99.2,99.48 1 1
github.com/23skdu/longbow/internal/simd/simd_baseline.go:103.62,104.22 1 1
github.com/23skdu/longbow/internal/simd/simd_baseline.go:104.22,106.3 1 0
github.com/23skdu/longbow/internal/simd/simd_baseline.go:107.2,110.25 4 1
github.com/23skdu/longbow/internal/simd/simd_baseline.go:110.25,119.3 8 1
github.com/23skdu/longbow/internal/simd/simd_baseline.go:120.2,120.19 1 1
github.com/23skdu/longbow/internal/simd/simd_baseline.go:120.19,123.3 2 1
github.com/23skdu/longbow/internal/simd/simd_baseline.go:124.2,124.59 1 1
github.com/23skdu/longbow/internal/simd/simd_baseline.go:127.56,128.22 1 1
github.com/23skdu/longbow/internal/simd/simd_baseline.go:128.22,130.3 1 0
github.com/23skdu/longbow/internal/simd/simd_baseline.go:131.2,134.25 4 1
github.com/23skdu/longbow/internal/simd/simd_baseline.go:134.25,139.3 4 1
github.com/23skdu/longbow/internal/simd/simd_baseline.go:140.2,140.19 1 1
github.com/23skdu/longbow/internal/simd/simd_baseline.go:140.19,142.3 1 1
github.com/23skdu/longbow/internal/simd/simd_baseline.go:143.2,143.48 1 1
github.com/23skdu/longbow/internal/simd/simd_baseline.go:147.62,148.22 1 1
github.com/23skdu/longbow/internal/simd/simd_baseline.go:148.22,150.3 1 0
github.com/23skdu/longbow/internal/simd/simd_baseline.go:151.2,154.25 4 1
github.com/23skdu/longbow/internal/simd/simd_baseline.go:154.25,163.3 8 1
github.com/23skdu/longbow/internal/simd/simd_baseline.go:164.2,164.19 1 1
github.com/23skdu/longbow/internal/simd/simd_baseline.go:164.19,167.3 2 1
github.com/23skdu/longbow/internal/simd/simd_baseline.go:168.2,168.59 1 1
github.com/23skdu/longbow/internal/simd/simd_baseline.go:172.68,173.22 1 0
github.com/23skdu/longbow/internal/simd/simd_baseline.go:173.22,175.3 1 0
github.com/23skdu/longbow/internal/simd/simd_baseline.go:176.2,179.25 4 0
github.com/23skdu/longbow/internal/simd/simd_baseline.go:179.25,185.3 5 0
github.com/23skdu/longbow/internal/simd/simd_baseline.go:186.2,186.19 1 0
github.com/23skdu/longbow/internal/simd/simd_baseline.go:186.19,189.3 2 0
github.com/23skdu/longbow/internal/simd/simd_baseline.go:190.2,190.59 1 0
github.com/23skdu/longbow/internal/simd/simd_baseline.go:193.62,194.22 1 1
github.com/23skdu/longbow/internal/simd/simd_baseline.go:194.22,196.3 1 0
github.com/23skdu/longbow/internal/simd/simd_baseline.go:197.2,200.25 4 1
github.com/23skdu/longbow/internal/simd/simd_baseline.go:200.25,205.3 4 0
github.com/23skdu/longbow/internal/simd/simd_baseline.go:206.2,206.19 1 1
github.com/23skdu/longbow/internal/simd/simd_baseline.go:206.19,208.3 1 1
github.com/23skdu/longbow/internal/simd/simd_baseline.go:209.2,209.45 1 1
github.com/23skdu/longbow/internal/simd/simd_baseline.go:213.62,214.22 1 1
github.com/23skdu/longbow/internal/simd/simd_baseline.go:214.22,216.3 1 0
github.com/23skdu/longbow/internal/simd/simd_baseline.go:217.2,220.25 4 1
github.com/23skdu/longbow/internal/simd/simd_baseline.go:220.25,229.3 8 1
github.com/23skdu/longbow/internal/simd/simd_baseline.go:230.2,230.19 1 1
github.com/23skdu/longbow/internal/simd/simd_baseline.go:230.19,233.3 2 1
github.com/23skdu/longbow/internal/simd/simd_baseline.go:234.2,234.59 1 1
github.com/23skdu/longbow/internal/simd/simd_baseline.go:237.64,238.22 1 1
github.com/23skdu/longbow/internal/simd/simd_baseline.go:238.22,240.3 1 0
github.com/23skdu/longbow/internal/simd/simd_baseline.go:241.2,244.25 4 1
github.com/23skdu/longbow/internal/simd/simd_baseline.go:244.25,253.3 8 1
github.com/23skdu/longbow/internal/simd/simd_baseline.go:254.2,254.19 1 1
github.com/23skdu/longbow/internal/simd/simd_baseline.go:254.19,257.3 2 1
github.com/23skdu/longbow/internal/simd/simd_baseline.go:258.2,258.59 1 1
github.com/23skdu/longbow/internal/simd/simd_baseline.go:261.64,262.22 1 1
github.com/23skdu/longbow/internal/simd/simd_baseline.go:262.22,264.3 1 0
github.com/23skdu/longbow/internal/simd/simd_baseline.go:265.2,268.25 4 1
github.com/23skdu/longbow/internal/simd/simd_baseline.go:268.25,277.3 8 1
github.com/23skdu/longbow/internal/simd/simd_baseline.go:278.2,278.19 1 1
github.com/23skdu/longbow/internal/simd/simd_baseline.go:278.19,281.3 2 1
github.com/23skdu/longbow/internal/simd/simd_baseline.go:282.2,282.59 1 1
github.com/23skdu/longbow/internal/simd/simd_baseline.go:285.64,286.22 1 1
github.com/23skdu/longbow/internal/simd/simd_baseline.go:286.22,288.3 1 0
github.com/23skdu/longbow/internal/simd/simd_baseline.go:289.2,292.25 4 1
github.com/23skdu/longbow/internal/simd/simd_baseline.go:292.25,301.3 8 1
github.com/23skdu/longbow/internal/simd/simd_baseline.go:302.2,302.19 1 1
github.com/23skdu/longbow/internal/simd/simd_baseline.go:302.19,305.3 2 1
github.com/23skdu/longbow/internal/simd/simd_baseline.go:306.2,306.59 1 1
github.com/23skdu/longbow/internal/simd/simd_baseline.go:310.70,311.22 1 0
github.com/23skdu/longbow/internal/simd/simd_baseline.go:311.22,313.3 1 0
github.com/23skdu/longbow/internal/simd/simd_baseline.go:314.2,317.25 4 0
github.com/23skdu/longbow/internal/simd/simd_baseline.go:317.25,327.3 8 0
github.com/23skdu/longbow/internal/simd/simd_baseline.go:328.2,328.19 1 0
github.com/23skdu/longbow/internal/simd/simd_baseline.go:328.19,331.3 2 0
github.com/23skdu/longbow/internal/simd/simd_baseline.go:332.2,332.59 1 0
github.com/23skdu/longbow/internal/simd/simd_baseline.go:336.66,337.22 1 1
github.com/23skdu/longbow/internal/simd/simd_baseline.go:337.22,339.3 1 0
github.com/23skdu/longbow/internal/simd/simd_baseline.go:340.2,343.25 4 1
github.com/23skdu/longbow/internal/simd/simd_baseline.go:343.25,352.3 8 1
github.com/23skdu/longbow/internal/simd/simd_baseline.go:353.2,353.19 1 1
github.com/23skdu/longbow/internal/simd/simd_baseline.go:353.19,356.3 2 1
github.com/23skdu/longbow/internal/simd/simd_baseline.go:357.2,357.59 1 1
github.com/23skdu/longbow/internal/simd/simd_baseline.go:360.60,361.22 1 1
github.com/23skdu/longbow/internal/simd/simd_baseline.go:361.22,363.3 1 0
github.com/23skdu/longbow/internal/simd/simd_baseline.go:364.2,367.25 4 1
github.com/23skdu/longbow/internal/simd/simd_baseline.go:367.25,372.3 4 1
github.com/23skdu/longbow/internal/simd/simd_baseline.go:373.2,373.19 1 1
github.com/23skdu/longbow/internal/simd/simd_baseline.go:373.19,375.3 1 1
github.com/23skdu/longbow/internal/simd/simd_baseline.go:376.2,376.48 1 1
github.com/23skdu/longbow/internal/simd/simd_baseline.go:379.58,380.22 1 1
github.com/23skdu/longbow/internal/simd/simd_baseline.go:380.22,382.3 1 0
github.com/23skdu/longbow/internal/simd/simd_baseline.go:383.2,386.25 4 1
github.com/23skdu/longbow/internal/simd/simd_baseline.go:386.25,391.3 4 1
github.com/23skdu/longbow/internal/simd/simd_baseline.go:392.2,392.19 1 1
github.com/23skdu/longbow/internal/simd/simd_baseline.go:392.19,394.3 1 1
github.com/23skdu/longbow/internal/simd/simd_baseline.go:395.2,395.48 1 1
github.com/23skdu/longbow/internal/simd/simd_baseline.go:398.58,399.22 1 1
github.com/23skdu/longbow/internal/simd/simd_baseline.go:399.22,401.3 1 0
github.com/23skdu/longbow/internal/simd/simd_baseline.go:402.2,405.25 4 1
github.com/23skdu/longbow/internal/simd/simd_baseline.go:405.25,410.3 4 1
github.com/23skdu/longbow/internal/simd/simd_baseline.go:411.2,411.19 1 1
github.com/23skdu/longbow/internal/simd/simd_baseline.go:411.19,413.3 1 1
github.com/23skdu/longbow/internal/simd/simd_baseline.go:414.2,414.48 1 1
github.com/23skdu/longbow/internal/simd/simd_baseline.go:417.56,418.22 1 1
github.com/23skdu/longbow/internal/simd/simd_baseline.go:418.22,420.3 1 0
github.com/23skdu/longbow/internal/simd/simd_baseline.go:421.2,424.25 4 1
github.com/23skdu/longbow/internal/simd/simd_baseline.go:424.25,429.3 4 1
github.com/23skdu/longbow/internal/simd/simd_baseline.go:430.2,430.19 1 1
github.com/23skdu/longbow/internal/simd/simd_baseline.go:430.19,432.3 1 1
github.com/23skdu/longbow/internal/simd/simd_baseline.go:433.2,433.48 1 1
github.com/23skdu/longbow/internal/simd/simd_baseline.go:436.58,437.22 1 1
github.com/23skdu/longbow/internal/simd/simd_baseline.go:437.22,439.3 1 0
github.com/23skdu/longbow/internal/simd/simd_baseline.go:440.2,443.25 4 1
github.com/23skdu/longbow/internal/simd/simd_baseline.go:443.25,448.3 4 1
github.com/23skdu/longbow/internal/simd/simd_baseline.go:449.2,449.19 1 1
github.com/23skdu/longbow/internal/simd/simd_baseline.go:449.19,451.3 1 1
github.com/23skdu/longbow/internal/simd/simd_baseline.go:452.2,452.48 1 1
github.com/23skdu/longbow/internal/simd/simd_baseline.go:455.64,456.22 1 1
github.com/23skdu/longbow/internal/simd/simd_baseline.go:456.22,458.3 1 0
github.com/23skdu/longbow/internal/simd/simd_baseline.go:459.2,463.25 5 1
github.com/23skdu/longbow/internal/simd/simd_baseline.go:463.25,474.3 10 0
github.com/23skdu/longbow/internal/simd/simd_baseline.go:475.2,475.19 1 1
github.com/23skdu/longbow/internal/simd/simd_baseline.go:475.19,478.3 2 1
github.com/23skdu/longbow/internal/simd/simd_baseline.go:479.2,479.88 1 1
github.com/23skdu/longbow/internal/simd/simd_baseline.go:483.63,484.22 1 1
github.com/23skdu/longbow/internal/simd/simd_baseline.go:484.22,486.3 1 0
github.com/23skdu/longbow/internal/simd/simd_baseline.go:487.2,487.17 1 1
github.com/23skdu/longbow/internal/simd/simd_baseline.go:487.17,489.3 1 0
github.com/23skdu/longbow/internal/simd/simd_baseline.go:491.2,496.25 4 1
github.com/23skdu/longbow/internal/simd/simd_baseline.go:496.25,500.3 3 1
github.com/23skdu/longbow/internal/simd/simd_baseline.go:503.2,503.19 1 1
github.com/23skdu/longbow/internal/simd/simd_baseline.go:503.19,507.3 3 1
github.com/23skdu/longbow/internal/simd/simd_baseline.go:510.2,510.36 1 1
github.com/23skdu/longbow/internal/simd/simd_baseline.go:510.36,512.3 1 1
github.com/23skdu/longbow/internal/simd/simd_baseline.go:514.2,516.22 2 1
github.com/23skdu/longbow/internal/simd/simd_baseline.go:516.22,518.3 1 0
github.com/23skdu/longbow/internal/simd/simd_baseline.go:518.8,518.30 1 1
github.com/23skdu/longbow/internal/simd/simd_baseline.go:518.30,520.3 1 0
github.com/23skdu/longbow/internal/simd/simd_baseline.go:523.2,523.39 1 1
github.com/23skdu/longbow/internal/simd/simd_baseline.go:525.56,526.22 1 1
github.com/23skdu/longbow/internal/simd/simd_baseline.go:526.22,528.3 1 0
github.com/23skdu/longbow/internal/simd/simd_baseline.go:529.2,532.25 4 1
github.com/23skdu/longbow/internal/simd/simd_baseline.go:532.25,537.3 4 1
github.com/23skdu/longbow/internal/simd/simd_baseline.go:538.2,538.19 1 1
github.com/23skdu/longbow/internal/simd/simd_baseline.go:538.19,540.3 1 1
github.com/23skdu/longbow/internal/simd/simd_baseline.go:541.2,541.48 1 1
github.com/23skdu/longbow/internal/simd/simd_baseline.go:548.65,549.22 1 1
github.com/23skdu/longbow/internal/simd/simd_baseline.go:549.22,551.3 1 0
github.com/23skdu/longbow/internal/simd/simd_baseline.go:552.2,552.17 1 1
github.com/23skdu/longbow/internal/simd/simd_baseline.go:552.17,554.3 1 0
github.com/23skdu/longbow/internal/simd/simd_baseline.go:555.2,558.25 4 1
github.com/23skdu/longbow/internal/simd/simd_baseline.go:558.25,566.3 7 1
github.com/23skdu/longbow/internal/simd/simd_baseline.go:567.2,567.19 1 1
github.com/23skdu/longbow/internal/simd/simd_baseline.go:567.19,572.3 4 1
github.com/23skdu/longbow/internal/simd/simd_baseline.go:573.2,573.30 1 1
github.com/23skdu/longbow/internal/simd/simd_baseline.go:573.30,575.3 1 0
github.com/23skdu/longbow/internal/simd/simd_baseline.go:576.2,577.63 2 1
github.com/23skdu/longbow/internal/simd/simd_baseline.go:580.67,581.22 1 1
github.com/23skdu/longbow/internal/simd/simd_baseline.go:581.22,583.3 1 0
github.com/23skdu/longbow/internal/simd/simd_baseline.go:584.2,584.17 1 1
github.com/23skdu/longbow/internal/simd/simd_baseline.go:584.17,586.3 1 0
github.com/23skdu/longbow/internal/simd/simd_baseline.go:587.2,590.25 4 1
github.com/23skdu/longbow/internal/simd/simd_baseline.go:590.25,598.3 7 1
github.com/23skdu/longbow/internal/simd/simd_baseline.go:599.2,599.19 1 1
github.com/23skdu/longbow/internal/simd/simd_baseline.go:599.19,604.3 4 1
github.com/23skdu/longbow/internal/simd/simd_baseline.go:605.2,605.30 1 1
github.com/23skdu/longbow/internal/simd/simd_baseline.go:605.30,607.3 1 0
github.com/23skdu/longbow/internal/simd/simd_baseline.go:608.2,609.63 2 1
github.com/23skdu/longbow/internal/simd/simd_baseline.go:612.67,613.22 1 1
github.com/23skdu/longbow/internal/simd/simd_baseline.go:613.22,615.3 1 0
github.com/23skdu/longbow/internal/simd/simd_baseline.go:616.2,616.17 1 1
github.com/23skdu/longbow/internal/simd/simd_baseline.go:616.17,618.3 1 0
github.com/23skdu/longbow/internal/simd/simd_baseline.go:619.2,620.19 2 1
github.com/23skdu/longbow/internal/simd/simd_baseline.go:620.19,625.3 4 1
github.com/23skdu/longbow/internal/simd/simd_baseline.go:626.2,626.30 1 1
github.com/23skdu/longbow/internal/simd/simd_baseline.go:626.30,628.3 1 0
github.com/23skdu/longbow/internal/simd/simd_baseline.go:629.2,630.39 2 1
github.com/23skdu/longbow/internal/simd/simd_baseline.go:633.69,634.22 1 1
github.com/23skdu/longbow/internal/simd/simd_baseline.go:634.22,636.3 1 0
github.com/23skdu/longbow/internal/simd/simd_baseline.go:637.2,637.17 1 1
github.com/23skdu/longbow/internal/simd/simd_baseline.go:637.17,639.3 1 0
github.com/23skdu/longbow/internal/simd/simd_baseline.go:640.2,641.19 2 1
github.com/23skdu/longbow/internal/simd/simd_baseline.go:641.19,646.3 4 1
github.com/23skdu/longbow/internal/simd/simd_baseline.go:647.2,647.30 1 1
github.com/23skdu/longbow/internal/simd/simd_baseline.go:647.30,649.3 1 0
github.com/23skdu/longbow/internal/simd/simd_baseline.go:650.2,651.39 2 1
github.com/23skdu/longbow/internal/simd/simd_baseline.go:654.67,655.22 1 1
github.com/23skdu/longbow/internal/simd/simd_baseline.go:655.22,657.3 1 0
github.com/23skdu/longbow/internal/simd/simd_baseline.go:658.2,658.17 1 1
github.com/23skdu/longbow/internal/simd/simd_baseline.go:658.17,660.3 1 0
github.com/23skdu/longbow/internal/simd/simd_baseline.go:661.2,662.19 2 1
github.com/23skdu/longbow/internal/simd/simd_baseline.go:662.19,667.3 4 1
github.com/23skdu/longbow/internal/simd/simd_baseline.go:668.2,668.30 1 1
github.com/23skdu/longbow/internal/simd/simd_baseline.go:668.30,670.3 1 0
github.com/23skdu/longbow/internal/simd/simd_baseline.go:671.2,672.39 2 1
github.com/23skdu/longbow/internal/simd/simd_baseline.go:675.69,676.22 1 1
github.com/23skdu/longbow/internal/simd/simd_baseline.go:676.22,678.3 1 0
github.com/23skdu/longbow/internal/simd/simd_baseline.go:679.2,679.17 1 1
github.com/23skdu/longbow/internal/simd/simd_baseline.go:679.17,681.3 1 0
github.com/23skdu/longbow/internal/simd/simd_baseline.go:682.2,683.19 2 1
github.com/23skdu/longbow/internal/simd/simd_baseline.go:683.19,688.3 4 1
github.com/23skdu/longbow/internal/simd/simd_baseline.go:689.2,689.30 1 1
github.com/23skdu/longbow/internal/simd/simd_baseline.go:689.30,691.3 1 0
github.com/23skdu/longbow/internal/simd/simd_baseline.go:692.2,693.39 2 1
github.com/23skdu/longbow/internal/simd/simd_baseline.go:696.67,697.22 1 1
github.com/23skdu/longbow/internal/simd/simd_baseline.go:697.22,699.3 1 0
github.com/23skdu/longbow/internal/simd/simd_baseline.go:700.2,700.17 1 1
github.com/23skdu/longbow/internal/simd/simd_baseline.go:700.17,702.3 1 0
github.com/23skdu/longbow/internal/simd/simd_baseline.go:703.2,704.19 2 1
github.com/23skdu/longbow/internal/simd/simd_baseline.go:704.19,709.3 4 1
github.com/23skdu/longbow/internal/simd/simd_baseline.go:710.2,710.30 1 1
github.com/23skdu/longbow/internal/simd/simd_baseline.go:710.30,712.3 1 0
github.com/23skdu/longbow/internal/simd/simd_baseline.go:713.2,714.39 2 1
github.com/23skdu/longbow/internal/simd/simd_baseline.go:717.69,718.22 1 1
github.com/23skdu/longbow/internal/simd/simd_baseline.go:718.22,720.3 1 0
github.com/23skdu/longbow/internal/simd/simd_baseline.go:721.2,721.17 1 1
github.com/23skdu/longbow/internal/simd/simd_baseline.go:721.17,723.3 1 0
github.com/23skdu/longbow/internal/simd/simd_baseline.go:724.2,725.19 2 1
github.com/23skdu/longbow/internal/simd/simd_baseline.go:725.19,730.3 4 1
github.com/23skdu/longbow/internal/simd/simd_baseline.go:731.2,731.30 1 1
github.com/23skdu/longbow/internal/simd/simd_baseline.go:731.30,733.3 1 0
github.com/23skdu/longbow/internal/simd/simd_baseline.go:734.2,735.39 2 1
github.com/23skdu/longbow/internal/simd/simd_baseline.go:738.65,739.22 1 1
github.com/23skdu/longbow/internal/simd/simd_baseline.go:739.22,741.3 1 0
github.com/23skdu/longbow/internal/simd/simd_baseline.go:742.2,742.17 1 1
github.com/23skdu/longbow/internal/simd/simd_baseline.go:742.17,744.3 1 0
github.com/23skdu/longbow/internal/simd/simd_baseline.go:745.2,746.19 2 1
github.com/23skdu/longbow/internal/simd/simd_baseline.go:746.19,757.3 6 1
github.com/23skdu/longbow/internal/simd/simd_baseline.go:758.2,758.30 1 1
github.com/23skdu/longbow/internal/simd/simd_baseline.go:758.30,760.3 1 0
github.com/23skdu/longbow/internal/simd/simd_baseline.go:762.2,763.39 2 1
github.com/23skdu/longbow/internal/simd/simd_baseline.go:766.67,767.22 1 0
github.com/23skdu/longbow/internal/simd/simd_baseline.go:767.22,769.3 1 0
github.com/23skdu/longbow/internal/simd/simd_baseline.go:770.2,770.17 1 0
github.com/23skdu/longbow/internal/simd/simd_baseline.go:770.17,772.3 1 0
github.com/23skdu/longbow/internal/simd/simd_baseline.go:773.2,774.19 2 0
github.com/23skdu/longbow/internal/simd/simd_baseline.go:774.19,783.3 6 0
github.com/23skdu/longbow/internal/simd/simd_baseline.go:784.2,784.30 1 0
github.com/23skdu/longbow/internal/simd/simd_baseline.go:784.30,786.3 1 0
github.com/23skdu/longbow/internal/simd/simd_baseline.go:787.2,788.39 2 0
github.com/23skdu/longbow/internal/simd/simd_batch_baseline.go:8.102,9.28 1 1
github.com/23skdu/longbow/internal/simd/simd_batch_baseline.go:9.28,10.15 1 1
github.com/23skdu/longbow/internal/simd/simd_batch_baseline.go:10.15,11.12 1 0
github.com/23skdu/longbow/internal/simd/simd_batch_baseline.go:13.3,14.17 2 1
github.com/23skdu/longbow/internal/simd/simd_batch_baseline.go:14.17,16.4 1 0
github.com/23skdu/longbow/internal/simd/simd_batch_baseline.go:17.3,17.17 1 1
github.com/23skdu/longbow/internal/simd/simd_batch_baseline.go:19.2,19.12 1 1
github.com/23skdu/longbow/internal/simd/simd_bitops.go:3.39,4.21 1 1
github.com/23skdu/longbow/internal/simd/simd_bitops.go:4.21,6.3 1 1
github.com/23skdu/longbow/internal/simd/simd_bitops.go:9.38,10.21 1 1
github.com/23skdu/longbow/internal/simd/simd_bitops.go:10.21,12.3 1 1
github.com/23skdu/longbow/internal/simd/simd_bitops.go:15.34,16.21 1 0
github.com/23skdu/longbow/internal/simd/simd_bitops.go:16.21,17.18 1 0
github.com/23skdu/longbow/internal/simd/simd_bitops.go:17.18,19.4 1 0
github.com/23skdu/longbow/internal/simd/simd_bitops.go:19.9,21.4 1 0
github.com/23skdu/longbow/internal/simd/simd_bitops.go:25.41,26.24 1 1
github.com/23skdu/longbow/internal/simd/simd_bitops.go:26.24,27.13 1 1
github.com/23skdu/longbow/internal/simd/simd_bitops.go:27.13,29.4 1 0
github.com/23skdu/longbow/internal/simd/simd_bitops.go:31.2,31.13 1 1
github.com/23skdu/longbow/internal/simd/simd_bitops.go:37.29,44.2 1 0
github.com/23skdu/longbow/internal/simd/simd_bitops.go:50.41,52.2 1 1
github.com/23skdu/longbow/internal/simd/simd_bitops.go:55.48,57.30 2 0
github.com/23skdu/longbow/internal/simd/simd_bitops.go:57.30,59.3 1 0
github.com/23skdu/longbow/internal/simd/simd_bitops.go:60.2,60.13 1 0
github.com/23skdu/longbow/internal/simd/simd_bitops.go:67.32,80.2 10 0
github.com/23skdu/longbow/internal/simd/simd_blocked.go:22.64,23.35 1 1
github.com/23skdu/longbow/internal/simd/simd_blocked.go:23.35,25.3 1 0
github.com/23skdu/longbow/internal/simd/simd_blocked.go:27.2,30.17 3 1
github.com/23skdu/longbow/internal/simd/simd_blocked.go:30.17,32.3 1 0
github.com/23skdu/longbow/internal/simd/simd_blocked.go:34.2,35.68 2 1
github.com/23skdu/longbow/internal/simd/simd_blocked.go:35.68,39.17 4 1
github.com/23skdu/longbow/internal/simd/simd_blocked.go:39.17,41.4 1 0
github.com/23skdu/longbow/internal/simd/simd_blocked.go:42.3,42.11 1 1
github.com/23skdu/longbow/internal/simd/simd_blocked.go:46.2,46.16 1 1
github.com/23skdu/longbow/internal/simd/simd_blocked.go:46.16,48.17 2 1
github.com/23skdu/longbow/internal/simd/simd_blocked.go:48.17,50.4 1 0
github.com/23skdu/longbow/internal/simd/simd_blocked.go:51.3,51.11 1 1
github.com/23skdu/longbow/internal/simd/simd_blocked.go:54.2,54.17 1 1
github.com/23skdu/longbow/internal/simd/simd_blocked.go:58.56,59.35 1 1
github.com/23skdu/longbow/internal/simd/simd_blocked.go:59.35,61.3 1 0
github.com/23skdu/longbow/internal/simd/simd_blocked.go:63.2,65.68 3 1
github.com/23skdu/longbow/internal/simd/simd_blocked.go:65.68,67.17 2 1
github.com/23skdu/longbow/internal/simd/simd_blocked.go:67.17,69.4 1 0
github.com/23skdu/longbow/internal/simd/simd_blocked.go:70.3,70.11 1 1
github.com/23skdu/longbow/internal/simd/simd_blocked.go:74.2,74.16 1 1
github.com/23skdu/longbow/internal/simd/simd_blocked.go:74.16,76.17 2 1
github.com/23skdu/longbow/internal/simd/simd_blocked.go:76.17,78.4 1 0
github.com/23skdu/longbow/internal/simd/simd_blocked.go:79.3,79.11 1 1
github.com/23skdu/longbow/internal/simd/simd_blocked.go:82.2,82.46 1 1
github.com/23skdu/longbow/internal/simd/simd_blocked.go:87.97,88.40 1 1
github.com/23skdu/longbow/internal/simd/simd_blocked.go:88.40,90.3 1 0
github.com/23skdu/longbow/internal/simd/simd_blocked.go:92.2,95.25 2 1
github.com/23skdu/longbow/internal/simd/simd_blocked.go:95.25,97.3 1 1
github.com/23skdu/longbow/internal/simd/simd_blocked.go:99.2,103.50 3 1
github.com/23skdu/longbow/internal/simd/simd_blocked.go:103.50,105.17 2 1
github.com/23skdu/longbow/internal/simd/simd_blocked.go:105.17,107.4 1 0
github.com/23skdu/longbow/internal/simd/simd_blocked.go:108.3,111.32 2 1
github.com/23skdu/longbow/internal/simd/simd_blocked.go:111.32,114.18 3 1
github.com/23skdu/longbow/internal/simd/simd_blocked.go:114.18,116.5 1 0
github.com/23skdu/longbow/internal/simd/simd_blocked.go:117.4,117.19 1 1
github.com/23skdu/longbow/internal/simd/simd_blocked.go:122.2,122.25 1 1
github.com/23skdu/longbow/internal/simd/simd_blocked.go:122.25,124.3 1 1
github.com/23skdu/longbow/internal/simd/simd_blocked.go:125.2,125.12 1 1
github.com/23skdu/longbow/internal/simd/simd_blocked.go:129.90,130.40 1 0
github.com/23skdu/longbow/internal/simd/simd_blocked.go:130.40,132.3 1 0
github.com/23skdu/longbow/internal/simd/simd_blocked.go:135.2,135.25 1 0
github.com/23skdu/longbow/internal/simd/simd_blocked.go:135.25,137.3 1 0
github.com/23skdu/longbow/internal/simd/simd_blocked.go:139.2,144.50 4 0
github.com/23skdu/longbow/internal/simd/simd_blocked.go:144.50,146.17 2 0
github.com/23skdu/longbow/internal/simd/simd_blocked.go:146.17,148.4 1 0
github.com/23skdu/longbow/internal/simd/simd_blocked.go:149.3,152.32 2 0
github.com/23skdu/longbow/internal/simd/simd_blocked.go:152.32,154.18 2 0
github.com/23skdu/longbow/internal/simd/simd_blocked.go:154.18,156.5 1 0
github.com/23skdu/longbow/internal/simd/simd_blocked.go:157.4,157.19 1 0
github.com/23skdu/longbow/internal/simd/simd_blocked.go:160.2,160.12 1 0
github.com/23skdu/longbow/internal/simd/simd_blocked.go:166.72,167.22 1 0
github.com/23skdu/longbow/internal/simd/simd_blocked.go:167.22,169.3 1 0
github.com/23skdu/longbow/internal/simd/simd_blocked.go:170.2,170.39 1 0
github.com/23skdu/longbow/internal/simd/simd_blocked.go:170.39,172.3 1 0
github.com/23skdu/longbow/internal/simd/simd_blocked.go:174.2,176.17 3 0
github.com/23skdu/longbow/internal/simd/simd_blocked.go:176.17,178.3 1 0
github.com/23skdu/longbow/internal/simd/simd_blocked.go:180.2,184.46 4 0
github.com/23skdu/longbow/internal/simd/simd_blocked.go:184.46,187.23 2 0
github.com/23skdu/longbow/internal/simd/simd_blocked.go:187.23,190.4 2 0
github.com/23skdu/longbow/internal/simd/simd_blocked.go:192.3,195.17 4 0
github.com/23skdu/longbow/internal/simd/simd_blocked.go:195.17,197.4 1 0
github.com/23skdu/longbow/internal/simd/simd_blocked.go:198.3,198.11 1 0
github.com/23skdu/longbow/internal/simd/simd_blocked.go:202.2,202.16 1 0
github.com/23skdu/longbow/internal/simd/simd_blocked.go:202.16,204.17 2 0
github.com/23skdu/longbow/internal/simd/simd_blocked.go:204.17,206.4 1 0
github.com/23skdu/longbow/internal/simd/simd_blocked.go:207.3,207.11 1 0
github.com/23skdu/longbow/internal/simd/simd_blocked.go:210.2,210.17 1 0
github.com/23skdu/longbow/internal/simd/simd_blocked.go:215.71,216.22 1 0
github.com/23skdu/longbow/internal/simd/simd_blocked.go:216.22,218.3 1 0
github.com/23skdu/longbow/internal/simd/simd_blocked.go:219.2,219.39 1 0
github.com/23skdu/longbow/internal/simd/simd_blocked.go:219.39,221.3 1 0
github.com/23skdu/longbow/internal/simd/simd_blocked.go:223.2,228.46 5 0
github.com/23skdu/longbow/internal/simd/simd_blocked.go:228.46,231.23 2 0
github.com/23skdu/longbow/internal/simd/simd_blocked.go:231.23,234.4 2 0
github.com/23skdu/longbow/internal/simd/simd_blocked.go:236.3,237.17 2 0
github.com/23skdu/longbow/internal/simd/simd_blocked.go:237.17,239.4 1 0
github.com/23skdu/longbow/internal/simd/simd_blocked.go:240.3,240.11 1 0
github.com/23skdu/longbow/internal/simd/simd_blocked.go:244.2,244.16 1 0
github.com/23skdu/longbow/internal/simd/simd_blocked.go:244.16,246.17 2 0
github.com/23skdu/longbow/internal/simd/simd_blocked.go:246.17,248.4 1 0
github.com/23skdu/longbow/internal/simd/simd_blocked.go:249.3,249.11 1 0
github.com/23skdu/longbow/internal/simd/simd_blocked.go:252.2,252.46 1 0
github.com/23skdu/longbow/internal/simd/simd_blocked.go:255.59,257.2 1 1
github.com/23skdu/longbow/internal/simd/simd_blocked.go:259.59,261.2 1 1
github.com/23skdu/longbow/internal/simd/simd_blocked.go:263.60,265.2 1 1
github.com/23skdu/longbow/internal/simd/simd_blocked.go:267.60,269.2 1 1
github.com/23skdu/longbow/internal/simd/simd_blocked.go:271.60,273.2 1 1
github.com/23skdu/longbow/internal/simd/simd_blocked.go:275.60,277.2 1 1
github.com/23skdu/longbow/internal/simd/simd_blocked.go:279.78,280.22 1 1
github.com/23skdu/longbow/internal/simd/simd_blocked.go:280.22,282.3 1 0
github.com/23skdu/longbow/internal/simd/simd_blocked.go:283.2,283.17 1 1
github.com/23skdu/longbow/internal/simd/simd_blocked.go:283.17,285.3 1 0
github.com/23skdu/longbow/internal/simd/simd_blocked.go:286.2,286.25 1 1
github.com/23skdu/longbow/internal/simd/simd_blocked.go:286.25,288.17 2 0
github.com/23skdu/longbow/internal/simd/simd_blocked.go:288.17,290.4 1 0
github.com/23skdu/longbow/internal/simd/simd_blocked.go:291.3,291.47 1 0
github.com/23skdu/longbow/internal/simd/simd_blocked.go:294.2,297.38 3 1
github.com/23skdu/longbow/internal/simd/simd_blocked.go:297.38,299.16 2 1
github.com/23skdu/longbow/internal/simd/simd_blocked.go:299.16,301.4 1 1
github.com/23skdu/longbow/internal/simd/simd_blocked.go:302.3,305.17 4 1
github.com/23skdu/longbow/internal/simd/simd_blocked.go:305.17,307.4 1 0
github.com/23skdu/longbow/internal/simd/simd_blocked.go:308.3,308.23 1 1
github.com/23skdu/longbow/internal/simd/simd_blocked.go:311.2,311.51 1 1
github.com/23skdu/longbow/internal/simd/simd_blocked.go:314.56,316.17 2 1
github.com/23skdu/longbow/internal/simd/simd_blocked.go:316.17,318.3 1 1
github.com/23skdu/longbow/internal/simd/simd_blocked.go:319.2,319.17 1 1
github.com/23skdu/longbow/internal/simd/simd_blocked.go:319.17,321.3 1 1
github.com/23skdu/longbow/internal/simd/simd_blocked.go:322.2,322.17 1 1
github.com/23skdu/longbow/internal/simd/simd_blocked.go:322.17,324.3 1 0
github.com/23skdu/longbow/internal/simd/simd_blocked.go:325.2,326.16 2 1
github.com/23skdu/longbow/internal/simd/simd_blocked.go:326.16,328.3 1 0
github.com/23skdu/longbow/internal/simd/simd_blocked.go:329.2,329.46 1 1
github.com/23skdu/longbow/internal/simd/simd_blocked.go:338.64,339.22 1 0
github.com/23skdu/longbow/internal/simd/simd_blocked.go:339.22,341.3 1 0
github.com/23skdu/longbow/internal/simd/simd_blocked.go:342.2,342.17 1 0
github.com/23skdu/longbow/internal/simd/simd_blocked.go:342.17,344.3 1 0
github.com/23skdu/longbow/internal/simd/simd_blocked.go:345.2,345.35 1 0
github.com/23skdu/longbow/internal/simd/simd_blocked.go:345.35,347.3 1 0
github.com/23skdu/longbow/internal/simd/simd_blocked.go:349.2,351.20 3 0
github.com/23skdu/longbow/internal/simd/simd_blocked.go:351.20,353.3 1 0
github.com/23skdu/longbow/internal/simd/simd_blocked.go:355.2,356.46 2 0
github.com/23skdu/longbow/internal/simd/simd_blocked.go:356.46,360.17 4 0
github.com/23skdu/longbow/internal/simd/simd_blocked.go:360.17,362.4 1 0
github.com/23skdu/longbow/internal/simd/simd_blocked.go:363.3,363.20 1 0
github.com/23skdu/longbow/internal/simd/simd_blocked.go:367.2,367.16 1 0
github.com/23skdu/longbow/internal/simd/simd_blocked.go:367.16,369.17 2 0
github.com/23skdu/longbow/internal/simd/simd_blocked.go:369.17,371.4 1 0
github.com/23skdu/longbow/internal/simd/simd_blocked.go:372.3,372.20 1 0
github.com/23skdu/longbow/internal/simd/simd_blocked.go:375.2,375.26 1 0
github.com/23skdu/longbow/internal/simd/simd_blocked.go:379.63,380.22 1 0
github.com/23skdu/longbow/internal/simd/simd_blocked.go:380.22,382.3 1 0
github.com/23skdu/longbow/internal/simd/simd_blocked.go:383.2,383.17 1 0
github.com/23skdu/longbow/internal/simd/simd_blocked.go:383.17,385.3 1 0
github.com/23skdu/longbow/internal/simd/simd_blocked.go:386.2,386.35 1 0
github.com/23skdu/longbow/internal/simd/simd_blocked.go:386.35,388.3 1 0
github.com/23skdu/longbow/internal/simd/simd_blocked.go:390.2,392.20 3 0
github.com/23skdu/longbow/internal/simd/simd_blocked.go:392.20,394.3 1 0
github.com/23skdu/longbow/internal/simd/simd_blocked.go:396.2,397.46 2 0
github.com/23skdu/longbow/internal/simd/simd_blocked.go:397.46,401.17 4 0
github.com/23skdu/longbow/internal/simd/simd_blocked.go:401.17,403.4 1 0
github.com/23skdu/longbow/internal/simd/simd_blocked.go:404.3,404.33 1 0
github.com/23skdu/longbow/internal/simd/simd_blocked.go:408.2,408.16 1 0
github.com/23skdu/longbow/internal/simd/simd_blocked.go:408.16,410.17 2 0
github.com/23skdu/longbow/internal/simd/simd_blocked.go:410.17,412.4 1 0
github.com/23skdu/longbow/internal/simd/simd_blocked.go:413.3,413.33 1 0
github.com/23skdu/longbow/internal/simd/simd_blocked.go:416.2,416.37 1 0
github.com/23skdu/longbow/internal/simd/simd_blocked.go:424.60,425.22 1 0
github.com/23skdu/longbow/internal/simd/simd_blocked.go:425.22,427.3 1 0
github.com/23skdu/longbow/internal/simd/simd_blocked.go:428.2,428.17 1 0
github.com/23skdu/longbow/internal/simd/simd_blocked.go:428.17,430.3 1 0
github.com/23skdu/longbow/internal/simd/simd_blocked.go:431.2,431.35 1 0
github.com/23skdu/longbow/internal/simd/simd_blocked.go:431.35,433.3 1 0
github.com/23skdu/longbow/internal/simd/simd_blocked.go:435.2,437.20 3 0
github.com/23skdu/longbow/internal/simd/simd_blocked.go:437.20,439.3 1 0
github.com/23skdu/longbow/internal/simd/simd_blocked.go:441.2,442.46 2 0
github.com/23skdu/longbow/internal/simd/simd_blocked.go:442.46,443.36 1 0
github.com/23skdu/longbow/internal/simd/simd_blocked.go:443.36,445.4 1 0
github.com/23skdu/longbow/internal/simd/simd_blocked.go:449.2,449.24 1 0
github.com/23skdu/longbow/internal/simd/simd_blocked.go:449.24,451.3 1 0
github.com/23skdu/longbow/internal/simd/simd_blocked.go:453.2,453.26 1 0
github.com/23skdu/longbow/internal/simd/simd_blocked.go:457.59,458.22 1 0
github.com/23skdu/longbow/internal/simd/simd_blocked.go:458.22,460.3 1 0
github.com/23skdu/longbow/internal/simd/simd_blocked.go:461.2,461.17 1 0
github.com/23skdu/longbow/internal/simd/simd_blocked.go:461.17,463.3 1 0
github.com/23skdu/longbow/internal/simd/simd_blocked.go:464.2,464.35 1 0
github.com/23skdu/longbow/internal/simd/simd_blocked.go:464.35,466.3 1 0
github.com/23skdu/longbow/internal/simd/simd_blocked.go:468.2,470.20 3 0
github.com/23skdu/longbow/internal/simd/simd_blocked.go:470.20,472.3 1 0
github.com/23skdu/longbow/internal/simd/simd_blocked.go:474.2,475.46 2 0
github.com/23skdu/longbow/internal/simd/simd_blocked.go:475.46,476.36 1 0
github.com/23skdu/longbow/internal/simd/simd_blocked.go:476.36,479.4 2 0
github.com/23skdu/longbow/internal/simd/simd_blocked.go:483.2,483.24 1 0
github.com/23skdu/longbow/internal/simd/simd_blocked.go:483.24,486.3 2 0
github.com/23skdu/longbow/internal/simd/simd_blocked.go:488.2,488.37 1 0
github.com/23skdu/longbow/internal/simd/simd_blocked.go:496.60,497.22 1 0
github.com/23skdu/longbow/internal/simd/simd_blocked.go:497.22,499.3 1 0
github.com/23skdu/longbow/internal/simd/simd_blocked.go:500.2,500.17 1 0
github.com/23skdu/longbow/internal/simd/simd_blocked.go:500.17,502.3 1 0
github.com/23skdu/longbow/internal/simd/simd_blocked.go:503.2,503.35 1 0
github.com/23skdu/longbow/internal/simd/simd_blocked.go:503.35,505.3 1 0
github.com/23skdu/longbow/internal/simd/simd_blocked.go:507.2,509.20 3 0
github.com/23skdu/longbow/internal/simd/simd_blocked.go:509.20,511.3 1 0
github.com/23skdu/longbow/internal/simd/simd_blocked.go:513.2,514.46 2 0
github.com/23skdu/longbow/internal/simd/simd_blocked.go:514.46,515.36 1 0
github.com/23skdu/longbow/internal/simd/simd_blocked.go:515.36,517.4 1 0
github.com/23skdu/longbow/internal/simd/simd_blocked.go:521.2,521.24 1 0
github.com/23skdu/longbow/internal/simd/simd_blocked.go:521.24,523.3 1 0
github.com/23skdu/longbow/internal/simd/simd_blocked.go:525.2,525.26 1 0
github.com/23skdu/longbow/internal/simd/simd_blocked.go:529.59,530.22 1 0
github.com/23skdu/longbow/internal/simd/simd_blocked.go:530.22,532.3 1 0
github.com/23skdu/longbow/internal/simd/simd_blocked.go:533.2,533.17 1 0
github.com/23skdu/longbow/internal/simd/simd_blocked.go:533.17,535.3 1 0
github.com/23skdu/longbow/internal/simd/simd_blocked.go:536.2,536.35 1 0
github.com/23skdu/longbow/internal/simd/simd_blocked.go:536.35,538.3 1 0
github.com/23skdu/longbow/internal/simd/simd_blocked.go:540.2,542.20 3 0
github.com/23skdu/longbow/internal/simd/simd_blocked.go:542.20,544.3 1 0
github.com/23skdu/longbow/internal/simd/simd_blocked.go:546.2,547.46 2 0
github.com/23skdu/longbow/internal/simd/simd_blocked.go:547.46,548.36 1 0
github.com/23skdu/longbow/internal/simd/simd_blocked.go:548.36,551.4 2 0
github.com/23skdu/longbow/internal/simd/simd_blocked.go:555.2,555.24 1 0
github.com/23skdu/longbow/internal/simd/simd_blocked.go:555.24,558.3 2 0
github.com/23skdu/longbow/internal/simd/simd_blocked.go:560.2,560.37 1 0
github.com/23skdu/longbow/internal/simd/simd_blocked.go:568.58,569.22 1 0
github.com/23skdu/longbow/internal/simd/simd_blocked.go:569.22,571.3 1 0
github.com/23skdu/longbow/internal/simd/simd_blocked.go:572.2,572.17 1 0
github.com/23skdu/longbow/internal/simd/simd_blocked.go:572.17,574.3 1 0
github.com/23skdu/longbow/internal/simd/simd_blocked.go:575.2,575.35 1 0
github.com/23skdu/longbow/internal/simd/simd_blocked.go:575.35,577.3 1 0
github.com/23skdu/longbow/internal/simd/simd_blocked.go:579.2,581.20 3 0
github.com/23skdu/longbow/internal/simd/simd_blocked.go:581.20,583.3 1 0
github.com/23skdu/longbow/internal/simd/simd_blocked.go:585.2,586.46 2 0
github.com/23skdu/longbow/internal/simd/simd_blocked.go:586.46,587.36 1 0
github.com/23skdu/longbow/internal/simd/simd_blocked.go:587.36,589.4 1 0
github.com/23skdu/longbow/internal/simd/simd_blocked.go:593.2,593.24 1 0
github.com/23skdu/longbow/internal/simd/simd_blocked.go:593.24,595.3 1 0
github.com/23skdu/longbow/internal/simd/simd_blocked.go:597.2,597.26 1 0
github.com/23skdu/longbow/internal/simd/simd_blocked.go:601.57,602.22 1 0
github.com/23skdu/longbow/internal/simd/simd_blocked.go:602.22,604.3 1 0
github.com/23skdu/longbow/internal/simd/simd_blocked.go:605.2,605.17 1 0
github.com/23skdu/longbow/internal/simd/simd_blocked.go:605.17,607.3 1 0
github.com/23skdu/longbow/internal/simd/simd_blocked.go:608.2,608.35 1 0
github.com/23skdu/longbow/internal/simd/simd_blocked.go:608.35,610.3 1 0
github.com/23skdu/longbow/internal/simd/simd_blocked.go:612.2,614.20 3 0
github.com/23skdu/longbow/internal/simd/simd_blocked.go:614.20,616.3 1 0
github.com/23skdu/longbow/internal/simd/simd_blocked.go:618.2,619.46 2 0
github.com/23skdu/longbow/internal/simd/simd_blocked.go:619.46,620.36 1 0
github.com/23skdu/longbow/internal/simd/simd_blocked.go:620.36,623.4 2 0
github.com/23skdu/longbow/internal/simd/simd_blocked.go:627.2,627.24 1 0
github.com/23skdu/longbow/internal/simd/simd_blocked.go:627.24,630.3 2 0
github.com/23skdu/longbow/internal/simd/simd_blocked.go:632.2,632.37 1 0
github.com/23skdu/longbow/internal/simd/simd_blocked.go:640.61,641.22 1 0
github.com/23skdu/longbow/internal/simd/simd_blocked.go:641.22,643.3 1 0
github.com/23skdu/longbow/internal/simd/simd_blocked.go:644.2,644.17 1 0
github.com/23skdu/longbow/internal/simd/simd_blocked.go:644.17,646.3 1 0
github.com/23skdu/longbow/internal/simd/simd_blocked.go:648.2,650.20 3 0
github.com/23skdu/longbow/internal/simd/simd_blocked.go:650.20,652.3 1 0
github.com/23skdu/longbow/internal/simd/simd_blocked.go:654.2,655.46 2 0
github.com/23skdu/longbow/internal/simd/simd_blocked.go:655.46,656.36 1 0
github.com/23skdu/longbow/internal/simd/simd_blocked.go:656.36,659.4 2 0
github.com/23skdu/longbow/internal/simd/simd_blocked.go:662.2,662.24 1 0
github.com/23skdu/longbow/internal/simd/simd_blocked.go:662.24,665.3 2 0
github.com/23skdu/longbow/internal/simd/simd_blocked.go:667.2,667.37 1 0
github.com/23skdu/longbow/internal/simd/simd_blocked.go:671.62,672.22 1 0
github.com/23skdu/longbow/internal/simd/simd_blocked.go:672.22,674.3 1 0
github.com/23skdu/longbow/internal/simd/simd_blocked.go:675.2,675.17 1 0
github.com/23skdu/longbow/internal/simd/simd_blocked.go:675.17,677.3 1 0
github.com/23skdu/longbow/internal/simd/simd_blocked.go:679.2,683.46 4 0
github.com/23skdu/longbow/internal/simd/simd_blocked.go:683.46,684.36 1 0
github.com/23skdu/longbow/internal/simd/simd_blocked.go:684.36,686.4 1 0
github.com/23skdu/longbow/internal/simd/simd_blocked.go:689.2,689.24 1 0
github.com/23skdu/longbow/internal/simd/simd_blocked.go:689.24,691.3 1 0
github.com/23skdu/longbow/internal/simd/simd_blocked.go:693.2,693.26 1 0
github.com/23skdu/longbow/internal/simd/simd_blocked.go:701.61,702.22 1 0
github.com/23skdu/longbow/internal/simd/simd_blocked.go:702.22,704.3 1 0
github.com/23skdu/longbow/internal/simd/simd_blocked.go:705.2,705.17 1 0
github.com/23skdu/longbow/internal/simd/simd_blocked.go:705.17,707.3 1 0
github.com/23skdu/longbow/internal/simd/simd_blocked.go:709.2,711.20 3 0
github.com/23skdu/longbow/internal/simd/simd_blocked.go:711.20,713.3 1 0
github.com/23skdu/longbow/internal/simd/simd_blocked.go:715.2,716.46 2 0
github.com/23skdu/longbow/internal/simd/simd_blocked.go:716.46,717.36 1 0
github.com/23skdu/longbow/internal/simd/simd_blocked.go:717.36,720.4 2 0
github.com/23skdu/longbow/internal/simd/simd_blocked.go:723.2,723.24 1 0
github.com/23skdu/longbow/internal/simd/simd_blocked.go:723.24,726.3 2 0
github.com/23skdu/longbow/internal/simd/simd_blocked.go:728.2,728.37 1 0
github.com/23skdu/longbow/internal/simd/simd_blocked.go:732.62,733.22 1 0
github.com/23skdu/longbow/internal/simd/simd_blocked.go:733.22,735.3 1 0
github.com/23skdu/longbow/internal/simd/simd_blocked.go:736.2,736.17 1 0
github.com/23skdu/longbow/internal/simd/simd_blocked.go:736.17,738.3 1 0
github.com/23skdu/longbow/internal/simd/simd_blocked.go:740.2,744.46 4 0
github.com/23skdu/longbow/internal/simd/simd_blocked.go:744.46,745.36 1 0
github.com/23skdu/longbow/internal/simd/simd_blocked.go:745.36,747.4 1 0
github.com/23skdu/longbow/internal/simd/simd_blocked.go:750.2,750.24 1 0
github.com/23skdu/longbow/internal/simd/simd_blocked.go:750.24,752.3 1 0
github.com/23skdu/longbow/internal/simd/simd_blocked.go:754.2,754.26 1 0
github.com/23skdu/longbow/internal/simd/simd_blocked.go:762.59,763.22 1 0
github.com/23skdu/longbow/internal/simd/simd_blocked.go:763.22,765.3 1 0
github.com/23skdu/longbow/internal/simd/simd_blocked.go:766.2,766.17 1 0
github.com/23skdu/longbow/internal/simd/simd_blocked.go:766.17,768.3 1 0
github.com/23skdu/longbow/internal/simd/simd_blocked.go:770.2,772.20 3 0
github.com/23skdu/longbow/internal/simd/simd_blocked.go:772.20,774.3 1 0
github.com/23skdu/longbow/internal/simd/simd_blocked.go:776.2,777.46 2 0
github.com/23skdu/longbow/internal/simd/simd_blocked.go:777.46,778.36 1 0
github.com/23skdu/longbow/internal/simd/simd_blocked.go:778.36,781.4 2 0
github.com/23skdu/longbow/internal/simd/simd_blocked.go:784.2,784.24 1 0
github.com/23skdu/longbow/internal/simd/simd_blocked.go:784.24,787.3 2 0
github.com/23skdu/longbow/internal/simd/simd_blocked.go:789.2,789.37 1 0
github.com/23skdu/longbow/internal/simd/simd_blocked.go:793.60,794.22 1 0
github.com/23skdu/longbow/internal/simd/simd_blocked.go:794.22,796.3 1 0
github.com/23skdu/longbow/internal/simd/simd_blocked.go:797.2,797.17 1 0
github.com/23skdu/longbow/internal/simd/simd_blocked.go:797.17,799.3 1 0
github.com/23skdu/longbow/internal/simd/simd_blocked.go:801.2,805.46 4 0
github.com/23skdu/longbow/internal/simd/simd_blocked.go:805.46,806.36 1 0
github.com/23skdu/longbow/internal/simd/simd_blocked.go:806.36,808.4 1 0
github.com/23skdu/longbow/internal/simd/simd_blocked.go:811.2,811.24 1 0
github.com/23skdu/longbow/internal/simd/simd_blocked.go:811.24,813.3 1 0
github.com/23skdu/longbow/internal/simd/simd_blocked.go:815.2,815.26 1 0
github.com/23skdu/longbow/internal/simd/simd_blocked.go:823.61,824.22 1 0
github.com/23skdu/longbow/internal/simd/simd_blocked.go:824.22,826.3 1 0
github.com/23skdu/longbow/internal/simd/simd_blocked.go:827.2,827.17 1 0
github.com/23skdu/longbow/internal/simd/simd_blocked.go:827.17,829.3 1 0
github.com/23skdu/longbow/internal/simd/simd_blocked.go:831.2,833.20 3 0
github.com/23skdu/longbow/internal/simd/simd_blocked.go:833.20,835.3 1 0
github.com/23skdu/longbow/internal/simd/simd_blocked.go:837.2,838.46 2 0
github.com/23skdu/longbow/internal/simd/simd_blocked.go:838.46,839.36 1 0
github.com/23skdu/longbow/internal/simd/simd_blocked.go:839.36,842.4 2 0
github.com/23skdu/longbow/internal/simd/simd_blocked.go:845.2,845.24 1 0
github.com/23skdu/longbow/internal/simd/simd_blocked.go:845.24,848.3 2 0
github.com/23skdu/longbow/internal/simd/simd_blocked.go:850.2,850.37 1 0
github.com/23skdu/longbow/internal/simd/simd_blocked.go:854.62,855.22 1 0
github.com/23skdu/longbow/internal/simd/simd_blocked.go:855.22,857.3 1 0
github.com/23skdu/longbow/internal/simd/simd_blocked.go:858.2,858.17 1 0
github.com/23skdu/longbow/internal/simd/simd_blocked.go:858.17,860.3 1 0
github.com/23skdu/longbow/internal/simd/simd_blocked.go:862.2,866.46 4 0
github.com/23skdu/longbow/internal/simd/simd_blocked.go:866.46,867.36 1 0
github.com/23skdu/longbow/internal/simd/simd_blocked.go:867.36,869.4 1 0
github.com/23skdu/longbow/internal/simd/simd_blocked.go:872.2,872.24 1 0
github.com/23skdu/longbow/internal/simd/simd_blocked.go:872.24,874.3 1 0
github.com/23skdu/longbow/internal/simd/simd_blocked.go:876.2,876.26 1 0
github.com/23skdu/longbow/internal/simd/simd_fma_other.go:11.53,12.22 1 0
github.com/23skdu/longbow/internal/simd/simd_fma_other.go:12.22,14.3 1 0
github.com/23skdu/longbow/internal/simd/simd_fma_other.go:15.2,16.19 2 0
github.com/23skdu/longbow/internal/simd/simd_fma_other.go:16.19,18.3 1 0
github.com/23skdu/longbow/internal/simd/simd_fma_other.go:19.2,19.17 1 0
github.com/23skdu/longbow/internal/simd/simd_fma_other.go:23.60,24.22 1 0
github.com/23skdu/longbow/internal/simd/simd_fma_other.go:24.22,26.3 1 0
github.com/23skdu/longbow/internal/simd/simd_fma_other.go:27.2,28.19 2 0
github.com/23skdu/longbow/internal/simd/simd_fma_other.go:28.19,31.3 2 0
github.com/23skdu/longbow/internal/simd/simd_fma_other.go:32.2,32.17 1 0
github.com/23skdu/longbow/internal/simd/simd_fma_other.go:36.57,37.22 1 0
github.com/23skdu/longbow/internal/simd/simd_fma_other.go:37.22,39.3 1 0
github.com/23skdu/longbow/internal/simd/simd_fma_other.go:40.2,40.17 1 0
github.com/23skdu/longbow/internal/simd/simd_fma_other.go:40.17,42.3 1 0
github.com/23skdu/longbow/internal/simd/simd_fma_other.go:43.2,44.19 2 0
github.com/23skdu/longbow/internal/simd/simd_fma_other.go:44.19,48.3 3 0
github.com/23skdu/longbow/internal/simd/simd_fma_other.go:49.2,49.30 1 0
github.com/23skdu/longbow/internal/simd/simd_fma_other.go:49.30,51.3 1 0
github.com/23skdu/longbow/internal/simd/simd_fma_other.go:52.2,52.55 1 0
github.com/23skdu/longbow/internal/simd/simd_generic.go:5.41,5.42 0 1
github.com/23skdu/longbow/internal/simd/simd_optimized.go:8.69,9.22 1 0
github.com/23skdu/longbow/internal/simd/simd_optimized.go:9.22,11.3 1 0
github.com/23skdu/longbow/internal/simd/simd_optimized.go:12.2,12.17 1 0
github.com/23skdu/longbow/internal/simd/simd_optimized.go:12.17,14.3 1 0
github.com/23skdu/longbow/internal/simd/simd_optimized.go:16.2,20.40 3 0
github.com/23skdu/longbow/internal/simd/simd_stubs.go:14.77,16.2 1 1
github.com/23skdu/longbow/internal/simd/simd_stubs.go:18.83,20.2 1 1
github.com/23skdu/longbow/internal/simd/simd_stubs.go:22.83,24.2 1 1
github.com/23skdu/longbow/internal/simd/simd_stubs.go:26.85,28.2 1 1
github.com/23skdu/longbow/internal/simd/simd_stubs.go:30.79,32.2 1 1
github.com/23skdu/longbow/internal/simd/simd_stubs.go:34.85,36.2 1 1
github.com/23skdu/longbow/internal/simd/simd_stubs.go:38.86,40.2 1 1
github.com/23skdu/longbow/internal/simd/simd_stubs.go:42.88,44.2 1 1
github.com/23skdu/longbow/internal/simd/simd_stubs.go:46.86,48.2 1 1
github.com/23skdu/longbow/internal/simd/simd_stubs.go:50.59,50.92 1 1
github.com/23skdu/longbow/internal/simd/simd_stubs.go:51.59,51.92 1 1
github.com/23skdu/longbow/internal/simd/simd_stubs.go:52.59,52.89 1 1
github.com/23skdu/longbow/internal/simd/simd_stubs.go:53.59,53.89 1 1
github.com/23skdu/longbow/internal/simd/simd_stubs.go:54.59,54.86 1 1
github.com/23skdu/longbow/internal/simd/simd_stubs.go:55.59,55.86 1 1
github.com/23skdu/longbow/internal/simd/simd_stubs.go:56.59,56.92 1 1
github.com/23skdu/longbow/internal/simd/simd_stubs.go:57.59,57.92 1 1
github.com/23skdu/longbow/internal/simd/simd_stubs.go:58.59,58.92 1 1
github.com/23skdu/longbow/internal/simd/simd_stubs.go:60.57,60.90 1 1
github.com/23skdu/longbow/internal/simd/simd_stubs.go:61.57,61.90 1 1
github.com/23skdu/longbow/internal/simd/simd_stubs.go:62.57,62.90 1 1
github.com/23skdu/longbow/internal/simd/simd_stubs.go:64.53,64.80 1 1
github.com/23skdu/longbow/internal/simd/simd_stubs.go:65.53,65.80 1 1
github.com/23skdu/longbow/internal/simd/simd_stubs.go:66.53,66.80 1 1
github.com/23skdu/longbow/internal/simd/simd_stubs.go:68.88,70.2 1 1
github.com/23skdu/longbow/internal/simd/simd_stubs.go:71.90,73.2 1 1
github.com/23skdu/longbow/internal/simd/simd_stubs.go:74.82,76.2 1 1
github.com/23skdu/longbow/internal/simd/simd_stubs.go:77.84,79.2 1 1
github.com/23skdu/longbow/internal/simd/simd_stubs.go:80.85,82.2 1 1
github.com/23skdu/longbow/internal/simd/simd_stubs.go:83.87,85.2 1 1
github.com/23skdu/longbow/internal/simd/simd_stubs.go:87.96,89.2 1 1
github.com/23skdu/longbow/internal/simd/simd_stubs.go:91.98,93.2 1 1
github.com/23skdu/longbow/internal/simd/simd_stubs.go:95.37,95.38 0 1
github.com/23skdu/longbow/internal/simd/simd_stubs.go:97.60,99.2 1 1
github.com/23skdu/longbow/internal/simd/simd_stubs.go:100.62,102.2 1 1
github.com/23skdu/longbow/internal/simd/simd_stubs.go:103.56,103.102 1 1
github.com/23skdu/longbow/internal/simd/simd_stubs.go:104.56,104.102 1 1
github.com/23skdu/longbow/internal/simd/simd_stubs.go:106.55,106.88 1 1
github.com/23skdu/longbow/internal/simd/simd_stubs.go:107.55,107.88 1 1
github.com/23skdu/longbow/internal/simd/simd_stubs.go:109.85,111.2 1 1
github.com/23skdu/longbow/internal/simd/simd_stubs.go:113.87,115.2 1 1
github.com/23skdu/longbow/internal/simd/simd_stubs.go:117.99,119.2 1 1
github.com/23skdu/longbow/internal/simd/simd_stubs.go:121.101,123.2 1 1
github.com/23skdu/longbow/internal/simd/simd_stubs.go:125.36,125.65 1 1
github.com/23skdu/longbow/internal/simd/simd_stubs.go:126.36,126.64 1 1
github.com/23skdu/longbow/internal/simd/simd_stubs.go:127.38,127.71 1 1
github.com/23skdu/longbow/internal/simd/simd_stubs.go:129.56,129.93 1 1
github.com/23skdu/longbow/internal/simd/simd_stubs.go:130.56,130.93 1 1
github.com/23skdu/longbow/internal/simd/simd_stubs.go:132.64,132.97 1 1
github.com/23skdu/longbow/internal/simd/simd_stubs.go:133.64,133.94 1 1
github.com/23skdu/longbow/internal/simd/simd_stubs_amd64_f16.go:9.62,9.101 1 1
github.com/23skdu/longbow/internal/simd/simd_stubs_amd64_f16.go:10.62,10.101 1 1
github.com/23skdu/longbow/internal/simd/simd_stubs_amd64_f16.go:11.62,11.95 1 1
github.com/23skdu/longbow/internal/simd/simd_stubs_amd64_f16.go:12.62,12.95 1 1
github.com/23skdu/longbow/internal/simd/simd_stubs_amd64_f16.go:13.62,13.98 1 1
github.com/23skdu/longbow/internal/simd/simd_stubs_amd64_f16.go:14.62,14.98 1 1
github.com/23skdu/longbow/internal/simd/simd_v23_compatibility.go:11.58,15.2 1 0
github.com/23skdu/longbow/internal/simd/simd_v23_compatibility.go:17.61,19.2 1 0
github.com/23skdu/longbow/internal/simd/simd_v23_compatibility.go:21.56,23.2 1 0
github.com/23skdu/longbow/internal/simd/simd_v23_compatibility.go:25.66,26.26 1 0
github.com/23skdu/longbow/internal/simd/simd_v23_compatibility.go:26.26,28.3 1 0
github.com/23skdu/longbow/internal/simd/simd_v23_compatibility.go:29.2,29.16 1 0
github.com/23skdu/longbow/internal/simd/simd_v23_compatibility.go:32.73,33.27 1 0
github.com/23skdu/longbow/internal/simd/simd_v23_compatibility.go:33.27,35.3 1 0
github.com/23skdu/longbow/internal/simd/simd_v23_compatibility.go:36.2,36.12 1 0
github.com/23skdu/longbow/internal/simd/simd_v23_compatibility.go:39.74,40.27 1 0
github.com/23skdu/longbow/internal/simd/simd_v23_compatibility.go:40.27,42.3 1 0
github.com/23skdu/longbow/internal/simd/simd_v23_compatibility.go:43.2,43.12 1 0
github.com/23skdu/longbow/internal/simd/simd_v23_compatibility.go:46.69,47.27 1 0
github.com/23skdu/longbow/internal/simd/simd_v23_compatibility.go:47.27,49.3 1 0
github.com/23skdu/longbow/internal/simd/simd_v23_compatibility.go:50.2,50.12 1 0
github.com/23skdu/longbow/internal/simd/simd_v23_compatibility.go:53.68,54.27 1 0
github.com/23skdu/longbow/internal/simd/simd_v23_compatibility.go:54.27,56.3 1 0
github.com/23skdu/longbow/internal/simd/simd_v23_compatibility.go:57.2,57.12 1 0
github.com/23skdu/longbow/internal/simd/simd_v23_compatibility.go:60.68,61.27 1 0
github.com/23skdu/longbow/internal/simd/simd_v23_compatibility.go:61.27,63.3 1 0
github.com/23skdu/longbow/internal/simd/simd_v23_compatibility.go:64.2,64.12 1 0
github.com/23skdu/longbow/internal/simd/simd_v23_compatibility.go:67.58,69.2 1 0
github.com/23skdu/longbow/internal/simd/simd_v23_compatibility.go:71.67,79.2 1 0
github.com/23skdu/longbow/internal/simd/simd_v23_compatibility.go:81.64,83.2 1 0
github.com/23skdu/longbow/internal/simd/simd_v23_compatibility.go:89.67,91.2 1 0
github.com/23skdu/longbow/internal/simd/simd_v23_compatibility.go:93.55,95.2 1 0
github.com/23skdu/longbow/internal/simd/simd_v23_compatibility.go:97.65,99.2 1 0
github.com/23skdu/longbow/internal/simd/simd_v23_compatibility.go:107.79,113.2 1 0
github.com/23skdu/longbow/internal/simd/simd_v23_compatibility.go:115.81,116.2 0 0
github.com/23skdu/longbow/internal/simd/sq8.go:10.13,25.2 1 1
github.com/23skdu/longbow/internal/simd/sq8.go:37.55,38.22 1 1
github.com/23skdu/longbow/internal/simd/sq8.go:38.22,40.3 1 0
github.com/23skdu/longbow/internal/simd/sq8.go:42.2,42.31 1 1
github.com/23skdu/longbow/internal/simd/sq8.go:45.54,49.30 3 1
github.com/23skdu/longbow/internal/simd/sq8.go:49.30,59.3 9 1
github.com/23skdu/longbow/internal/simd/sq8.go:61.2,61.24 1 1
github.com/23skdu/longbow/internal/simd/sq8.go:61.24,64.3 2 1
github.com/23skdu/longbow/internal/simd/sq8.go:65.2,65.17 1 1
github.com/23skdu/longbow/internal/simd/sq8.go:70.69,72.22 2 1
github.com/23skdu/longbow/internal/simd/sq8.go:72.22,74.3 1 0
github.com/23skdu/longbow/internal/simd/sq8.go:76.2,76.24 1 1
github.com/23skdu/longbow/internal/simd/sq8.go:76.24,78.14 2 1
github.com/23skdu/longbow/internal/simd/sq8.go:78.14,80.4 1 1
github.com/23skdu/longbow/internal/simd/sq8.go:81.3,81.16 1 1
github.com/23skdu/longbow/internal/simd/sq8.go:81.16,83.4 1 1
github.com/23skdu/longbow/internal/simd/sq8.go:84.3,84.21 1 1
github.com/23skdu/longbow/internal/simd/sq8.go:89.60,90.19 1 1
github.com/23skdu/longbow/internal/simd/sq8.go:90.19,92.3 1 1
github.com/23skdu/longbow/internal/simd/sq8.go:93.2,95.28 3 1
github.com/23skdu/longbow/internal/simd/sq8.go:95.28,96.17 1 1
github.com/23skdu/longbow/internal/simd/sq8.go:96.17,98.4 1 1
github.com/23skdu/longbow/internal/simd/sq8.go:99.3,99.17 1 1
github.com/23skdu/longbow/internal/simd/sq8.go:99.17,101.4 1 1
github.com/23skdu/longbow/internal/simd/sq8.go:103.2,103.23 1 1
github.com/23skdu/longbow/internal/simd/sq8_arm64.go:10.13,11.22 1 1
github.com/23skdu/longbow/internal/simd/sq8_arm64.go:11.22,13.3 1 1
github.com/23skdu/longbow/internal/simd/sq8_arm64.go:19.51,20.22 1 1
github.com/23skdu/longbow/internal/simd/sq8_arm64.go:20.22,22.3 1 0
github.com/23skdu/longbow/internal/simd/sq8_arm64.go:23.2,23.17 1 1
github.com/23skdu/longbow/internal/simd/sq8_arm64.go:23.17,25.3 1 1
github.com/23skdu/longbow/internal/simd/sq8_arm64.go:26.2,26.90 1 1
